source_row,date,home_team_raw,away_team_raw,home_goals_raw,away_goals_raw,round_raw,group,home_team,away_team,home_goals,away_goals,has_score_annotation,season_start,round,phase,result,home_win,goal_difference,source,home_elo_pre,away_elo_pre,elo_diff_pre,elo_expected_home_score,home_alltime_Rank,home_alltime_Matches,home_alltime_win_rate,home_alltime_points_per_match,home_alltime_Goals_per_match,home_alltime_Goals_conceded_per_match,home_alltime_goal_difference_per_match,home_alltime_alltime_elo_proxy,away_alltime_Rank,away_alltime_Matches,away_alltime_win_rate,away_alltime_points_per_match,away_alltime_Goals_per_match,away_alltime_Goals_conceded_per_match,away_alltime_goal_difference_per_match,away_alltime_alltime_elo_proxy,alltime_elo_proxy_diff,alltime_win_rate_diff,alltime_ppm_diff,alltime_goals_per_match_diff,alltime_conceded_per_match_diff
8,2005-09-13,Milan,Fenerbahçe,3,1,round : 1,E,AC Milan,Fenerbahçe,3,1,False,2005,1,Group,H,1,2,detailed_2005_2021,1500.0,1500.0,0.0,0.5,6,265,0.47924528301886793,1.6981132075471699,1.6264150943396227,0.981132075471698,0.6452830188679245,1571.7,61,73,0.273972602739726,0.958904109589041,1.0136986301369864,1.9452054794520548,-0.9315068493150684,1412.3,159.4000000000001,0.20527268027914192,0.7392090979581288,0.6127164642026364,-0.9640734039803568
9,2005-09-13,PSV Eindhoven,FC Schalke 04,1,0,round : 1,E,PSV Eindhoven,FC Schalke 04,1,0,False,2005,1,Group,H,1,1,detailed_2005_2021,1500.0,1500.0,0.0,0.5,19,171,0.3391812865497076,1.2690058479532165,1.2456140350877194,1.3099415204678362,-0.06432748538011696,1478.1,40,73,0.3972602739726027,1.4246575342465753,1.4383561643835616,1.5205479452054795,-0.0821917808219178,1507.5,-29.40000000000009,-0.058078987422895134,-0.1556516862933588,-0.19274212929584222,-0.21060642473764335
10,2005-09-13,Olympiacos,Rosenborg BK,1,3,round : 1,F,Olympiakos Piraeus,Rosenborg BK,1,3,False,2005,1,Group,A,0,-2,detailed_2005_2021,1500.0,1500.0,0.0,0.5,25,156,0.30128205128205127,1.0833333333333333,1.1282051282051282,1.698717948717949,-0.5705128205128205,1432.0,50,90,0.23333333333333334,0.9333333333333333,1.2333333333333334,1.9333333333333331,-0.7,1412.9,19.09999999999991,0.06794871794871793,0.1499999999999999,-0.1051282051282052,-0.23461538461538423
11,2005-09-13,Olympique Lyonnais,Real Madrid,3,0,round : 1,F,Olympique Lyon,Real Madrid,3,0,False,2005,1,Group,H,1,3,detailed_2005_2021,1500.0,1500.0,0.0,0.5,21,136,0.4264705882352941,1.5441176470588236,1.588235294117647,1.2279411764705883,0.3602941176470588,1535.8,1,486,0.5987654320987654,1.97119341563786,2.213991769547325,1.117283950617284,1.0967078189300412,1630.0,-94.20000000000005,-0.17229484386347133,-0.4270757685790365,-0.625756475429678,0.11065722585330429
12,2005-09-13,Chelsea,RSC Anderlecht,1,0,round : 1,G,Chelsea FC,RSC Anderlecht,1,0,False,2005,1,Group,H,1,1,detailed_2005_2021,1500.0,1500.0,0.0,0.5,10,197,0.5126903553299492,1.8020304568527918,1.7106598984771573,0.934010152284264,0.7766497461928934,1593.5,22,163,0.32515337423312884,1.1901840490797546,1.3312883435582823,1.7239263803680982,-0.39263803680981596,1458.0,135.5,0.18753698109682038,0.6118464077730372,0.379371554918875,-0.7899162280838342
13,2005-09-13,Real Betis Balompié,Liverpool,1,2,round : 1,G,Real Betis,Liverpool FC,1,2,False,2005,1,Group,A,0,-1,detailed_2005_2021,1500.0,1500.0,0.0,0.5,201,6,0.3333333333333333,1.1666666666666667,0.5,1.1666666666666667,-0.6666666666666666,1486.6,7,230,0.5565217391304348,1.8782608695652174,1.891304347826087,0.9608695652173912,0.9304347826086956,1606.0,-119.40000000000009,-0.22318840579710147,-0.7115942028985507,-1.391304347826087,0.20579710144927554
14,2005-09-13,FC Petrzalka 1898,Inter,0,1,round : 1,H,FC Petržalka,Inter Milan,0,1,False,2005,1,Group,A,0,-1,detailed_2005_2021,1500.0,1500.0,0.0,0.5,214,6,0.16666666666666666,1.0,0.8333333333333334,1.5,-0.6666666666666666,1486.6,12,203,0.47783251231527096,1.6945812807881773,1.4088669950738917,1.0295566502463054,0.3793103448275862,1569.5,-82.90000000000009,-0.3111658456486043,-0.6945812807881773,-0.5755336617405583,0.4704433497536946
15,2005-09-13,Rangers,FC Porto,3,2,round : 1,H,Rangers FC,FC Porto,3,2,False,2005,1,Group,H,1,1,detailed_2005_2021,1500.0,1500.0,0.0,0.5,26,131,0.3282442748091603,1.2213740458015268,1.3206106870229009,1.6564885496183206,-0.33587786259541985,1467.7,8,265,0.4528301886792453,1.5773584905660378,1.4792452830188678,1.1547169811320754,0.32452830188679244,1540.4,-72.70000000000005,-0.124585913870085,-0.3559844447645111,-0.15863459599596696,0.5017715684862452
0,2005-09-14,Club Brugge,Juventus,1,2,round : 1,A,Club Brugge KV,Juventus,1,2,False,2005,1,Group,A,0,-1,detailed_2005_2021,1500.0,1500.0,0.0,0.5,38,97,0.31958762886597936,1.1855670103092784,1.1855670103092784,1.4845360824742269,-0.29896907216494845,1461.2,5,297,0.5084175084175084,1.754208754208754,1.589225589225589,1.0134680134680134,0.5757575757575758,1581.5,-120.29999999999995,-0.18882987955152908,-0.5686417438994757,-0.40365857891631074,0.47106806900621345
1,2005-09-14,SK Rapid Wien,Bayern München,0,1,round : 1,A,Rapid Wien,Bayern Munich,0,1,False,2005,1,Group,A,0,-1,detailed_2005_2021,1500.0,1500.0,0.0,0.5,55,61,0.39344262295081966,1.2622950819672132,1.540983606557377,1.6229508196721312,-0.08196721311475409,1465.6,2,388,0.595360824742268,1.9871134020618557,2.105670103092784,1.0051546391752575,1.1005154639175259,1636.0,-170.4000000000001,-0.20191820179144837,-0.7248183200946425,-0.564686496535407,0.6177961804968737
2,2005-09-14,Arsenal,FC Thun,2,1,round : 1,B,Arsenal FC,FC Thun Berner Oberland,2,1,False,2005,1,Group,H,1,1,detailed_2005_2021,1500.0,1500.0,0.0,0.5,13,197,0.4720812182741117,1.6395939086294415,1.6446700507614214,1.1472081218274113,0.49746192893401014,1553.2,236,6,0.16666666666666666,0.6666666666666666,0.6666666666666666,1.5,-0.8333333333333334,1459.7,93.5,0.305414551607445,0.9729272419627749,0.9780033840947547,-0.3527918781725887
3,2005-09-14,Sparta Praha,Ajax,1,1,round : 1,B,AC Sparta Praha,AFC Ajax,1,1,False,2005,1,Group,D,0,0,detailed_2005_2021,1500.0,1500.0,0.0,0.5,35,102,0.3235294117647059,1.2058823529411764,1.2745098039215683,1.5098039215686274,-0.23529411764705882,1465.7,11,215,0.46511627906976744,1.627906976744186,1.613953488372093,1.1255813953488372,0.4883720930232558,1552.1,-86.39999999999986,-0.14158686730506154,-0.42202462380300965,-0.33944368445052464,0.38422252621979025
4,2005-09-14,Udinese,Panathinaikos,3,0,round : 1,C,Udinese Calcio,Panathinaikos,3,0,False,2005,1,Group,H,1,3,detailed_2005_2021,1500.0,1500.0,0.0,0.5,198,6,0.3333333333333333,1.1666666666666667,1.6666666666666667,2.0,-0.3333333333333333,1486.6,30,127,0.28346456692913385,1.141732283464567,1.0866141732283463,1.3937007874015748,-0.30708661417322836,1457.2,29.399999999999864,0.04986876640419946,0.02493438320209984,0.5800524934383204,0.6062992125984252
5,2005-09-14,Werder Bremen,Barcelona,0,2,round : 1,C,Werder Bremen,FC Barcelona,0,2,False,2005,1,Group,A,0,-2,detailed_2005_2021,1500.0,1500.0,0.0,0.5,51,60,0.38333333333333336,1.3833333333333333,1.6,1.65,-0.05,1500.0,3,341,0.5747800586510264,1.9501466275659824,1.9794721407624636,1.0439882697947214,0.9354838709677419,1628.8,-128.79999999999995,-0.19144672531769308,-0.5668132942326491,-0.3794721407624635,0.6060117302052785
6,2005-09-14,SL Benfica,Lille OSC,1,0,round : 1,D,SL Benfica,Lille OSC,1,0,False,2005,1,Group,H,1,1,detailed_2005_2021,1500.0,1500.0,0.0,0.5,9,266,0.43609022556390975,1.537593984962406,1.6466165413533835,1.218045112781955,0.42857142857142855,1532.9,82,46,0.1956521739130435,0.9130434782608695,0.8260869565217391,1.2391304347826086,-0.41304347826086957,1430.7,102.20000000000005,0.24043805165086626,0.6245505067015366,0.8205295848316444,-0.021085322000653717
7,2005-09-14,Villarreal,Manchester United,0,0,round : 1,D,Villarreal CF,Manchester United,0,0,False,2005,1,Group,D,0,0,detailed_2005_2021,1500.0,1500.0,0.0,0.5,72,40,0.275,1.2,1.075,1.25,-0.175,1482.6,4,289,0.5294117647058824,1.8269896193771626,1.813148788927336,1.038062283737024,0.7750865051903114,1599.3,-116.70000000000005,-0.25441176470588234,-0.6269896193771627,-0.7381487889273362,0.21193771626297608
16,2005-09-27,Bayern München,Club Brugge,1,0,round : 2,A,Bayern Munich,Club Brugge KV,1,0,False,2005,2,Group,H,1,1,detailed_2005_2021,1510.0,1490.0,20.0,0.529,2,388,0.595360824742268,1.9871134020618557,2.105670103092784,1.0051546391752575,1.1005154639175259,1636.0,38,97,0.31958762886597936,1.1855670103092784,1.1855670103092784,1.4845360824742269,-0.29896907216494845,1461.2,174.79999999999995,0.2757731958762887,0.8015463917525774,0.9201030927835057,-0.47938144329896937
17,2005-09-27,Juventus,SK Rapid Wien,3,0,round : 2,A,Juventus,Rapid Wien,3,0,False,2005,2,Group,H,1,3,detailed_2005_2021,1510.0,1490.0,20.0,0.529,5,297,0.5084175084175084,1.754208754208754,1.589225589225589,1.0134680134680134,0.5757575757575758,1581.5,55,61,0.39344262295081966,1.2622950819672132,1.540983606557377,1.6229508196721312,-0.08196721311475409,1465.6,115.90000000000009,0.11497488546668877,0.4919136722415409,0.04824198266821211,-0.6094828062041178
18,2005-09-27,Ajax,Arsenal,1,2,round : 2,B,AFC Ajax,Arsenal FC,1,2,False,2005,2,Group,A,0,-1,detailed_2005_2021,1500.0,1510.0,-10.0,0.486,11,215,0.46511627906976744,1.627906976744186,1.613953488372093,1.1255813953488372,0.4883720930232558,1552.1,13,197,0.4720812182741117,1.6395939086294415,1.6446700507614214,1.1472081218274113,0.49746192893401014,1553.2,-1.1000000000001364,-0.006964939204344267,-0.011686931885255492,-0.030716562389328406,-0.02162672647857411
19,2005-09-27,FC Thun,Sparta Praha,1,0,round : 2,B,FC Thun Berner Oberland,AC Sparta Praha,1,0,False,2005,2,Group,H,1,1,detailed_2005_2021,1490.0,1500.0,-10.0,0.486,236,6,0.16666666666666666,0.6666666666666666,0.6666666666666666,1.5,-0.8333333333333334,1459.7,35,102,0.3235294117647059,1.2058823529411764,1.2745098039215683,1.5098039215686274,-0.23529411764705882,1465.7,-6.0,-0.15686274509803924,-0.5392156862745098,-0.6078431372549017,-0.009803921568627416
20,2005-09-27,Barcelona,Udinese,4,1,round : 2,C,FC Barcelona,Udinese Calcio,4,1,False,2005,2,Group,H,1,3,detailed_2005_2021,1510.0,1510.0,0.0,0.5,3,341,0.5747800586510264,1.9501466275659824,1.9794721407624636,1.0439882697947214,0.9354838709677419,1628.8,198,6,0.3333333333333333,1.1666666666666667,1.6666666666666667,2.0,-0.3333333333333333,1486.6,142.20000000000005,0.24144672531769312,0.7834799608993157,0.31280547409579684,-0.9560117302052786
21,2005-09-27,Panathinaikos,Werder Bremen,2,1,round : 2,C,Panathinaikos,Werder Bremen,2,1,False,2005,2,Group,H,1,1,detailed_2005_2021,1490.0,1490.0,0.0,0.5,30,127,0.28346456692913385,1.141732283464567,1.0866141732283463,1.3937007874015748,-0.30708661417322836,1457.2,51,60,0.38333333333333336,1.3833333333333333,1.6,1.65,-0.05,1500.0,-42.799999999999955,-0.0998687664041995,-0.2416010498687664,-0.5133858267716538,-0.25629921259842514
22,2005-09-27,Lille OSC,Villarreal,0,0,round : 2,D,Lille OSC,Villarreal CF,0,0,False,2005,2,Group,D,0,0,detailed_2005_2021,1490.0,1500.0,-10.0,0.486,82,46,0.1956521739130435,0.9130434782608695,0.8260869565217391,1.2391304347826086,-0.41304347826086957,1430.7,72,40,0.275,1.2,1.075,1.25,-0.175,1482.6,-51.899999999999864,-0.07934782608695654,-0.28695652173913044,-0.24891304347826082,-0.010869565217391353
23,2005-09-27,Manchester United,SL Benfica,2,1,round : 2,D,Manchester United,SL Benfica,2,1,False,2005,2,Group,H,1,1,detailed_2005_2021,1500.0,1510.0,-10.0,0.486,4,289,0.5294117647058824,1.8269896193771626,1.813148788927336,1.038062283737024,0.7750865051903114,1599.3,9,266,0.43609022556390975,1.537593984962406,1.6466165413533835,1.218045112781955,0.42857142857142855,1532.9,66.39999999999986,0.09332153914197261,0.2893956344147566,0.16653224757395257,-0.17998282904493101
24,2005-09-28,FC Schalke 04,Milan,2,2,round : 2,E,FC Schalke 04,AC Milan,2,2,False,2005,2,Group,D,0,0,detailed_2005_2021,1490.0,1510.0,-20.0,0.471,40,73,0.3972602739726027,1.4246575342465753,1.4383561643835616,1.5205479452054795,-0.0821917808219178,1507.5,6,265,0.47924528301886793,1.6981132075471699,1.6264150943396227,0.981132075471698,0.6452830188679245,1571.7,-64.20000000000005,-0.08198500904626521,-0.2734556733005946,-0.1880589299560611,0.5394158697337815
25,2005-09-28,Fenerbahçe,PSV Eindhoven,3,0,round : 2,E,Fenerbahçe,PSV Eindhoven,3,0,False,2005,2,Group,H,1,3,detailed_2005_2021,1490.0,1510.0,-20.0,0.471,61,73,0.273972602739726,0.958904109589041,1.0136986301369864,1.9452054794520548,-0.9315068493150684,1412.3,19,171,0.3391812865497076,1.2690058479532165,1.2456140350877194,1.3099415204678362,-0.06432748538011696,1478.1,-65.79999999999995,-0.06520868380998157,-0.3101017383641754,-0.23191540495073304,0.6352639589842186
26,2005-09-28,Real Madrid,Olympiacos,2,1,round : 2,F,Real Madrid,Olympiakos Piraeus,2,1,False,2005,2,Group,H,1,1,detailed_2005_2021,1490.0,1490.0,0.0,0.5,1,486,0.5987654320987654,1.97119341563786,2.213991769547325,1.117283950617284,1.0967078189300412,1630.0,25,156,0.30128205128205127,1.0833333333333333,1.1282051282051282,1.698717948717949,-0.5705128205128205,1432.0,198.0,0.29748338081671416,0.8878600823045268,1.0857866413421968,-0.5814339981006649
27,2005-09-28,Rosenborg BK,Olympique Lyonnais,0,1,round : 2,F,Rosenborg BK,Olympique Lyon,0,1,False,2005,2,Group,A,0,-1,detailed_2005_2021,1510.0,1510.0,0.0,0.5,50,90,0.23333333333333334,0.9333333333333333,1.2333333333333334,1.9333333333333331,-0.7,1412.9,21,136,0.4264705882352941,1.5441176470588236,1.588235294117647,1.2279411764705883,0.3602941176470588,1535.8,-122.89999999999986,-0.19313725490196076,-0.6107843137254902,-0.3549019607843136,0.7053921568627448
28,2005-09-28,Liverpool,Chelsea,0,0,round : 2,G,Liverpool FC,Chelsea FC,0,0,False,2005,2,Group,D,0,0,detailed_2005_2021,1510.0,1510.0,0.0,0.5,7,230,0.5565217391304348,1.8782608695652174,1.891304347826087,0.9608695652173912,0.9304347826086956,1606.0,10,197,0.5126903553299492,1.8020304568527918,1.7106598984771573,0.934010152284264,0.7766497461928934,1593.5,12.5,0.04383138380048557,0.07623041271242559,0.18064444934892965,0.026859412933127214
29,2005-09-28,RSC Anderlecht,Real Betis Balompié,0,1,round : 2,G,RSC Anderlecht,Real Betis,0,1,False,2005,2,Group,A,0,-1,detailed_2005_2021,1490.0,1490.0,0.0,0.5,22,163,0.32515337423312884,1.1901840490797546,1.3312883435582823,1.7239263803680982,-0.39263803680981596,1458.0,201,6,0.3333333333333333,1.1666666666666667,0.5,1.1666666666666667,-0.6666666666666666,1486.6,-28.59999999999991,-0.00817995910020447,0.023517382413087873,0.8312883435582823,0.5572597137014315
30,2005-09-28,FC Porto,FC Petrzalka 1898,2,3,round : 2,H,FC Porto,FC Petržalka,2,3,False,2005,2,Group,A,0,-1,detailed_2005_2021,1490.0,1490.0,0.0,0.5,8,265,0.4528301886792453,1.5773584905660378,1.4792452830188678,1.1547169811320754,0.32452830188679244,1540.4,214,6,0.16666666666666666,1.0,0.8333333333333334,1.5,-0.6666666666666666,1486.6,53.80000000000018,0.28616352201257866,0.5773584905660378,0.6459119496855344,-0.34528301886792456
31,2005-09-28,Inter,Rangers,1,0,round : 2,H,Inter Milan,Rangers FC,1,0,False,2005,2,Group,H,1,1,detailed_2005_2021,1510.0,1510.0,0.0,0.5,12,203,0.47783251231527096,1.6945812807881773,1.4088669950738917,1.0295566502463054,0.3793103448275862,1569.5,26,131,0.3282442748091603,1.2213740458015268,1.3206106870229009,1.6564885496183206,-0.33587786259541985,1467.7,101.79999999999995,0.14958823750611067,0.4732072349866505,0.08825630805099083,-0.6269318993720152
32,2005-10-18,Bayern München,Juventus,2,1,round : 3,A,Bayern Munich,Juventus,2,1,False,2005,3,Group,H,1,1,detailed_2005_2021,1519.425,1519.425,0.0,0.5,2,388,0.595360824742268,1.9871134020618557,2.105670103092784,1.0051546391752575,1.1005154639175259,1636.0,5,297,0.5084175084175084,1.754208754208754,1.589225589225589,1.0134680134680134,0.5757575757575758,1581.5,54.5,0.0869433163247596,0.2329046478531016,0.5164445138671949,-0.008313374292755915
33,2005-10-18,SK Rapid Wien,Club Brugge,0,1,round : 3,A,Rapid Wien,Club Brugge KV,0,1,False,2005,3,Group,A,0,-1,detailed_2005_2021,1480.575,1480.575,0.0,0.5,55,61,0.39344262295081966,1.2622950819672132,1.540983606557377,1.6229508196721312,-0.08196721311475409,1465.6,38,97,0.31958762886597936,1.1855670103092784,1.1855670103092784,1.4845360824742269,-0.29896907216494845,1461.2,4.399999999999864,0.07385499408484031,0.07672807165793483,0.3554165962480986,0.13841473719790431
34,2005-10-18,Ajax,FC Thun,2,0,round : 3,B,AFC Ajax,FC Thun Berner Oberland,2,0,False,2005,3,Group,H,1,2,detailed_2005_2021,1490.288,1500.288,-10.0,0.486,11,215,0.46511627906976744,1.627906976744186,1.613953488372093,1.1255813953488372,0.4883720930232558,1552.1,236,6,0.16666666666666666,0.6666666666666666,0.6666666666666666,1.5,-0.8333333333333334,1459.7,92.39999999999986,0.29844961240310075,0.9612403100775194,0.9472868217054263,-0.37441860465116283
35,2005-10-18,Sparta Praha,Arsenal,0,2,round : 3,B,AC Sparta Praha,Arsenal FC,0,2,False,2005,3,Group,A,0,-2,detailed_2005_2021,1489.712,1519.712,-30.0,0.457,35,102,0.3235294117647059,1.2058823529411764,1.2745098039215683,1.5098039215686274,-0.23529411764705882,1465.7,13,197,0.4720812182741117,1.6395939086294415,1.6446700507614214,1.1472081218274113,0.49746192893401014,1553.2,-87.5,-0.1485518065094058,-0.43371155568826514,-0.37016024683985305,0.36259579974121614
36,2005-10-18,Panathinaikos,Barcelona,0,0,round : 3,C,Panathinaikos,FC Barcelona,0,0,False,2005,3,Group,D,0,0,detailed_2005_2021,1500.0,1520.0,-20.0,0.471,30,127,0.28346456692913385,1.141732283464567,1.0866141732283463,1.3937007874015748,-0.30708661417322836,1457.2,3,341,0.5747800586510264,1.9501466275659824,1.9794721407624636,1.0439882697947214,0.9354838709677419,1628.8,-171.5999999999999,-0.2913154917218926,-0.8084143441014155,-0.8928579675341173,0.3497125176068534
37,2005-10-18,Udinese,Werder Bremen,1,1,round : 3,C,Udinese Calcio,Werder Bremen,1,1,False,2005,3,Group,D,0,0,detailed_2005_2021,1500.0,1480.0,20.0,0.529,198,6,0.3333333333333333,1.1666666666666667,1.6666666666666667,2.0,-0.3333333333333333,1486.6,51,60,0.38333333333333336,1.3833333333333333,1.6,1.65,-0.05,1500.0,-13.400000000000091,-0.050000000000000044,-0.21666666666666656,0.06666666666666665,0.3500000000000001
38,2005-10-18,Manchester United,Lille OSC,0,0,round : 3,D,Manchester United,Lille OSC,0,0,False,2005,3,Group,D,0,0,detailed_2005_2021,1510.288,1490.288,20.0,0.529,4,289,0.5294117647058824,1.8269896193771626,1.813148788927336,1.038062283737024,0.7750865051903114,1599.3,82,46,0.1956521739130435,0.9130434782608695,0.8260869565217391,1.2391304347826086,-0.41304347826086957,1430.7,168.5999999999999,0.3337595907928389,0.9139461411162931,0.987061832405597,-0.20106815104558473
39,2005-10-18,Villarreal,SL Benfica,1,1,round : 3,D,Villarreal CF,SL Benfica,1,1,False,2005,3,Group,D,0,0,detailed_2005_2021,1499.712,1499.712,0.0,0.5,72,40,0.275,1.2,1.075,1.25,-0.175,1482.6,9,266,0.43609022556390975,1.537593984962406,1.6466165413533835,1.218045112781955,0.42857142857142855,1532.9,-50.30000000000018,-0.16109022556390973,-0.3375939849624061,-0.5716165413533836,0.03195488721804507
40,2005-10-19,Fenerbahçe,FC Schalke 04,3,3,round : 3,E,Fenerbahçe,FC Schalke 04,3,3,False,2005,3,Group,D,0,0,detailed_2005_2021,1500.575,1490.575,10.0,0.514,61,73,0.273972602739726,0.958904109589041,1.0136986301369864,1.9452054794520548,-0.9315068493150684,1412.3,40,73,0.3972602739726027,1.4246575342465753,1.4383561643835616,1.5205479452054795,-0.0821917808219178,1507.5,-95.20000000000005,-0.1232876712328767,-0.4657534246575342,-0.42465753424657526,0.42465753424657526
41,2005-10-19,Milan,PSV Eindhoven,0,0,round : 3,E,AC Milan,PSV Eindhoven,0,0,False,2005,3,Group,D,0,0,detailed_2005_2021,1509.425,1499.425,10.0,0.514,6,265,0.47924528301886793,1.6981132075471699,1.6264150943396227,0.981132075471698,0.6452830188679245,1571.7,19,171,0.3391812865497076,1.2690058479532165,1.2456140350877194,1.3099415204678362,-0.06432748538011696,1478.1,93.60000000000014,0.14006399646916035,0.4291073595939534,0.38080105925190333,-0.3288094449961382
42,2005-10-19,Olympique Lyonnais,Olympiacos,2,1,round : 3,F,Olympique Lyon,Olympiakos Piraeus,2,1,False,2005,3,Group,H,1,1,detailed_2005_2021,1520.0,1480.0,40.0,0.557,21,136,0.4264705882352941,1.5441176470588236,1.588235294117647,1.2279411764705883,0.3602941176470588,1535.8,25,156,0.30128205128205127,1.0833333333333333,1.1282051282051282,1.698717948717949,-0.5705128205128205,1432.0,103.79999999999995,0.12518853695324283,0.46078431372549034,0.4600301659125188,-0.4707767722473606
43,2005-10-19,Real Madrid,Rosenborg BK,4,1,round : 3,F,Real Madrid,Rosenborg BK,4,1,False,2005,3,Group,H,1,3,detailed_2005_2021,1500.0,1500.0,0.0,0.5,1,486,0.5987654320987654,1.97119341563786,2.213991769547325,1.117283950617284,1.0967078189300412,1630.0,50,90,0.23333333333333334,0.9333333333333333,1.2333333333333334,1.9333333333333331,-0.7,1412.9,217.0999999999999,0.3654320987654321,1.0378600823045268,0.9806584362139916,-0.8160493827160491
44,2005-10-19,Chelsea,Real Betis Balompié,4,0,round : 3,G,Chelsea FC,Real Betis,4,0,False,2005,3,Group,H,1,4,detailed_2005_2021,1510.0,1500.0,10.0,0.514,10,197,0.5126903553299492,1.8020304568527918,1.7106598984771573,0.934010152284264,0.7766497461928934,1593.5,201,6,0.3333333333333333,1.1666666666666667,0.5,1.1666666666666667,-0.6666666666666666,1486.6,106.90000000000009,0.1793570219966159,0.6353637901861251,1.2106598984771573,-0.23265651438240276
45,2005-10-19,RSC Anderlecht,Liverpool,0,1,round : 3,G,RSC Anderlecht,Liverpool FC,0,1,False,2005,3,Group,A,0,-1,detailed_2005_2021,1480.0,1510.0,-30.0,0.457,22,163,0.32515337423312884,1.1901840490797546,1.3312883435582823,1.7239263803680982,-0.39263803680981596,1458.0,7,230,0.5565217391304348,1.8782608695652174,1.891304347826087,0.9608695652173912,0.9304347826086956,1606.0,-148.0,-0.23136836489730594,-0.6880768204854628,-0.5600160042678046,0.763056815150707
46,2005-10-19,FC Porto,Inter,2,0,round : 3,H,FC Porto,Inter Milan,2,0,False,2005,3,Group,H,1,2,detailed_2005_2021,1480.0,1520.0,-40.0,0.443,8,265,0.4528301886792453,1.5773584905660378,1.4792452830188678,1.1547169811320754,0.32452830188679244,1540.4,12,203,0.47783251231527096,1.6945812807881773,1.4088669950738917,1.0295566502463054,0.3793103448275862,1569.5,-29.09999999999991,-0.02500232363602567,-0.11722279022213944,0.07037828794497614,0.12516033088577005
47,2005-10-19,Rangers,FC Petrzalka 1898,0,0,round : 3,H,Rangers FC,FC Petržalka,0,0,False,2005,3,Group,D,0,0,detailed_2005_2021,1500.0,1500.0,0.0,0.5,26,131,0.3282442748091603,1.2213740458015268,1.3206106870229009,1.6564885496183206,-0.33587786259541985,1467.7,214,6,0.16666666666666666,1.0,0.8333333333333334,1.5,-0.6666666666666666,1486.6,-18.899999999999864,0.16157760814249364,0.22137404580152675,0.4872773536895675,0.1564885496183206
56,2005-11-01,FC Schalke 04,Fenerbahçe,2,0,round : 4,E,FC Schalke 04,Fenerbahçe,2,0,False,2005,4,Group,H,1,2,detailed_2005_2021,1490.863,1500.287,-9.425,0.486,40,73,0.3972602739726027,1.4246575342465753,1.4383561643835616,1.5205479452054795,-0.0821917808219178,1507.5,61,73,0.273972602739726,0.958904109589041,1.0136986301369864,1.9452054794520548,-0.9315068493150684,1412.3,95.20000000000005,0.1232876712328767,0.4657534246575342,0.42465753424657526,-0.42465753424657526
57,2005-11-01,PSV Eindhoven,Milan,1,0,round : 4,E,PSV Eindhoven,AC Milan,1,0,False,2005,4,Group,H,1,1,detailed_2005_2021,1499.713,1509.137,-9.425,0.486,19,171,0.3391812865497076,1.2690058479532165,1.2456140350877194,1.3099415204678362,-0.06432748538011696,1478.1,6,265,0.47924528301886793,1.6981132075471699,1.6264150943396227,0.981132075471698,0.6452830188679245,1571.7,-93.60000000000014,-0.14006399646916035,-0.4291073595939534,-0.38080105925190333,0.3288094449961382
58,2005-11-01,Olympiacos,Olympique Lyonnais,1,4,round : 4,F,Olympiakos Piraeus,Olympique Lyon,1,4,False,2005,4,Group,A,0,-3,detailed_2005_2021,1471.146,1528.854,-57.708,0.418,25,156,0.30128205128205127,1.0833333333333333,1.1282051282051282,1.698717948717949,-0.5705128205128205,1432.0,21,136,0.4264705882352941,1.5441176470588236,1.588235294117647,1.2279411764705883,0.3602941176470588,1535.8,-103.79999999999995,-0.12518853695324283,-0.46078431372549034,-0.4600301659125188,0.4707767722473606
59,2005-11-01,Rosenborg BK,Real Madrid,0,2,round : 4,F,Rosenborg BK,Real Madrid,0,2,False,2005,4,Group,A,0,-2,detailed_2005_2021,1490.0,1510.0,-20.0,0.471,50,90,0.23333333333333334,0.9333333333333333,1.2333333333333334,1.9333333333333331,-0.7,1412.9,1,486,0.5987654320987654,1.97119341563786,2.213991769547325,1.117283950617284,1.0967078189300412,1630.0,-217.0999999999999,-0.3654320987654321,-1.0378600823045268,-0.9806584362139916,0.8160493827160491
60,2005-11-01,Liverpool,RSC Anderlecht,3,0,round : 4,G,Liverpool FC,RSC Anderlecht,3,0,False,2005,4,Group,H,1,3,detailed_2005_2021,1519.139,1470.861,48.277,0.569,7,230,0.5565217391304348,1.8782608695652174,1.891304347826087,0.9608695652173912,0.9304347826086956,1606.0,22,163,0.32515337423312884,1.1901840490797546,1.3312883435582823,1.7239263803680982,-0.39263803680981596,1458.0,148.0,0.23136836489730594,0.6880768204854628,0.5600160042678046,-0.763056815150707
61,2005-11-01,Real Betis Balompié,Chelsea,1,0,round : 4,G,Real Betis,Chelsea FC,1,0,False,2005,4,Group,H,1,1,detailed_2005_2021,1490.288,1519.712,-29.425,0.458,201,6,0.3333333333333333,1.1666666666666667,0.5,1.1666666666666667,-0.6666666666666666,1486.6,10,197,0.5126903553299492,1.8020304568527918,1.7106598984771573,0.934010152284264,0.7766497461928934,1593.5,-106.90000000000009,-0.1793570219966159,-0.6353637901861251,-1.2106598984771573,0.23265651438240276
62,2005-11-01,FC Petrzalka 1898,Rangers,2,2,round : 4,H,FC Petržalka,Rangers FC,2,2,False,2005,4,Group,D,0,0,detailed_2005_2021,1500.0,1500.0,0.0,0.5,214,6,0.16666666666666666,1.0,0.8333333333333334,1.5,-0.6666666666666666,1486.6,26,131,0.3282442748091603,1.2213740458015268,1.3206106870229009,1.6564885496183206,-0.33587786259541985,1467.7,18.899999999999864,-0.16157760814249364,-0.22137404580152675,-0.4872773536895675,-0.1564885496183206
63,2005-11-01,Inter,FC Porto,2,1,round : 4,H,Inter Milan,FC Porto,2,1,False,2005,4,Group,H,1,1,detailed_2005_2021,1508.854,1491.146,17.708,0.525,12,203,0.47783251231527096,1.6945812807881773,1.4088669950738917,1.0295566502463054,0.3793103448275862,1569.5,8,265,0.4528301886792453,1.5773584905660378,1.4792452830188678,1.1547169811320754,0.32452830188679244,1540.4,29.09999999999991,0.02500232363602567,0.11722279022213944,-0.07037828794497614,-0.12516033088577005
48,2005-11-02,Club Brugge,SK Rapid Wien,3,2,round : 4,A,Club Brugge KV,Rapid Wien,3,2,False,2005,4,Group,H,1,1,detailed_2005_2021,1490.575,1470.575,20.0,0.529,38,97,0.31958762886597936,1.1855670103092784,1.1855670103092784,1.4845360824742269,-0.29896907216494845,1461.2,55,61,0.39344262295081966,1.2622950819672132,1.540983606557377,1.6229508196721312,-0.08196721311475409,1465.6,-4.399999999999864,-0.07385499408484031,-0.07672807165793483,-0.3554165962480986,-0.13841473719790431
49,2005-11-02,Juventus,Bayern München,2,1,round : 4,A,Juventus,Bayern Munich,2,1,False,2005,4,Group,H,1,1,detailed_2005_2021,1509.425,1529.425,-20.0,0.471,5,297,0.5084175084175084,1.754208754208754,1.589225589225589,1.0134680134680134,0.5757575757575758,1581.5,2,388,0.595360824742268,1.9871134020618557,2.105670103092784,1.0051546391752575,1.1005154639175259,1636.0,-54.5,-0.0869433163247596,-0.2329046478531016,-0.5164445138671949,0.008313374292755915
50,2005-11-02,Arsenal,Sparta Praha,3,0,round : 4,B,Arsenal FC,AC Sparta Praha,3,0,False,2005,4,Group,H,1,3,detailed_2005_2021,1528.851,1480.574,48.277,0.569,13,197,0.4720812182741117,1.6395939086294415,1.6446700507614214,1.1472081218274113,0.49746192893401014,1553.2,35,102,0.3235294117647059,1.2058823529411764,1.2745098039215683,1.5098039215686274,-0.23529411764705882,1465.7,87.5,0.1485518065094058,0.43371155568826514,0.37016024683985305,-0.36259579974121614
51,2005-11-02,FC Thun,Ajax,2,4,round : 4,B,FC Thun Berner Oberland,AFC Ajax,2,4,False,2005,4,Group,A,0,-2,detailed_2005_2021,1490.0,1500.575,-10.575,0.485,236,6,0.16666666666666666,0.6666666666666666,0.6666666666666666,1.5,-0.8333333333333334,1459.7,11,215,0.46511627906976744,1.627906976744186,1.613953488372093,1.1255813953488372,0.4883720930232558,1552.1,-92.39999999999986,-0.29844961240310075,-0.9612403100775194,-0.9472868217054263,0.37441860465116283
52,2005-11-02,Barcelona,Panathinaikos,5,0,round : 4,C,FC Barcelona,Panathinaikos,5,0,False,2005,4,Group,H,1,5,detailed_2005_2021,1519.425,1500.575,18.85,0.527,3,341,0.5747800586510264,1.9501466275659824,1.9794721407624636,1.0439882697947214,0.9354838709677419,1628.8,30,127,0.28346456692913385,1.141732283464567,1.0866141732283463,1.3937007874015748,-0.30708661417322836,1457.2,171.5999999999999,0.2913154917218926,0.8084143441014155,0.8928579675341173,-0.3497125176068534
53,2005-11-02,Werder Bremen,Udinese,4,3,round : 4,C,Werder Bremen,Udinese Calcio,4,3,False,2005,4,Group,H,1,1,detailed_2005_2021,1480.575,1499.425,-18.85,0.473,51,60,0.38333333333333336,1.3833333333333333,1.6,1.65,-0.05,1500.0,198,6,0.3333333333333333,1.1666666666666667,1.6666666666666667,2.0,-0.3333333333333333,1486.6,13.400000000000091,0.050000000000000044,0.21666666666666656,-0.06666666666666665,-0.3500000000000001
54,2005-11-02,Lille OSC,Manchester United,1,0,round : 4,D,Lille OSC,Manchester United,1,0,False,2005,4,Group,H,1,1,detailed_2005_2021,1490.863,1509.713,-18.85,0.473,82,46,0.1956521739130435,0.9130434782608695,0.8260869565217391,1.2391304347826086,-0.41304347826086957,1430.7,4,289,0.5294117647058824,1.8269896193771626,1.813148788927336,1.038062283737024,0.7750865051903114,1599.3,-168.5999999999999,-0.3337595907928389,-0.9139461411162931,-0.987061832405597,0.20106815104558473
55,2005-11-02,SL Benfica,Villarreal,0,1,round : 4,D,SL Benfica,Villarreal CF,0,1,False,2005,4,Group,A,0,-1,detailed_2005_2021,1499.712,1499.712,0.0,0.5,9,266,0.43609022556390975,1.537593984962406,1.6466165413533835,1.218045112781955,0.42857142857142855,1532.9,72,40,0.275,1.2,1.075,1.25,-0.175,1482.6,50.30000000000018,0.16109022556390973,0.3375939849624061,0.5716165413533836,-0.03195488721804507
64,2005-11-22,Bayern München,SK Rapid Wien,4,0,round : 5,A,Bayern Munich,Rapid Wien,4,0,False,2005,5,Group,H,1,4,detailed_2005_2021,1518.85,1461.15,57.7,0.582,2,388,0.595360824742268,1.9871134020618557,2.105670103092784,1.0051546391752575,1.1005154639175259,1636.0,55,61,0.39344262295081966,1.2622950819672132,1.540983606557377,1.6229508196721312,-0.08196721311475409,1465.6,170.4000000000001,0.20191820179144837,0.7248183200946425,0.564686496535407,-0.6177961804968737
65,2005-11-22,Juventus,Club Brugge,1,0,round : 5,A,Juventus,Club Brugge KV,1,0,False,2005,5,Group,H,1,1,detailed_2005_2021,1520.0,1500.0,20.0,0.529,5,297,0.5084175084175084,1.754208754208754,1.589225589225589,1.0134680134680134,0.5757575757575758,1581.5,38,97,0.31958762886597936,1.1855670103092784,1.1855670103092784,1.4845360824742269,-0.29896907216494845,1461.2,120.29999999999995,0.18882987955152908,0.5686417438994757,0.40365857891631074,-0.47106806900621345
66,2005-11-22,Ajax,Sparta Praha,2,1,round : 5,B,AFC Ajax,AC Sparta Praha,2,1,False,2005,5,Group,H,1,1,detailed_2005_2021,1510.271,1471.954,38.317,0.555,11,215,0.46511627906976744,1.627906976744186,1.613953488372093,1.1255813953488372,0.4883720930232558,1552.1,35,102,0.3235294117647059,1.2058823529411764,1.2745098039215683,1.5098039215686274,-0.23529411764705882,1465.7,86.39999999999986,0.14158686730506154,0.42202462380300965,0.33944368445052464,-0.38422252621979025
67,2005-11-22,FC Thun,Arsenal,0,1,round : 5,B,FC Thun Berner Oberland,Arsenal FC,0,1,False,2005,5,Group,A,0,-1,detailed_2005_2021,1480.304,1537.47,-57.166,0.418,236,6,0.16666666666666666,0.6666666666666666,0.6666666666666666,1.5,-0.8333333333333334,1459.7,13,197,0.4720812182741117,1.6395939086294415,1.6446700507614214,1.1472081218274113,0.49746192893401014,1553.2,-93.5,-0.305414551607445,-0.9729272419627749,-0.9780033840947547,0.3527918781725887
68,2005-11-22,Barcelona,Werder Bremen,3,1,round : 5,C,FC Barcelona,Werder Bremen,3,1,False,2005,5,Group,H,1,2,detailed_2005_2021,1528.883,1491.117,37.766,0.554,3,341,0.5747800586510264,1.9501466275659824,1.9794721407624636,1.0439882697947214,0.9354838709677419,1628.8,51,60,0.38333333333333336,1.3833333333333333,1.6,1.65,-0.05,1500.0,128.79999999999995,0.19144672531769308,0.5668132942326491,0.3794721407624635,-0.6060117302052785
69,2005-11-22,Panathinaikos,Udinese,1,2,round : 5,C,Panathinaikos,Udinese Calcio,1,2,False,2005,5,Group,A,0,-1,detailed_2005_2021,1491.117,1488.883,2.234,0.503,30,127,0.28346456692913385,1.141732283464567,1.0866141732283463,1.3937007874015748,-0.30708661417322836,1457.2,198,6,0.3333333333333333,1.1666666666666667,1.6666666666666667,2.0,-0.3333333333333333,1486.6,-29.399999999999864,-0.04986876640419946,-0.02493438320209984,-0.5800524934383204,-0.6062992125984252
70,2005-11-22,Lille OSC,SL Benfica,0,0,round : 5,D,Lille OSC,SL Benfica,0,0,False,2005,5,Group,D,0,0,detailed_2005_2021,1501.405,1489.712,11.693,0.517,82,46,0.1956521739130435,0.9130434782608695,0.8260869565217391,1.2391304347826086,-0.41304347826086957,1430.7,9,266,0.43609022556390975,1.537593984962406,1.6466165413533835,1.218045112781955,0.42857142857142855,1532.9,-102.20000000000005,-0.24043805165086626,-0.6245505067015366,-0.8205295848316444,0.021085322000653717
71,2005-11-22,Manchester United,Villarreal,0,0,round : 5,D,Manchester United,Villarreal CF,0,0,False,2005,5,Group,D,0,0,detailed_2005_2021,1499.171,1509.712,-10.542,0.485,4,289,0.5294117647058824,1.8269896193771626,1.813148788927336,1.038062283737024,0.7750865051903114,1599.3,72,40,0.275,1.2,1.075,1.25,-0.175,1482.6,116.70000000000005,0.25441176470588234,0.6269896193771627,0.7381487889273362,-0.21193771626297608
72,2005-11-23,FC Schalke 04,PSV Eindhoven,3,0,round : 5,E,FC Schalke 04,PSV Eindhoven,3,0,False,2005,5,Group,H,1,3,detailed_2005_2021,1501.134,1509.984,-8.85,0.487,40,73,0.3972602739726027,1.4246575342465753,1.4383561643835616,1.5205479452054795,-0.0821917808219178,1507.5,19,171,0.3391812865497076,1.2690058479532165,1.2456140350877194,1.3099415204678362,-0.06432748538011696,1478.1,29.40000000000009,0.058078987422895134,0.1556516862933588,0.19274212929584222,0.21060642473764335
73,2005-11-23,Fenerbahçe,Milan,0,4,round : 5,E,Fenerbahçe,AC Milan,0,4,False,2005,5,Group,A,0,-4,detailed_2005_2021,1490.016,1498.866,-8.85,0.487,61,73,0.273972602739726,0.958904109589041,1.0136986301369864,1.9452054794520548,-0.9315068493150684,1412.3,6,265,0.47924528301886793,1.6981132075471699,1.6264150943396227,0.981132075471698,0.6452830188679245,1571.7,-159.4000000000001,-0.20527268027914192,-0.7392090979581288,-0.6127164642026364,0.9640734039803568
74,2005-11-23,Real Madrid,Olympique Lyonnais,1,1,round : 5,F,Real Madrid,Olympique Lyon,1,1,False,2005,5,Group,D,0,0,detailed_2005_2021,1519.425,1537.208,-17.783,0.474,1,486,0.5987654320987654,1.97119341563786,2.213991769547325,1.117283950617284,1.0967078189300412,1630.0,21,136,0.4264705882352941,1.5441176470588236,1.588235294117647,1.2279411764705883,0.3602941176470588,1535.8,94.20000000000005,0.17229484386347133,0.4270757685790365,0.625756475429678,-0.11065722585330429
75,2005-11-23,Rosenborg BK,Olympiacos,1,1,round : 5,F,Rosenborg BK,Olympiakos Piraeus,1,1,False,2005,5,Group,D,0,0,detailed_2005_2021,1480.575,1462.792,17.783,0.526,50,90,0.23333333333333334,0.9333333333333333,1.2333333333333334,1.9333333333333331,-0.7,1412.9,25,156,0.30128205128205127,1.0833333333333333,1.1282051282051282,1.698717948717949,-0.5705128205128205,1432.0,-19.09999999999991,-0.06794871794871793,-0.1499999999999999,0.1051282051282052,0.23461538461538423
76,2005-11-23,Liverpool,Real Betis Balompié,0,0,round : 5,G,Liverpool FC,Real Betis,0,0,False,2005,5,Group,D,0,0,detailed_2005_2021,1527.758,1501.133,26.625,0.538,7,230,0.5565217391304348,1.8782608695652174,1.891304347826087,0.9608695652173912,0.9304347826086956,1606.0,201,6,0.3333333333333333,1.1666666666666667,0.5,1.1666666666666667,-0.6666666666666666,1486.6,119.40000000000009,0.22318840579710147,0.7115942028985507,1.391304347826087,-0.20579710144927554
77,2005-11-23,RSC Anderlecht,Chelsea,0,2,round : 5,G,RSC Anderlecht,Chelsea FC,0,2,False,2005,5,Group,A,0,-2,detailed_2005_2021,1462.242,1508.867,-46.625,0.433,22,163,0.32515337423312884,1.1901840490797546,1.3312883435582823,1.7239263803680982,-0.39263803680981596,1458.0,10,197,0.5126903553299492,1.8020304568527918,1.7106598984771573,0.934010152284264,0.7766497461928934,1593.5,-135.5,-0.18753698109682038,-0.6118464077730372,-0.379371554918875,0.7899162280838342
78,2005-11-23,FC Porto,Rangers,1,1,round : 5,H,FC Porto,Rangers FC,1,1,False,2005,5,Group,D,0,0,detailed_2005_2021,1481.655,1500.0,-18.345,0.474,8,265,0.4528301886792453,1.5773584905660378,1.4792452830188678,1.1547169811320754,0.32452830188679244,1540.4,26,131,0.3282442748091603,1.2213740458015268,1.3206106870229009,1.6564885496183206,-0.33587786259541985,1467.7,72.70000000000005,0.124585913870085,0.3559844447645111,0.15863459599596696,-0.5017715684862452
79,2005-11-23,Inter,FC Petrzalka 1898,4,0,round : 5,H,Inter Milan,FC Petržalka,4,0,False,2005,5,Group,H,1,4,detailed_2005_2021,1518.345,1500.0,18.345,0.526,12,203,0.47783251231527096,1.6945812807881773,1.4088669950738917,1.0295566502463054,0.3793103448275862,1569.5,214,6,0.16666666666666666,1.0,0.8333333333333334,1.5,-0.6666666666666666,1486.6,82.90000000000009,0.3111658456486043,0.6945812807881773,0.5755336617405583,-0.4704433497536946
80,2006-02-21,Bayern München,Milan,1,1,round : 18,,Bayern Munich,AC Milan,1,1,False,2005,18,Knockout,D,0,0,detailed_2005_2021,1527.204,1508.611,18.593,0.527,2,388,0.595360824742268,1.9871134020618557,2.105670103092784,1.0051546391752575,1.1005154639175259,1636.0,6,265,0.47924528301886793,1.6981132075471699,1.6264150943396227,0.981132075471698,0.6452830188679245,1571.7,64.29999999999995,0.1161155417234001,0.28900019451468584,0.4792550087531613,0.024022563703559485
81,2006-02-21,PSV Eindhoven,Olympique Lyonnais,0,1,round : 18,,PSV Eindhoven,Olympique Lyon,0,1,False,2005,18,Knockout,A,0,-1,detailed_2005_2021,1499.729,1536.697,-36.967,0.447,19,171,0.3391812865497076,1.2690058479532165,1.2456140350877194,1.3099415204678362,-0.06432748538011696,1478.1,21,136,0.4264705882352941,1.5441176470588236,1.588235294117647,1.2279411764705883,0.3602941176470588,1535.8,-57.700000000000045,-0.08728930168558652,-0.2751117991056071,-0.34262125902992757,0.08200034399724787
82,2006-02-21,Real Madrid,Arsenal,0,1,round : 18,,Real Madrid,Arsenal FC,0,1,False,2005,18,Knockout,A,0,-1,detailed_2005_2021,1519.936,1545.84,-25.903,0.463,1,486,0.5987654320987654,1.97119341563786,2.213991769547325,1.117283950617284,1.0967078189300412,1630.0,13,197,0.4720812182741117,1.6395939086294415,1.6446700507614214,1.1472081218274113,0.49746192893401014,1553.2,76.79999999999995,0.12668421382465372,0.33159950700841856,0.5693217187859037,-0.02992417121012725
83,2006-02-21,SL Benfica,Liverpool,1,0,round : 18,,SL Benfica,Liverpool FC,1,0,False,2005,18,Knockout,H,1,1,detailed_2005_2021,1490.049,1526.993,-36.945,0.447,9,266,0.43609022556390975,1.537593984962406,1.6466165413533835,1.218045112781955,0.42857142857142855,1532.9,7,230,0.5565217391304348,1.8782608695652174,1.891304347826087,0.9608695652173912,0.9304347826086956,1606.0,-73.09999999999991,-0.12043151356652504,-0.34066688460281136,-0.24468780647270338,0.25717554756456373
84,2006-02-22,Ajax,Inter,2,2,round : 18,,AFC Ajax,Inter Milan,2,2,False,2005,18,Knockout,D,0,0,detailed_2005_2021,1519.173,1527.817,-8.644,0.488,11,215,0.46511627906976744,1.627906976744186,1.613953488372093,1.1255813953488372,0.4883720930232558,1552.1,12,203,0.47783251231527096,1.6945812807881773,1.4088669950738917,1.0295566502463054,0.3793103448275862,1569.5,-17.40000000000009,-0.012716233245503528,-0.06667430404399122,0.20508649329820128,0.09602474510253178
85,2006-02-22,Chelsea,Barcelona,1,2,round : 18,,Chelsea FC,FC Barcelona,1,2,False,2005,18,Knockout,A,0,-1,detailed_2005_2021,1517.533,1537.8,-20.267,0.471,10,197,0.5126903553299492,1.8020304568527918,1.7106598984771573,0.934010152284264,0.7766497461928934,1593.5,3,341,0.5747800586510264,1.9501466275659824,1.9794721407624636,1.0439882697947214,0.9354838709677419,1628.8,-35.299999999999955,-0.062089703321077216,-0.1481161707131906,-0.2688122422853063,-0.10997811751045738
86,2006-02-22,Rangers,Villarreal,2,2,round : 18,,Rangers FC,Villarreal CF,2,2,False,2005,18,Knockout,D,0,0,detailed_2005_2021,1499.472,1509.409,-9.936,0.486,26,131,0.3282442748091603,1.2213740458015268,1.3206106870229009,1.6564885496183206,-0.33587786259541985,1467.7,72,40,0.275,1.2,1.075,1.25,-0.175,1482.6,-14.899999999999864,0.053244274809160275,0.021374045801526798,0.2456106870229009,0.4064885496183206
87,2006-02-22,Werder Bremen,Juventus,3,2,round : 18,,Werder Bremen,Juventus,3,2,False,2005,18,Knockout,H,1,1,detailed_2005_2021,1482.2,1529.425,-47.225,0.432,51,60,0.38333333333333336,1.3833333333333333,1.6,1.65,-0.05,1500.0,5,297,0.5084175084175084,1.754208754208754,1.589225589225589,1.0134680134680134,0.5757575757575758,1581.5,-81.5,-0.12508417508417508,-0.3708754208754208,0.010774410774410992,0.6365319865319865
88,2006-03-07,Barcelona,Chelsea,1,1,round : 18,,FC Barcelona,Chelsea FC,1,1,False,2005,18,Knockout,D,0,0,detailed_2005_2021,1547.218,1508.116,39.102,0.556,3,341,0.5747800586510264,1.9501466275659824,1.9794721407624636,1.0439882697947214,0.9354838709677419,1628.8,10,197,0.5126903553299492,1.8020304568527918,1.7106598984771573,0.934010152284264,0.7766497461928934,1593.5,35.299999999999955,0.062089703321077216,0.1481161707131906,0.2688122422853063,0.10997811751045738
89,2006-03-07,Juventus,Werder Bremen,2,1,round : 18,,Juventus,Werder Bremen,2,1,False,2005,18,Knockout,H,1,1,detailed_2005_2021,1518.074,1493.551,24.523,0.535,5,297,0.5084175084175084,1.754208754208754,1.589225589225589,1.0134680134680134,0.5757575757575758,1581.5,51,60,0.38333333333333336,1.3833333333333333,1.6,1.65,-0.05,1500.0,81.5,0.12508417508417508,0.3708754208754208,-0.010774410774410992,-0.6365319865319865
90,2006-03-07,Villarreal,Rangers,1,1,round : 18,,Villarreal CF,Rangers FC,1,1,False,2005,18,Knockout,D,0,0,detailed_2005_2021,1509.123,1499.758,9.365,0.513,72,40,0.275,1.2,1.075,1.25,-0.175,1482.6,26,131,0.3282442748091603,1.2213740458015268,1.3206106870229009,1.6564885496183206,-0.33587786259541985,1467.7,14.899999999999864,-0.053244274809160275,-0.021374045801526798,-0.2456106870229009,-0.4064885496183206
91,2006-03-08,Arsenal,Real Madrid,0,0,round : 18,,Arsenal FC,Real Madrid,0,0,False,2005,18,Knockout,D,0,0,detailed_2005_2021,1555.095,1510.681,44.415,0.564,13,197,0.4720812182741117,1.6395939086294415,1.6446700507614214,1.1472081218274113,0.49746192893401014,1553.2,1,486,0.5987654320987654,1.97119341563786,2.213991769547325,1.117283950617284,1.0967078189300412,1630.0,-76.79999999999995,-0.12668421382465372,-0.33159950700841856,-0.5693217187859037,0.02992417121012725
92,2006-03-08,Liverpool,SL Benfica,0,2,round : 18,,Liverpool FC,SL Benfica,0,2,False,2005,18,Knockout,A,0,-2,detailed_2005_2021,1515.934,1501.108,14.826,0.521,7,230,0.5565217391304348,1.8782608695652174,1.891304347826087,0.9608695652173912,0.9304347826086956,1606.0,9,266,0.43609022556390975,1.537593984962406,1.6466165413533835,1.218045112781955,0.42857142857142855,1532.9,73.09999999999991,0.12043151356652504,0.34066688460281136,0.24468780647270338,-0.25717554756456373
93,2006-03-08,Milan,Bayern München,4,1,round : 18,,AC Milan,Bayern Munich,4,1,False,2005,18,Knockout,H,1,3,detailed_2005_2021,1509.146,1526.67,-17.524,0.475,6,265,0.47924528301886793,1.6981132075471699,1.6264150943396227,0.981132075471698,0.6452830188679245,1571.7,2,388,0.595360824742268,1.9871134020618557,2.105670103092784,1.0051546391752575,1.1005154639175259,1636.0,-64.29999999999995,-0.1161155417234001,-0.28900019451468584,-0.4792550087531613,-0.024022563703559485
94,2006-03-08,Olympique Lyonnais,PSV Eindhoven,4,0,round : 18,,Olympique Lyon,PSV Eindhoven,4,0,False,2005,18,Knockout,H,1,4,detailed_2005_2021,1545.637,1490.789,54.847,0.578,21,136,0.4264705882352941,1.5441176470588236,1.588235294117647,1.2279411764705883,0.3602941176470588,1535.8,19,171,0.3391812865497076,1.2690058479532165,1.2456140350877194,1.3099415204678362,-0.06432748538011696,1478.1,57.700000000000045,0.08728930168558652,0.2751117991056071,0.34262125902992757,-0.08200034399724787
95,2006-03-14,Inter,Ajax,1,0,round : 18,,Inter Milan,AFC Ajax,1,0,False,2005,18,Knockout,H,1,1,detailed_2005_2021,1527.568,1519.422,8.147,0.512,12,203,0.47783251231527096,1.6945812807881773,1.4088669950738917,1.0295566502463054,0.3793103448275862,1569.5,11,215,0.46511627906976744,1.627906976744186,1.613953488372093,1.1255813953488372,0.4883720930232558,1552.1,17.40000000000009,0.012716233245503528,0.06667430404399122,-0.20508649329820128,-0.09602474510253178
96,2006-03-28,Arsenal,Juventus,2,0,round : quarterfinals,,Arsenal FC,Juventus,2,0,False,2005,quarterfinals,Knockout,H,1,2,detailed_2005_2021,1553.824,1527.369,26.455,0.538,13,197,0.4720812182741117,1.6395939086294415,1.6446700507614214,1.1472081218274113,0.49746192893401014,1553.2,5,297,0.5084175084175084,1.754208754208754,1.589225589225589,1.0134680134680134,0.5757575757575758,1581.5,-28.299999999999955,-0.03633629014339673,-0.11461484557931256,0.05544446153583227,0.13374010835939787
97,2006-03-28,SL Benfica,Barcelona,0,0,round : quarterfinals,,SL Benfica,FC Barcelona,0,0,False,2005,quarterfinals,Knockout,D,0,0,detailed_2005_2021,1511.534,1546.097,-34.562,0.45,9,266,0.43609022556390975,1.537593984962406,1.6466165413533835,1.218045112781955,0.42857142857142855,1532.9,3,341,0.5747800586510264,1.9501466275659824,1.9794721407624636,1.0439882697947214,0.9354838709677419,1628.8,-95.89999999999986,-0.1386898330871167,-0.4125526426035764,-0.33285559940908005,0.17405684298723356
98,2006-03-29,Inter,Villarreal,2,1,round : quarterfinals,,Inter Milan,Villarreal CF,2,1,False,2005,quarterfinals,Knockout,H,1,1,detailed_2005_2021,1537.334,1508.854,28.48,0.541,12,203,0.47783251231527096,1.6945812807881773,1.4088669950738917,1.0295566502463054,0.3793103448275862,1569.5,72,40,0.275,1.2,1.075,1.25,-0.175,1482.6,86.90000000000009,0.20283251231527094,0.4945812807881773,0.3338669950738917,-0.22044334975369462
99,2006-03-29,Olympique Lyonnais,Milan,0,0,round : quarterfinals,,Olympique Lyon,AC Milan,0,0,False,2005,quarterfinals,Knockout,D,0,0,detailed_2005_2021,1554.071,1519.65,34.421,0.549,21,136,0.4264705882352941,1.5441176470588236,1.588235294117647,1.2279411764705883,0.3602941176470588,1535.8,6,265,0.47924528301886793,1.6981132075471699,1.6264150943396227,0.981132075471698,0.6452830188679245,1571.7,-35.90000000000009,-0.05277469478357383,-0.15399556048834628,-0.03817980022197576,0.2468091009988903
100,2006-04-04,Milan,Olympique Lyonnais,3,1,round : quarterfinals,,AC Milan,Olympique Lyon,3,1,False,2005,quarterfinals,Knockout,H,1,2,detailed_2005_2021,1520.637,1553.083,-32.446,0.453,6,265,0.47924528301886793,1.6981132075471699,1.6264150943396227,0.981132075471698,0.6452830188679245,1571.7,21,136,0.4264705882352941,1.5441176470588236,1.588235294117647,1.2279411764705883,0.3602941176470588,1535.8,35.90000000000009,0.05277469478357383,0.15399556048834628,0.03817980022197576,-0.2468091009988903
101,2006-04-04,Villarreal,Inter,1,0,round : quarterfinals,,Villarreal CF,Inter Milan,1,0,False,2005,quarterfinals,Knockout,H,1,1,detailed_2005_2021,1499.671,1546.516,-46.844,0.433,72,40,0.275,1.2,1.075,1.25,-0.175,1482.6,12,203,0.47783251231527096,1.6945812807881773,1.4088669950738917,1.0295566502463054,0.3793103448275862,1569.5,-86.90000000000009,-0.20283251231527094,-0.4945812807881773,-0.3338669950738917,0.22044334975369462
102,2006-04-05,Barcelona,SL Benfica,2,0,round : quarterfinals,,FC Barcelona,SL Benfica,2,0,False,2005,quarterfinals,Knockout,H,1,2,detailed_2005_2021,1545.105,1512.526,32.579,0.547,3,341,0.5747800586510264,1.9501466275659824,1.9794721407624636,1.0439882697947214,0.9354838709677419,1628.8,9,266,0.43609022556390975,1.537593984962406,1.6466165413533835,1.218045112781955,0.42857142857142855,1532.9,95.89999999999986,0.1386898330871167,0.4125526426035764,0.33285559940908005,-0.17405684298723356
103,2006-04-05,Juventus,Arsenal,0,0,round : quarterfinals,,Juventus,Arsenal FC,0,0,False,2005,quarterfinals,Knockout,D,0,0,detailed_2005_2021,1518.129,1563.064,-44.935,0.436,5,297,0.5084175084175084,1.754208754208754,1.589225589225589,1.0134680134680134,0.5757575757575758,1581.5,13,197,0.4720812182741117,1.6395939086294415,1.6446700507614214,1.1472081218274113,0.49746192893401014,1553.2,28.299999999999955,0.03633629014339673,0.11461484557931256,-0.05544446153583227,-0.13374010835939787
104,2006-04-18,Milan,Barcelona,0,1,round : semifinals,,AC Milan,FC Barcelona,0,1,False,2005,semifinals,Knockout,A,0,-1,detailed_2005_2021,1531.569,1554.17,-22.602,0.468,6,265,0.47924528301886793,1.6981132075471699,1.6264150943396227,0.981132075471698,0.6452830188679245,1571.7,3,341,0.5747800586510264,1.9501466275659824,1.9794721407624636,1.0439882697947214,0.9354838709677419,1628.8,-57.09999999999991,-0.09553477563215851,-0.25203342001881257,-0.35305704642284086,-0.06285619432302336
105,2006-04-19,Arsenal,Villarreal,1,0,round : semifinals,,Arsenal FC,Villarreal CF,1,0,False,2005,semifinals,Knockout,H,1,1,detailed_2005_2021,1561.778,1511.012,50.766,0.573,13,197,0.4720812182741117,1.6395939086294415,1.6446700507614214,1.1472081218274113,0.49746192893401014,1553.2,72,40,0.275,1.2,1.075,1.25,-0.175,1482.6,70.60000000000014,0.19708121827411168,0.4395939086294416,0.5696700507614214,-0.10279187817258872
106,2006-04-25,Villarreal,Arsenal,0,0,round : semifinals,,Villarreal CF,Arsenal FC,0,0,False,2005,semifinals,Knockout,D,0,0,detailed_2005_2021,1502.462,1570.327,-67.865,0.404,72,40,0.275,1.2,1.075,1.25,-0.175,1482.6,13,197,0.4720812182741117,1.6395939086294415,1.6446700507614214,1.1472081218274113,0.49746192893401014,1553.2,-70.60000000000014,-0.19708121827411168,-0.4395939086294416,-0.5696700507614214,0.10279187817258872
107,2006-04-26,Barcelona,Milan,0,0,round : semifinals,,FC Barcelona,AC Milan,0,0,False,2005,semifinals,Knockout,D,0,0,detailed_2005_2021,1563.521,1522.218,41.303,0.559,3,341,0.5747800586510264,1.9501466275659824,1.9794721407624636,1.0439882697947214,0.9354838709677419,1628.8,6,265,0.47924528301886793,1.6981132075471699,1.6264150943396227,0.981132075471698,0.6452830188679245,1571.7,57.09999999999991,0.09553477563215851,0.25203342001881257,0.35305704642284086,0.06285619432302336
108,2006-05-17,Barcelona,Arsenal,2,1,round : final,,FC Barcelona,Arsenal FC,2,1,False,2005,final,Knockout,H,1,1,detailed_2005_2021,1562.338,1568.398,-6.061,0.491,3,341,0.5747800586510264,1.9501466275659824,1.9794721407624636,1.0439882697947214,0.9354838709677419,1628.8,13,197,0.4720812182741117,1.6395939086294415,1.6446700507614214,1.1472081218274113,0.49746192893401014,1553.2,75.59999999999991,0.10269884037691474,0.3105527189365409,0.3348020900010422,-0.10321985203268991
109,2006-09-12,Barcelona,Levski Sofia,5,0,round : 1,A,FC Barcelona,Levski Sofia,5,0,False,2006,1,Group,H,1,5,detailed_2005_2021,1572.512,1500.0,72.512,0.603,3,341,0.5747800586510264,1.9501466275659824,1.9794721407624636,1.0439882697947214,0.9354838709677419,1628.8,132,28,0.14285714285714285,0.6071428571428571,1.25,2.1785714285714284,-0.9285714285714286,1387.7,241.0999999999999,0.4319229157938836,1.3430037704231252,0.7294721407624636,-1.134583158776707
110,2006-09-12,Chelsea,Werder Bremen,2,0,round : 1,A,Chelsea FC,Werder Bremen,2,0,False,2006,1,Group,H,1,2,detailed_2005_2021,1509.237,1484.255,24.981,0.536,10,197,0.5126903553299492,1.8020304568527918,1.7106598984771573,0.934010152284264,0.7766497461928934,1593.5,51,60,0.38333333333333336,1.3833333333333333,1.6,1.65,-0.05,1500.0,93.5,0.12935702199661586,0.41869712351945854,0.11065989847715718,-0.7159898477157359
111,2006-09-12,Bayern München,Spartak Moscow,4,0,round : 1,B,Bayern Munich,Spartak Moskva,4,0,False,2006,1,Group,H,1,4,detailed_2005_2021,1516.166,1500.0,16.166,0.523,2,388,0.595360824742268,1.9871134020618557,2.105670103092784,1.0051546391752575,1.1005154639175259,1636.0,34,104,0.3269230769230769,1.2019230769230769,1.4038461538461535,1.625,-0.22115384615384615,1463.4,172.5999999999999,0.2684377478191911,0.7851903251387788,0.7018239492466305,-0.6198453608247425
112,2006-09-12,Sporting CP,Inter,1,0,round : 1,B,Sporting CP,Inter Milan,1,0,False,2006,1,Group,H,1,1,detailed_2005_2021,1500.0,1535.176,-35.176,0.45,44,92,0.30434782608695654,1.076086956521739,1.358695652173913,1.7934782608695652,-0.43478260869565216,1434.1,12,203,0.47783251231527096,1.6945812807881773,1.4088669950738917,1.0295566502463054,0.3793103448275862,1569.5,-135.4000000000001,-0.17348468622831442,-0.6184943242664382,-0.0501713428999786,0.7639216106232598
113,2006-09-12,Galatasaray,Bordeaux,0,0,round : 1,C,Galatasaray,Girondins Bordeaux,0,0,False,2006,1,Group,D,0,0,detailed_2005_2021,1500.0,1500.0,0.0,0.5,24,161,0.2670807453416149,1.0559006211180124,1.0807453416149069,1.6832298136645962,-0.6024844720496895,1434.0,52,50,0.42,1.58,1.08,1.08,0.0,1539.9,-105.90000000000009,-0.15291925465838507,-0.5240993788819877,0.0007453416149068026,0.6032298136645962
114,2006-09-12,PSV Eindhoven,Liverpool,0,0,round : 1,C,PSV Eindhoven,Liverpool FC,0,0,False,2006,1,Group,D,0,0,detailed_2005_2021,1482.355,1505.507,-23.152,0.467,19,171,0.3391812865497076,1.2690058479532165,1.2456140350877194,1.3099415204678362,-0.06432748538011696,1478.1,7,230,0.5565217391304348,1.8782608695652174,1.891304347826087,0.9608695652173912,0.9304347826086956,1606.0,-127.90000000000009,-0.2173404525807272,-0.609255021612001,-0.6456903127383675,0.349071955250445
115,2006-09-12,Olympiacos,Valencia,2,4,round : 1,D,Olympiakos Piraeus,Valencia CF,2,4,False,2006,1,Group,A,0,-2,detailed_2005_2021,1463.303,1500.0,-36.697,0.447,25,156,0.30128205128205127,1.0833333333333333,1.1282051282051282,1.698717948717949,-0.5705128205128205,1432.0,23,116,0.41379310344827586,1.5344827586206897,1.456896551724138,1.0775862068965518,0.3793103448275862,1535.9,-103.90000000000009,-0.11251105216622459,-0.45114942528735646,-0.3286914235190097,0.6211317418213971
116,2006-09-12,Roma,Shakhtar Donetsk,4,0,round : 1,D,AS Roma,Shakhtar Donetsk,4,0,False,2006,1,Group,H,1,4,detailed_2005_2021,1500.0,1500.0,0.0,0.5,28,109,0.3761467889908257,1.3669724770642202,1.3669724770642202,1.4587155963302751,-0.09174311926605505,1497.3,31,118,0.3305084745762712,1.2118644067796611,1.3644067796610169,1.7627118644067796,-0.3983050847457627,1464.6,32.700000000000045,0.045638314414554515,0.15510807028455909,0.0025656974032033375,-0.3039962680765045
117,2006-09-13,Dynamo Kyiv,FCSB,1,4,round : 1,E,Dinamo Kiev,FCSB,1,4,False,2006,1,Group,A,0,-3,detailed_2005_2021,1500.0,1500.0,0.0,0.5,18,186,0.34946236559139787,1.2688172043010753,1.2311827956989247,1.3494623655913978,-0.11827956989247312,1474.7,45,87,0.28735632183908044,1.1149425287356323,1.1954022988505748,1.471264367816092,-0.27586206896551724,1451.0,23.700000000000045,0.06210604375231743,0.153874675565443,0.03578049684834994,-0.12180200222469417
118,2006-09-13,Olympique Lyonnais,Real Madrid,2,0,round : 1,E,Olympique Lyon,Real Madrid,2,0,False,2006,1,Group,H,1,2,detailed_2005_2021,1542.152,1511.952,30.2,0.543,21,136,0.4264705882352941,1.5441176470588236,1.588235294117647,1.2279411764705883,0.3602941176470588,1535.8,1,486,0.5987654320987654,1.97119341563786,2.213991769547325,1.117283950617284,1.0967078189300412,1630.0,-94.20000000000005,-0.17229484386347133,-0.4270757685790365,-0.625756475429678,0.11065722585330429
119,2006-09-13,FC København,SL Benfica,0,0,round : 1,F,FC København,SL Benfica,0,0,False,2006,1,Group,D,0,0,detailed_2005_2021,1500.0,1503.461,-3.461,0.495,79,44,0.25,1.0227272727272727,0.8863636363636364,1.5227272727272727,-0.6363636363636364,1445.3,9,266,0.43609022556390975,1.537593984962406,1.6466165413533835,1.218045112781955,0.42857142857142855,1532.9,-87.60000000000014,-0.18609022556390975,-0.5148667122351334,-0.7602529049897472,0.3046821599453178
120,2006-09-13,Manchester United,Celtic,3,2,round : 1,F,Manchester United,Celtic FC,3,2,False,2006,1,Group,H,1,1,detailed_2005_2021,1499.474,1500.0,-0.526,0.499,4,289,0.5294117647058824,1.8269896193771626,1.813148788927336,1.038062283737024,0.7750865051903114,1599.3,20,156,0.391025641025641,1.3525641025641026,1.3846153846153846,1.4230769230769231,-0.038461538461538464,1488.2,111.09999999999991,0.13838612368024134,0.47442551681306,0.4285334043119515,-0.3850146393398992
121,2006-09-13,FC Porto,CSKA Moscow,0,0,round : 1,G,FC Porto,CSKA Moskva,0,0,False,2006,1,Group,D,0,0,detailed_2005_2021,1482.183,1500.0,-17.817,0.474,8,265,0.4528301886792453,1.5773584905660378,1.4792452830188678,1.1547169811320754,0.32452830188679244,1540.4,47,86,0.26744186046511625,1.0348837209302326,1.1395348837209305,1.6395348837209305,-0.5,1433.7,106.70000000000005,0.18538832821412904,0.5424747696358052,0.33971039929793734,-0.48481790258885504
122,2006-09-13,Hamburger SV,Arsenal,1,2,round : 1,G,Hamburger SV,Arsenal FC,1,2,False,2006,1,Group,A,0,-1,detailed_2005_2021,1500.0,1558.224,-58.224,0.417,67,39,0.46153846153846156,1.5384615384615385,1.7692307692307692,1.4102564102564104,0.358974358974359,1517.7,13,197,0.4720812182741117,1.6395939086294415,1.6446700507614214,1.1472081218274113,0.49746192893401014,1553.2,-35.5,-0.010542756735650138,-0.101132370167903,0.1245607184693478,0.2630482884289991
123,2006-09-13,Milan,AEK Athens,3,0,round : 1,H,AC Milan,AEK Athen,3,0,False,2006,1,Group,H,1,3,detailed_2005_2021,1523.401,1500.0,23.401,0.534,6,265,0.47924528301886793,1.6981132075471699,1.6264150943396227,0.981132075471698,0.6452830188679245,1571.7,77,56,0.16071428571428573,0.8214285714285714,1.0357142857142858,1.7857142857142858,-0.75,1411.3,160.4000000000001,0.31853099730458223,0.8766846361185985,0.5907008086253369,-0.8045822102425878
124,2006-09-13,RSC Anderlecht,Lille OSC,1,1,round : 1,H,RSC Anderlecht,Lille OSC,1,1,False,2006,1,Group,D,0,0,detailed_2005_2021,1453.576,1501.068,-47.492,0.432,22,163,0.32515337423312884,1.1901840490797546,1.3312883435582823,1.7239263803680982,-0.39263803680981596,1458.0,82,46,0.1956521739130435,0.9130434782608695,0.8260869565217391,1.2391304347826086,-0.41304347826086957,1430.7,27.299999999999955,0.12950120032008536,0.2771405708188851,0.5052013870365432,0.48479594558548955
133,2006-09-26,FCSB,Olympique Lyonnais,0,3,round : 2,E,FCSB,Olympique Lyon,0,3,False,2006,2,Group,A,0,-3,detailed_2005_2021,1510.0,1551.285,-41.285,0.441,45,87,0.28735632183908044,1.1149425287356323,1.1954022988505748,1.471264367816092,-0.27586206896551724,1451.0,21,136,0.4264705882352941,1.5441176470588236,1.588235294117647,1.2279411764705883,0.3602941176470588,1535.8,-84.79999999999995,-0.13911426639621366,-0.42917511832319133,-0.39283299526707216,0.24332319134550362
134,2006-09-26,Real Madrid,Dynamo Kyiv,5,1,round : 2,E,Real Madrid,Dinamo Kiev,5,1,False,2006,2,Group,H,1,4,detailed_2005_2021,1502.819,1490.0,12.819,0.518,1,486,0.5987654320987654,1.97119341563786,2.213991769547325,1.117283950617284,1.0967078189300412,1630.0,18,186,0.34946236559139787,1.2688172043010753,1.2311827956989247,1.3494623655913978,-0.11827956989247312,1474.7,155.29999999999995,0.24930306650736755,0.7023762113367849,0.9828089738484003,-0.23217841497411373
135,2006-09-26,Celtic,FC København,1,0,round : 2,F,Celtic FC,FC København,1,0,False,2006,2,Group,H,1,1,detailed_2005_2021,1489.985,1500.1,-10.115,0.485,20,156,0.391025641025641,1.3525641025641026,1.3846153846153846,1.4230769230769231,-0.038461538461538464,1488.2,79,44,0.25,1.0227272727272727,0.8863636363636364,1.5227272727272727,-0.6363636363636364,1445.3,42.90000000000009,0.14102564102564102,0.32983682983682994,0.4982517482517482,-0.09965034965034958
136,2006-09-26,SL Benfica,Manchester United,0,1,round : 2,F,SL Benfica,Manchester United,0,1,False,2006,2,Group,A,0,-1,detailed_2005_2021,1503.361,1509.489,-6.128,0.491,9,266,0.43609022556390975,1.537593984962406,1.6466165413533835,1.218045112781955,0.42857142857142855,1532.9,4,289,0.5294117647058824,1.8269896193771626,1.813148788927336,1.038062283737024,0.7750865051903114,1599.3,-66.39999999999986,-0.09332153914197261,-0.2893956344147566,-0.16653224757395257,0.17998282904493101
137,2006-09-26,CSKA Moscow,Hamburger SV,1,0,round : 2,G,CSKA Moskva,Hamburger SV,1,0,False,2006,2,Group,H,1,1,detailed_2005_2021,1499.488,1491.66,7.827,0.511,47,86,0.26744186046511625,1.0348837209302326,1.1395348837209305,1.6395348837209305,-0.5,1433.7,67,39,0.46153846153846156,1.5384615384615385,1.7692307692307692,1.4102564102564104,0.358974358974359,1517.7,-84.0,-0.1940966010733453,-0.5035778175313059,-0.6296958855098387,0.22927847346452013
138,2006-09-26,Arsenal,FC Porto,2,0,round : 2,G,Arsenal FC,FC Porto,2,0,False,2006,2,Group,H,1,2,detailed_2005_2021,1566.563,1482.695,83.868,0.618,13,197,0.4720812182741117,1.6395939086294415,1.6446700507614214,1.1472081218274113,0.49746192893401014,1553.2,8,265,0.4528301886792453,1.5773584905660378,1.4792452830188678,1.1547169811320754,0.32452830188679244,1540.4,12.799999999999955,0.01925102959486641,0.062235418063403714,0.16542476774255355,-0.007508859304664162
139,2006-09-26,AEK Athens,RSC Anderlecht,1,1,round : 2,H,AEK Athen,RSC Anderlecht,1,1,False,2006,2,Group,D,0,0,detailed_2005_2021,1490.673,1454.934,35.738,0.551,77,56,0.16071428571428573,0.8214285714285714,1.0357142857142858,1.7857142857142858,-0.75,1411.3,22,163,0.32515337423312884,1.1901840490797546,1.3312883435582823,1.7239263803680982,-0.39263803680981596,1458.0,-46.700000000000045,-0.16443908851884312,-0.3687554776511832,-0.2955740578439965,0.06178790534618761
140,2006-09-26,Lille OSC,Milan,0,0,round : 2,H,Lille OSC,AC Milan,0,0,False,2006,2,Group,D,0,0,detailed_2005_2021,1499.71,1532.729,-33.019,0.453,82,46,0.1956521739130435,0.9130434782608695,0.8260869565217391,1.2391304347826086,-0.41304347826086957,1430.7,6,265,0.47924528301886793,1.6981132075471699,1.6264150943396227,0.981132075471698,0.6452830188679245,1571.7,-141.0,-0.28359310910582447,-0.7850697292863004,-0.8003281378178836,0.25799835931091064
125,2006-09-27,Levski Sofia,Chelsea,1,3,round : 2,A,Levski Sofia,Chelsea FC,1,3,False,2006,2,Group,A,0,-2,detailed_2005_2021,1492.057,1518.519,-26.462,0.462,132,28,0.14285714285714285,0.6071428571428571,1.25,2.1785714285714284,-0.9285714285714286,1387.7,10,197,0.5126903553299492,1.8020304568527918,1.7106598984771573,0.934010152284264,0.7766497461928934,1593.5,-205.79999999999995,-0.36983321247280637,-1.1948875997099346,-0.46065989847715727,1.2445612762871643
126,2006-09-27,Werder Bremen,Barcelona,1,1,round : 2,A,Werder Bremen,FC Barcelona,1,1,False,2006,2,Group,D,0,0,detailed_2005_2021,1474.973,1580.455,-105.482,0.353,51,60,0.38333333333333336,1.3833333333333333,1.6,1.65,-0.05,1500.0,3,341,0.5747800586510264,1.9501466275659824,1.9794721407624636,1.0439882697947214,0.9354838709677419,1628.8,-128.79999999999995,-0.19144672531769308,-0.5668132942326491,-0.3794721407624635,0.6060117302052785
127,2006-09-27,Spartak Moscow,Sporting CP,1,1,round : 2,B,Spartak Moskva,Sporting CP,1,1,False,2006,2,Group,D,0,0,detailed_2005_2021,1490.465,1511.009,-20.544,0.47,34,104,0.3269230769230769,1.2019230769230769,1.4038461538461535,1.625,-0.22115384615384615,1463.4,44,92,0.30434782608695654,1.076086956521739,1.358695652173913,1.7934782608695652,-0.43478260869565216,1434.1,29.300000000000182,0.022575250836120386,0.12583612040133785,0.04515050167224044,-0.1684782608695652
128,2006-09-27,Inter,Bayern München,0,2,round : 2,B,Inter Milan,Bayern Munich,0,2,False,2006,2,Group,A,0,-2,detailed_2005_2021,1524.167,1525.701,-1.534,0.498,12,203,0.47783251231527096,1.6945812807881773,1.4088669950738917,1.0295566502463054,0.3793103448275862,1569.5,2,388,0.595360824742268,1.9871134020618557,2.105670103092784,1.0051546391752575,1.1005154639175259,1636.0,-66.5,-0.11752831242699707,-0.29253212127367845,-0.6968031080188923,0.02440201107104789
129,2006-09-27,Bordeaux,PSV Eindhoven,0,1,round : 2,C,Girondins Bordeaux,PSV Eindhoven,0,1,False,2006,2,Group,A,0,-1,detailed_2005_2021,1500.0,1483.02,16.98,0.524,52,50,0.42,1.58,1.08,1.08,0.0,1539.9,19,171,0.3391812865497076,1.2690058479532165,1.2456140350877194,1.3099415204678362,-0.06432748538011696,1478.1,61.80000000000018,0.0808187134502924,0.3109941520467836,-0.16561403508771932,-0.2299415204678361
130,2006-09-27,Liverpool,Galatasaray,3,2,round : 2,C,Liverpool FC,Galatasaray,3,2,False,2006,2,Group,H,1,1,detailed_2005_2021,1504.842,1500.0,4.842,0.507,7,230,0.5565217391304348,1.8782608695652174,1.891304347826087,0.9608695652173912,0.9304347826086956,1606.0,24,161,0.2670807453416149,1.0559006211180124,1.0807453416149069,1.6832298136645962,-0.6024844720496895,1434.0,172.0,0.2894409937888199,0.822360248447205,0.81055900621118,-0.722360248447205
131,2006-09-27,Shakhtar Donetsk,Olympiacos,2,2,round : 2,D,Shakhtar Donetsk,Olympiakos Piraeus,2,2,False,2006,2,Group,D,0,0,detailed_2005_2021,1490.0,1454.356,35.644,0.551,31,118,0.3305084745762712,1.2118644067796611,1.3644067796610169,1.7627118644067796,-0.3983050847457627,1464.6,25,156,0.30128205128205127,1.0833333333333333,1.1282051282051282,1.698717948717949,-0.5705128205128205,1432.0,32.59999999999991,0.029226423294219928,0.12853107344632786,0.23620165145588867,0.06399391568883073
132,2006-09-27,Valencia,Roma,2,1,round : 2,D,Valencia CF,AS Roma,2,1,False,2006,2,Group,H,1,1,detailed_2005_2021,1508.948,1510.0,-1.052,0.498,23,116,0.41379310344827586,1.5344827586206897,1.456896551724138,1.0775862068965518,0.3793103448275862,1535.9,28,109,0.3761467889908257,1.3669724770642202,1.3669724770642202,1.4587155963302751,-0.09174311926605505,1497.3,38.600000000000136,0.03764631445745015,0.16751028155646952,0.0899240746599177,-0.3811293894337233
149,2006-10-17,Dynamo Kyiv,Olympique Lyonnais,0,3,round : 3,E,Dinamo Kiev,Olympique Lyon,0,3,False,2006,3,Group,A,0,-3,detailed_2005_2021,1480.369,1560.102,-79.734,0.387,18,186,0.34946236559139787,1.2688172043010753,1.2311827956989247,1.3494623655913978,-0.11827956989247312,1474.7,21,136,0.4264705882352941,1.5441176470588236,1.588235294117647,1.2279411764705883,0.3602941176470588,1535.8,-61.09999999999991,-0.07700822264389623,-0.27530044275774834,-0.3570524984187222,0.12152118912080945
150,2006-10-17,FCSB,Real Madrid,1,4,round : 3,E,FCSB,Real Madrid,1,4,False,2006,3,Group,A,0,-3,detailed_2005_2021,1501.183,1512.45,-11.268,0.484,45,87,0.28735632183908044,1.1149425287356323,1.1954022988505748,1.471264367816092,-0.27586206896551724,1451.0,1,486,0.5987654320987654,1.97119341563786,2.213991769547325,1.117283950617284,1.0967078189300412,1630.0,-179.0,-0.311409110259685,-0.8562508869022278,-1.0185894706967502,0.3539804171988079
151,2006-10-17,Celtic,SL Benfica,3,0,round : 3,F,Celtic FC,SL Benfica,3,0,False,2006,3,Group,H,1,3,detailed_2005_2021,1500.276,1493.538,6.738,0.51,20,156,0.391025641025641,1.3525641025641026,1.3846153846153846,1.4230769230769231,-0.038461538461538464,1488.2,9,266,0.43609022556390975,1.537593984962406,1.6466165413533835,1.218045112781955,0.42857142857142855,1532.9,-44.700000000000045,-0.045064584538268726,-0.18502988239830342,-0.26200115673799895,0.2050318102949682
152,2006-10-17,Manchester United,FC København,3,0,round : 3,F,Manchester United,FC København,3,0,False,2006,3,Group,H,1,3,detailed_2005_2021,1519.313,1489.809,29.504,0.542,4,289,0.5294117647058824,1.8269896193771626,1.813148788927336,1.038062283737024,0.7750865051903114,1599.3,79,44,0.25,1.0227272727272727,0.8863636363636364,1.5227272727272727,-0.6363636363636364,1445.3,154.0,0.27941176470588236,0.8042623466498899,0.9267851525636998,-0.4846649889902488
153,2006-10-17,CSKA Moscow,Arsenal,1,0,round : 3,G,CSKA Moskva,Arsenal FC,1,0,False,2006,3,Group,H,1,1,detailed_2005_2021,1509.262,1574.195,-64.933,0.408,47,86,0.26744186046511625,1.0348837209302326,1.1395348837209305,1.6395348837209305,-0.5,1433.7,13,197,0.4720812182741117,1.6395939086294415,1.6446700507614214,1.1472081218274113,0.49746192893401014,1553.2,-119.5,-0.20463935780899545,-0.6047101876992089,-0.5051351670404909,0.4923267618935192
154,2006-10-17,FC Porto,Hamburger SV,4,1,round : 3,G,FC Porto,Hamburger SV,4,1,False,2006,3,Group,H,1,3,detailed_2005_2021,1475.063,1481.886,-6.822,0.49,8,265,0.4528301886792453,1.5773584905660378,1.4792452830188678,1.1547169811320754,0.32452830188679244,1540.4,67,39,0.46153846153846156,1.5384615384615385,1.7692307692307692,1.4102564102564104,0.358974358974359,1517.7,22.700000000000045,-0.00870827285921627,0.03889695210449928,-0.28998548621190134,-0.2555394291243349
155,2006-10-17,Lille OSC,AEK Athens,3,1,round : 3,H,Lille OSC,AEK Athen,3,1,False,2006,3,Group,H,1,2,detailed_2005_2021,1500.657,1489.648,11.01,0.516,82,46,0.1956521739130435,0.9130434782608695,0.8260869565217391,1.2391304347826086,-0.41304347826086957,1430.7,77,56,0.16071428571428573,0.8214285714285714,1.0357142857142858,1.7857142857142858,-0.75,1411.3,19.40000000000009,0.03493788819875776,0.09161490683229812,-0.20962732919254667,-0.5465838509316772
156,2006-10-17,RSC Anderlecht,Milan,0,1,round : 3,H,RSC Anderlecht,AC Milan,0,1,False,2006,3,Group,A,0,-1,detailed_2005_2021,1455.959,1531.781,-75.822,0.393,22,163,0.32515337423312884,1.1901840490797546,1.3312883435582823,1.7239263803680982,-0.39263803680981596,1458.0,6,265,0.47924528301886793,1.6981132075471699,1.6264150943396227,0.981132075471698,0.6452830188679245,1571.7,-113.70000000000005,-0.15409190878573908,-0.5079291584674153,-0.29512675078134043,0.7427943048964002
141,2006-10-18,Chelsea,Barcelona,1,0,round : 3,A,Chelsea FC,FC Barcelona,1,0,False,2006,3,Group,H,1,1,detailed_2005_2021,1527.759,1577.509,-49.75,0.429,10,197,0.5126903553299492,1.8020304568527918,1.7106598984771573,0.934010152284264,0.7766497461928934,1593.5,3,341,0.5747800586510264,1.9501466275659824,1.9794721407624636,1.0439882697947214,0.9354838709677419,1628.8,-35.299999999999955,-0.062089703321077216,-0.1481161707131906,-0.2688122422853063,-0.10997811751045738
142,2006-10-18,Werder Bremen,Levski Sofia,2,0,round : 3,A,Werder Bremen,Levski Sofia,2,0,False,2006,3,Group,H,1,2,detailed_2005_2021,1477.919,1482.817,-4.898,0.493,51,60,0.38333333333333336,1.3833333333333333,1.6,1.65,-0.05,1500.0,132,28,0.14285714285714285,0.6071428571428571,1.25,2.1785714285714284,-0.9285714285714286,1387.7,112.29999999999995,0.2404761904761905,0.7761904761904762,0.3500000000000001,-0.5285714285714285
143,2006-10-18,Inter,Spartak Moscow,2,1,round : 3,B,Inter Milan,Spartak Moskva,2,1,False,2006,3,Group,H,1,1,detailed_2005_2021,1514.211,1491.056,23.155,0.533,12,203,0.47783251231527096,1.6945812807881773,1.4088669950738917,1.0295566502463054,0.3793103448275862,1569.5,34,104,0.3269230769230769,1.2019230769230769,1.4038461538461535,1.625,-0.22115384615384615,1463.4,106.09999999999991,0.15090943539219404,0.4926582038651004,0.00502084122773816,-0.5954433497536946
144,2006-10-18,Sporting CP,Bayern München,0,1,round : 3,B,Sporting CP,Bayern Munich,0,1,False,2006,3,Group,A,0,-1,detailed_2005_2021,1510.418,1535.657,-25.238,0.464,44,92,0.30434782608695654,1.076086956521739,1.358695652173913,1.7934782608695652,-0.43478260869565216,1434.1,2,388,0.595360824742268,1.9871134020618557,2.105670103092784,1.0051546391752575,1.1005154639175259,1636.0,-201.9000000000001,-0.2910129986553115,-0.9110264455401167,-0.7469744509188709,0.7883236216943077
145,2006-10-18,Bordeaux,Liverpool,0,1,round : 3,C,Girondins Bordeaux,Liverpool FC,0,1,False,2006,3,Group,A,0,-1,detailed_2005_2021,1489.512,1514.703,-25.191,0.464,52,50,0.42,1.58,1.08,1.08,0.0,1539.9,7,230,0.5565217391304348,1.8782608695652174,1.891304347826087,0.9608695652173912,0.9304347826086956,1606.0,-66.09999999999991,-0.1365217391304348,-0.29826086956521736,-0.8113043478260868,0.11913043478260887
146,2006-10-18,Galatasaray,PSV Eindhoven,1,2,round : 3,C,Galatasaray,PSV Eindhoven,1,2,False,2006,3,Group,A,0,-1,detailed_2005_2021,1490.139,1493.509,-3.369,0.495,24,161,0.2670807453416149,1.0559006211180124,1.0807453416149069,1.6832298136645962,-0.6024844720496895,1434.0,19,171,0.3391812865497076,1.2690058479532165,1.2456140350877194,1.3099415204678362,-0.06432748538011696,1478.1,-44.09999999999991,-0.07210054120809267,-0.21310522683520405,-0.16486869347281252,0.37328829319676005
147,2006-10-18,Olympiacos,Roma,0,1,round : 3,D,Olympiakos Piraeus,AS Roma,0,1,False,2006,3,Group,A,0,-1,detailed_2005_2021,1455.378,1499.97,-44.592,0.436,25,156,0.30128205128205127,1.0833333333333333,1.1282051282051282,1.698717948717949,-0.5705128205128205,1432.0,28,109,0.3761467889908257,1.3669724770642202,1.3669724770642202,1.4587155963302751,-0.09174311926605505,1497.3,-65.29999999999995,-0.07486473770877444,-0.28363914373088694,-0.238767348859092,0.24000235238767376
148,2006-10-18,Valencia,Shakhtar Donetsk,2,0,round : 3,D,Valencia CF,Shakhtar Donetsk,2,0,False,2006,3,Group,H,1,2,detailed_2005_2021,1518.978,1488.978,30.0,0.543,23,116,0.41379310344827586,1.5344827586206897,1.456896551724138,1.0775862068965518,0.3793103448275862,1535.9,31,118,0.3305084745762712,1.2118644067796611,1.3644067796610169,1.7627118644067796,-0.3983050847457627,1464.6,71.30000000000018,0.08328462887200466,0.3226183518410286,0.09248977206312103,-0.6851256575102278
157,2006-10-31,Barcelona,Chelsea,2,2,round : 4,A,FC Barcelona,Chelsea FC,2,2,False,2006,4,Group,D,0,0,detailed_2005_2021,1566.086,1539.181,26.905,0.539,3,341,0.5747800586510264,1.9501466275659824,1.9794721407624636,1.0439882697947214,0.9354838709677419,1628.8,10,197,0.5126903553299492,1.8020304568527918,1.7106598984771573,0.934010152284264,0.7766497461928934,1593.5,35.299999999999955,0.062089703321077216,0.1481161707131906,0.2688122422853063,0.10997811751045738
158,2006-10-31,Levski Sofia,Werder Bremen,0,3,round : 4,A,Levski Sofia,Werder Bremen,0,3,False,2006,4,Group,A,0,-3,detailed_2005_2021,1472.676,1488.06,-15.384,0.478,132,28,0.14285714285714285,0.6071428571428571,1.25,2.1785714285714284,-0.9285714285714286,1387.7,51,60,0.38333333333333336,1.3833333333333333,1.6,1.65,-0.05,1500.0,-112.29999999999995,-0.2404761904761905,-0.7761904761904762,-0.3500000000000001,0.5285714285714285
159,2006-10-31,Spartak Moscow,Inter,0,1,round : 4,B,Spartak Moskva,Inter Milan,0,1,False,2006,4,Group,A,0,-1,detailed_2005_2021,1481.721,1523.545,-41.824,0.44,34,104,0.3269230769230769,1.2019230769230769,1.4038461538461535,1.625,-0.22115384615384615,1463.4,12,203,0.47783251231527096,1.6945812807881773,1.4088669950738917,1.0295566502463054,0.3793103448275862,1569.5,-106.09999999999991,-0.15090943539219404,-0.4926582038651004,-0.00502084122773816,0.5954433497536946
160,2006-10-31,Bayern München,Sporting CP,0,0,round : 4,B,Bayern Munich,Sporting CP,0,0,False,2006,4,Group,D,0,0,detailed_2005_2021,1544.932,1501.144,43.788,0.563,2,388,0.595360824742268,1.9871134020618557,2.105670103092784,1.0051546391752575,1.1005154639175259,1636.0,44,92,0.30434782608695654,1.076086956521739,1.358695652173913,1.7934782608695652,-0.43478260869565216,1434.1,201.9000000000001,0.2910129986553115,0.9110264455401167,0.7469744509188709,-0.7883236216943077
161,2006-10-31,Liverpool,Bordeaux,3,0,round : 4,C,Liverpool FC,Girondins Bordeaux,3,0,False,2006,4,Group,H,1,3,detailed_2005_2021,1523.979,1480.235,43.743,0.563,7,230,0.5565217391304348,1.8782608695652174,1.891304347826087,0.9608695652173912,0.9304347826086956,1606.0,52,50,0.42,1.58,1.08,1.08,0.0,1539.9,66.09999999999991,0.1365217391304348,0.29826086956521736,0.8113043478260868,-0.11913043478260887
162,2006-10-31,PSV Eindhoven,Galatasaray,2,0,round : 4,C,PSV Eindhoven,Galatasaray,2,0,False,2006,4,Group,H,1,2,detailed_2005_2021,1503.412,1480.236,23.175,0.533,19,171,0.3391812865497076,1.2690058479532165,1.2456140350877194,1.3099415204678362,-0.06432748538011696,1478.1,24,161,0.2670807453416149,1.0559006211180124,1.0807453416149069,1.6832298136645962,-0.6024844720496895,1434.0,44.09999999999991,0.07210054120809267,0.21310522683520405,0.16486869347281252,-0.37328829319676005
163,2006-10-31,Roma,Olympiacos,1,1,round : 4,D,AS Roma,Olympiakos Piraeus,1,1,False,2006,4,Group,D,0,0,detailed_2005_2021,1508.693,1446.655,62.039,0.588,28,109,0.3761467889908257,1.3669724770642202,1.3669724770642202,1.4587155963302751,-0.09174311926605505,1497.3,25,156,0.30128205128205127,1.0833333333333333,1.1282051282051282,1.698717948717949,-0.5705128205128205,1432.0,65.29999999999995,0.07486473770877444,0.28363914373088694,0.238767348859092,-0.24000235238767376
164,2006-10-31,Shakhtar Donetsk,Valencia,2,2,round : 4,D,Shakhtar Donetsk,Valencia CF,2,2,False,2006,4,Group,D,0,0,detailed_2005_2021,1479.839,1528.117,-48.278,0.431,31,118,0.3305084745762712,1.2118644067796611,1.3644067796610169,1.7627118644067796,-0.3983050847457627,1464.6,23,116,0.41379310344827586,1.5344827586206897,1.456896551724138,1.0775862068965518,0.3793103448275862,1535.9,-71.30000000000018,-0.08328462887200466,-0.3226183518410286,-0.09248977206312103,0.6851256575102278
165,2006-11-01,Olympique Lyonnais,Dynamo Kyiv,1,0,round : 4,E,Olympique Lyon,Dinamo Kiev,1,0,False,2006,4,Group,H,1,1,detailed_2005_2021,1567.847,1472.624,95.223,0.634,21,136,0.4264705882352941,1.5441176470588236,1.588235294117647,1.2279411764705883,0.3602941176470588,1535.8,18,186,0.34946236559139787,1.2688172043010753,1.2311827956989247,1.3494623655913978,-0.11827956989247312,1474.7,61.09999999999991,0.07700822264389623,0.27530044275774834,0.3570524984187222,-0.12152118912080945
166,2006-11-01,Real Madrid,FCSB,1,0,round : 4,E,Real Madrid,FCSB,1,0,False,2006,4,Group,H,1,1,detailed_2005_2021,1522.126,1491.507,30.619,0.544,1,486,0.5987654320987654,1.97119341563786,2.213991769547325,1.117283950617284,1.0967078189300412,1630.0,45,87,0.28735632183908044,1.1149425287356323,1.1954022988505748,1.471264367816092,-0.27586206896551724,1451.0,179.0,0.311409110259685,0.8562508869022278,1.0185894706967502,-0.3539804171988079
167,2006-11-01,FC København,Manchester United,1,0,round : 4,F,FC København,Manchester United,1,0,False,2006,4,Group,H,1,1,detailed_2005_2021,1480.656,1528.466,-47.81,0.432,79,44,0.25,1.0227272727272727,0.8863636363636364,1.5227272727272727,-0.6363636363636364,1445.3,4,289,0.5294117647058824,1.8269896193771626,1.813148788927336,1.038062283737024,0.7750865051903114,1599.3,-154.0,-0.27941176470588236,-0.8042623466498899,-0.9267851525636998,0.4846649889902488
168,2006-11-01,SL Benfica,Celtic,3,0,round : 4,F,SL Benfica,Celtic FC,3,0,False,2006,4,Group,H,1,3,detailed_2005_2021,1483.732,1510.082,-26.35,0.462,9,266,0.43609022556390975,1.537593984962406,1.6466165413533835,1.218045112781955,0.42857142857142855,1532.9,20,156,0.391025641025641,1.3525641025641026,1.3846153846153846,1.4230769230769231,-0.038461538461538464,1488.2,44.700000000000045,0.045064584538268726,0.18502988239830342,0.26200115673799895,-0.2050318102949682
169,2006-11-01,Arsenal,CSKA Moscow,0,0,round : 4,G,Arsenal FC,CSKA Moskva,0,0,False,2006,4,Group,D,0,0,detailed_2005_2021,1562.348,1521.11,41.238,0.559,13,197,0.4720812182741117,1.6395939086294415,1.6446700507614214,1.1472081218274113,0.49746192893401014,1553.2,47,86,0.26744186046511625,1.0348837209302326,1.1395348837209305,1.6395348837209305,-0.5,1433.7,119.5,0.20463935780899545,0.6047101876992089,0.5051351670404909,-0.4923267618935192
170,2006-11-01,Hamburger SV,FC Porto,1,3,round : 4,G,Hamburger SV,FC Porto,1,3,False,2006,4,Group,A,0,-2,detailed_2005_2021,1471.689,1485.26,-13.571,0.48,67,39,0.46153846153846156,1.5384615384615385,1.7692307692307692,1.4102564102564104,0.358974358974359,1517.7,8,265,0.4528301886792453,1.5773584905660378,1.4792452830188678,1.1547169811320754,0.32452830188679244,1540.4,-22.700000000000045,0.00870827285921627,-0.03889695210449928,0.28998548621190134,0.2555394291243349
171,2006-11-01,AEK Athens,Lille OSC,1,0,round : 4,H,AEK Athen,Lille OSC,1,0,False,2006,4,Group,H,1,1,detailed_2005_2021,1479.964,1510.341,-30.376,0.456,77,56,0.16071428571428573,0.8214285714285714,1.0357142857142858,1.7857142857142858,-0.75,1411.3,82,46,0.1956521739130435,0.9130434782608695,0.8260869565217391,1.2391304347826086,-0.41304347826086957,1430.7,-19.40000000000009,-0.03493788819875776,-0.09161490683229812,0.20962732919254667,0.5465838509316772
172,2006-11-01,Milan,RSC Anderlecht,4,1,round : 4,H,AC Milan,RSC Anderlecht,4,1,False,2006,4,Group,H,1,3,detailed_2005_2021,1539.633,1448.108,91.525,0.629,6,265,0.47924528301886793,1.6981132075471699,1.6264150943396227,0.981132075471698,0.6452830188679245,1571.7,22,163,0.32515337423312884,1.1901840490797546,1.3312883435582823,1.7239263803680982,-0.39263803680981596,1458.0,113.70000000000005,0.15409190878573908,0.5079291584674153,0.29512675078134043,-0.7427943048964002
181,2006-11-21,FCSB,Dynamo Kyiv,1,1,round : 5,E,FCSB,Dinamo Kiev,1,1,False,2006,5,Group,D,0,0,detailed_2005_2021,1482.386,1465.298,17.088,0.525,45,87,0.28735632183908044,1.1149425287356323,1.1954022988505748,1.471264367816092,-0.27586206896551724,1451.0,18,186,0.34946236559139787,1.2688172043010753,1.2311827956989247,1.3494623655913978,-0.11827956989247312,1474.7,-23.700000000000045,-0.06210604375231743,-0.153874675565443,-0.03578049684834994,0.12180200222469417
182,2006-11-21,Real Madrid,Olympique Lyonnais,2,2,round : 5,E,Real Madrid,Olympique Lyon,2,2,False,2006,5,Group,D,0,0,detailed_2005_2021,1531.247,1575.173,-43.926,0.437,1,486,0.5987654320987654,1.97119341563786,2.213991769547325,1.117283950617284,1.0967078189300412,1630.0,21,136,0.4264705882352941,1.5441176470588236,1.588235294117647,1.2279411764705883,0.3602941176470588,1535.8,94.20000000000005,0.17229484386347133,0.4270757685790365,0.625756475429678,-0.11065722585330429
183,2006-11-21,Celtic,Manchester United,1,0,round : 5,F,Celtic FC,Manchester United,1,0,False,2006,5,Group,H,1,1,detailed_2005_2021,1499.325,1517.098,-17.773,0.474,20,156,0.391025641025641,1.3525641025641026,1.3846153846153846,1.4230769230769231,-0.038461538461538464,1488.2,4,289,0.5294117647058824,1.8269896193771626,1.813148788927336,1.038062283737024,0.7750865051903114,1599.3,-111.09999999999991,-0.13838612368024134,-0.47442551681306,-0.4285334043119515,0.3850146393398992
184,2006-11-21,SL Benfica,FC København,3,1,round : 5,F,SL Benfica,FC København,3,1,False,2006,5,Group,H,1,2,detailed_2005_2021,1494.489,1492.023,2.465,0.504,9,266,0.43609022556390975,1.537593984962406,1.6466165413533835,1.218045112781955,0.42857142857142855,1532.9,79,44,0.25,1.0227272727272727,0.8863636363636364,1.5227272727272727,-0.6363636363636364,1445.3,87.60000000000014,0.18609022556390975,0.5148667122351334,0.7602529049897472,-0.3046821599453178
185,2006-11-21,CSKA Moscow,FC Porto,0,2,round : 5,G,CSKA Moskva,FC Porto,0,2,False,2006,5,Group,A,0,-2,detailed_2005_2021,1522.291,1494.869,27.422,0.539,47,86,0.26744186046511625,1.0348837209302326,1.1395348837209305,1.6395348837209305,-0.5,1433.7,8,265,0.4528301886792453,1.5773584905660378,1.4792452830188678,1.1547169811320754,0.32452830188679244,1540.4,-106.70000000000005,-0.18538832821412904,-0.5424747696358052,-0.33971039929793734,0.48481790258885504
186,2006-11-21,Arsenal,Hamburger SV,3,1,round : 5,G,Arsenal FC,Hamburger SV,3,1,False,2006,5,Group,H,1,2,detailed_2005_2021,1561.166,1462.08,99.087,0.639,13,197,0.4720812182741117,1.6395939086294415,1.6446700507614214,1.1472081218274113,0.49746192893401014,1553.2,67,39,0.46153846153846156,1.5384615384615385,1.7692307692307692,1.4102564102564104,0.358974358974359,1517.7,35.5,0.010542756735650138,0.101132370167903,-0.1245607184693478,-0.2630482884289991
187,2006-11-21,AEK Athens,Milan,1,0,round : 5,H,AEK Athen,AC Milan,1,0,False,2006,5,Group,H,1,1,detailed_2005_2021,1490.836,1547.058,-56.222,0.42,77,56,0.16071428571428573,0.8214285714285714,1.0357142857142858,1.7857142857142858,-0.75,1411.3,6,265,0.47924528301886793,1.6981132075471699,1.6264150943396227,0.981132075471698,0.6452830188679245,1571.7,-160.4000000000001,-0.31853099730458223,-0.8766846361185985,-0.5907008086253369,0.8045822102425878
188,2006-11-21,Lille OSC,RSC Anderlecht,2,2,round : 5,H,Lille OSC,RSC Anderlecht,2,2,False,2006,5,Group,D,0,0,detailed_2005_2021,1499.469,1440.683,58.786,0.584,82,46,0.1956521739130435,0.9130434782608695,0.8260869565217391,1.2391304347826086,-0.41304347826086957,1430.7,22,163,0.32515337423312884,1.1901840490797546,1.3312883435582823,1.7239263803680982,-0.39263803680981596,1458.0,-27.299999999999955,-0.12950120032008536,-0.2771405708188851,-0.5052013870365432,-0.48479594558548955
173,2006-11-22,Levski Sofia,Barcelona,0,2,round : 5,A,Levski Sofia,FC Barcelona,0,2,False,2006,5,Group,A,0,-2,detailed_2005_2021,1463.119,1565.314,-102.195,0.357,132,28,0.14285714285714285,0.6071428571428571,1.25,2.1785714285714284,-0.9285714285714286,1387.7,3,341,0.5747800586510264,1.9501466275659824,1.9794721407624636,1.0439882697947214,0.9354838709677419,1628.8,-241.0999999999999,-0.4319229157938836,-1.3430037704231252,-0.7294721407624636,1.134583158776707
174,2006-11-22,Werder Bremen,Chelsea,1,0,round : 5,A,Werder Bremen,Chelsea FC,1,0,False,2006,5,Group,H,1,1,detailed_2005_2021,1497.618,1539.954,-42.336,0.439,51,60,0.38333333333333336,1.3833333333333333,1.6,1.65,-0.05,1500.0,10,197,0.5126903553299492,1.8020304568527918,1.7106598984771573,0.934010152284264,0.7766497461928934,1593.5,-93.5,-0.12935702199661586,-0.41869712351945854,-0.11065989847715718,0.7159898477157359
175,2006-11-22,Spartak Moscow,Bayern München,2,2,round : 5,B,Spartak Moskva,Bayern Munich,2,2,False,2006,5,Group,D,0,0,detailed_2005_2021,1472.919,1543.678,-70.759,0.4,34,104,0.3269230769230769,1.2019230769230769,1.4038461538461535,1.625,-0.22115384615384615,1463.4,2,388,0.595360824742268,1.9871134020618557,2.105670103092784,1.0051546391752575,1.1005154639175259,1636.0,-172.5999999999999,-0.2684377478191911,-0.7851903251387788,-0.7018239492466305,0.6198453608247425
176,2006-11-22,Inter,Sporting CP,1,0,round : 5,B,Inter Milan,Sporting CP,1,0,False,2006,5,Group,H,1,1,detailed_2005_2021,1532.347,1502.397,29.95,0.543,12,203,0.47783251231527096,1.6945812807881773,1.4088669950738917,1.0295566502463054,0.3793103448275862,1569.5,44,92,0.30434782608695654,1.076086956521739,1.358695652173913,1.7934782608695652,-0.43478260869565216,1434.1,135.4000000000001,0.17348468622831442,0.6184943242664382,0.0501713428999786,-0.7639216106232598
177,2006-11-22,Bordeaux,Galatasaray,3,1,round : 5,C,Girondins Bordeaux,Galatasaray,3,1,False,2006,5,Group,H,1,2,detailed_2005_2021,1471.488,1470.902,0.586,0.501,52,50,0.42,1.58,1.08,1.08,0.0,1539.9,24,161,0.2670807453416149,1.0559006211180124,1.0807453416149069,1.6832298136645962,-0.6024844720496895,1434.0,105.90000000000009,0.15291925465838507,0.5240993788819877,-0.0007453416149068026,-0.6032298136645962
178,2006-11-22,Liverpool,PSV Eindhoven,2,0,round : 5,C,Liverpool FC,PSV Eindhoven,2,0,False,2006,5,Group,H,1,2,detailed_2005_2021,1532.726,1512.746,19.981,0.529,7,230,0.5565217391304348,1.8782608695652174,1.891304347826087,0.9608695652173912,0.9304347826086956,1606.0,19,171,0.3391812865497076,1.2690058479532165,1.2456140350877194,1.3099415204678362,-0.06432748538011696,1478.1,127.90000000000009,0.2173404525807272,0.609255021612001,0.6456903127383675,-0.349071955250445
179,2006-11-22,Shakhtar Donetsk,Roma,1,0,round : 5,D,Shakhtar Donetsk,AS Roma,1,0,False,2006,5,Group,H,1,1,detailed_2005_2021,1481.22,1506.926,-25.707,0.463,31,118,0.3305084745762712,1.2118644067796611,1.3644067796610169,1.7627118644067796,-0.3983050847457627,1464.6,28,109,0.3761467889908257,1.3669724770642202,1.3669724770642202,1.4587155963302751,-0.09174311926605505,1497.3,-32.700000000000045,-0.045638314414554515,-0.15510807028455909,-0.0025656974032033375,0.3039962680765045
180,2006-11-22,Valencia,Olympiacos,2,0,round : 5,D,Valencia CF,Olympiakos Piraeus,2,0,False,2006,5,Group,H,1,2,detailed_2005_2021,1526.736,1448.421,78.315,0.611,23,116,0.41379310344827586,1.5344827586206897,1.456896551724138,1.0775862068965518,0.3793103448275862,1535.9,25,156,0.30128205128205127,1.0833333333333333,1.1282051282051282,1.698717948717949,-0.5705128205128205,1432.0,103.90000000000009,0.11251105216622459,0.45114942528735646,0.3286914235190097,-0.6211317418213971
189,2007-02-20,Celtic,Milan,0,0,round : 18,,Celtic FC,AC Milan,0,0,False,2006,18,Knockout,D,0,0,detailed_2005_2021,1509.836,1535.454,-25.618,0.463,20,156,0.391025641025641,1.3525641025641026,1.3846153846153846,1.4230769230769231,-0.038461538461538464,1488.2,6,265,0.47924528301886793,1.6981132075471699,1.6264150943396227,0.981132075471698,0.6452830188679245,1571.7,-83.5,-0.0882196419932269,-0.34554910498306723,-0.24179970972423814,0.4419448476052251
190,2007-02-20,Lille OSC,Manchester United,0,1,round : 18,,Lille OSC,Manchester United,0,1,False,2006,18,Knockout,A,0,-1,detailed_2005_2021,1497.792,1506.587,-8.795,0.487,82,46,0.1956521739130435,0.9130434782608695,0.8260869565217391,1.2391304347826086,-0.41304347826086957,1430.7,4,289,0.5294117647058824,1.8269896193771626,1.813148788927336,1.038062283737024,0.7750865051903114,1599.3,-168.5999999999999,-0.3337595907928389,-0.9139461411162931,-0.987061832405597,0.20106815104558473
191,2007-02-20,PSV Eindhoven,Arsenal,1,0,round : 18,,PSV Eindhoven,Arsenal FC,1,0,False,2006,18,Knockout,H,1,1,detailed_2005_2021,1503.32,1568.389,-65.069,0.407,19,171,0.3391812865497076,1.2690058479532165,1.2456140350877194,1.3099415204678362,-0.06432748538011696,1478.1,13,197,0.4720812182741117,1.6395939086294415,1.6446700507614214,1.1472081218274113,0.49746192893401014,1553.2,-75.10000000000014,-0.13289993172440412,-0.3705880606762251,-0.39905601567370197,0.1627333986404249
192,2007-02-20,Real Madrid,Bayern München,3,2,round : 18,,Real Madrid,Bayern Munich,3,2,False,2006,18,Knockout,H,1,1,detailed_2005_2021,1532.505,1541.669,-9.164,0.487,1,486,0.5987654320987654,1.97119341563786,2.213991769547325,1.117283950617284,1.0967078189300412,1630.0,2,388,0.595360824742268,1.9871134020618557,2.105670103092784,1.0051546391752575,1.1005154639175259,1636.0,-6.0,0.003404607356497391,-0.015919986423995613,0.108321666454541,0.11212931144202654
193,2007-02-21,Barcelona,Liverpool,1,2,round : 18,,FC Barcelona,Liverpool FC,1,2,False,2006,18,Knockout,A,0,-1,detailed_2005_2021,1572.454,1542.152,30.302,0.543,3,341,0.5747800586510264,1.9501466275659824,1.9794721407624636,1.0439882697947214,0.9354838709677419,1628.8,7,230,0.5565217391304348,1.8782608695652174,1.891304347826087,0.9608695652173912,0.9304347826086956,1606.0,22.799999999999955,0.018258319520591648,0.07188575800076502,0.08816779293637667,0.08311870457733017
194,2007-02-21,FC Porto,Chelsea,1,1,round : 18,,FC Porto,Chelsea FC,1,1,False,2006,18,Knockout,D,0,0,detailed_2005_2021,1505.657,1528.741,-23.084,0.467,8,265,0.4528301886792453,1.5773584905660378,1.4792452830188678,1.1547169811320754,0.32452830188679244,1540.4,10,197,0.5126903553299492,1.8020304568527918,1.7106598984771573,0.934010152284264,0.7766497461928934,1593.5,-53.09999999999991,-0.05986016665070393,-0.224671966286754,-0.23141461545828945,0.22070682884781145
195,2007-02-21,Inter,Valencia,2,2,round : 18,,Inter Milan,Valencia CF,2,2,False,2006,18,Knockout,D,0,0,detailed_2005_2021,1541.488,1534.519,6.968,0.51,12,203,0.47783251231527096,1.6945812807881773,1.4088669950738917,1.0295566502463054,0.3793103448275862,1569.5,23,116,0.41379310344827586,1.5344827586206897,1.456896551724138,1.0775862068965518,0.3793103448275862,1535.9,33.59999999999991,0.0640394088669951,0.16009852216748754,-0.04802955665024622,-0.04802955665024644
196,2007-02-21,Roma,Olympique Lyonnais,0,0,round : 18,,AS Roma,Olympique Lyon,0,0,False,2006,18,Knockout,D,0,0,detailed_2005_2021,1496.188,1573.915,-77.727,0.39,28,109,0.3761467889908257,1.3669724770642202,1.3669724770642202,1.4587155963302751,-0.09174311926605505,1497.3,21,136,0.4264705882352941,1.5441176470588236,1.588235294117647,1.2279411764705883,0.3602941176470588,1535.8,-38.5,-0.05032379924446839,-0.1771451699946034,-0.22126281705342676,0.23077441985968683
197,2007-03-06,Chelsea,FC Porto,2,1,round : 18,,Chelsea FC,FC Porto,2,1,False,2006,18,Knockout,H,1,1,detailed_2005_2021,1528.078,1506.32,21.757,0.531,10,197,0.5126903553299492,1.8020304568527918,1.7106598984771573,0.934010152284264,0.7766497461928934,1593.5,8,265,0.4528301886792453,1.5773584905660378,1.4792452830188678,1.1547169811320754,0.32452830188679244,1540.4,53.09999999999991,0.05986016665070393,0.224671966286754,0.23141461545828945,-0.22070682884781145
198,2007-03-06,Liverpool,Barcelona,0,1,round : 18,,Liverpool FC,FC Barcelona,0,1,False,2006,18,Knockout,A,0,-1,detailed_2005_2021,1553.022,1561.584,-8.562,0.488,7,230,0.5565217391304348,1.8782608695652174,1.891304347826087,0.9608695652173912,0.9304347826086956,1606.0,3,341,0.5747800586510264,1.9501466275659824,1.9794721407624636,1.0439882697947214,0.9354838709677419,1628.8,-22.799999999999955,-0.018258319520591648,-0.07188575800076502,-0.08816779293637667,-0.08311870457733017
199,2007-03-06,Olympique Lyonnais,Roma,0,2,round : 18,,Olympique Lyon,AS Roma,0,2,False,2006,18,Knockout,A,0,-2,detailed_2005_2021,1571.715,1498.388,73.326,0.604,21,136,0.4264705882352941,1.5441176470588236,1.588235294117647,1.2279411764705883,0.3602941176470588,1535.8,28,109,0.3761467889908257,1.3669724770642202,1.3669724770642202,1.4587155963302751,-0.09174311926605505,1497.3,38.5,0.05032379924446839,0.1771451699946034,0.22126281705342676,-0.23077441985968683
200,2007-03-06,Valencia,Inter,0,0,round : 18,,Valencia CF,Inter Milan,0,0,False,2006,18,Knockout,D,0,0,detailed_2005_2021,1534.72,1541.287,-6.567,0.491,23,116,0.41379310344827586,1.5344827586206897,1.456896551724138,1.0775862068965518,0.3793103448275862,1535.9,12,203,0.47783251231527096,1.6945812807881773,1.4088669950738917,1.0295566502463054,0.3793103448275862,1569.5,-33.59999999999991,-0.0640394088669951,-0.16009852216748754,0.04802955665024622,0.04802955665024644
201,2007-03-07,Arsenal,PSV Eindhoven,1,1,round : 18,,Arsenal FC,PSV Eindhoven,1,1,False,2006,18,Knockout,D,0,0,detailed_2005_2021,1556.538,1515.171,41.367,0.559,13,197,0.4720812182741117,1.6395939086294415,1.6446700507614214,1.1472081218274113,0.49746192893401014,1553.2,19,171,0.3391812865497076,1.2690058479532165,1.2456140350877194,1.3099415204678362,-0.06432748538011696,1478.1,75.10000000000014,0.13289993172440412,0.3705880606762251,0.39905601567370197,-0.1627333986404249
202,2007-03-07,Bayern München,Real Madrid,2,1,round : 18,,Bayern Munich,Real Madrid,2,1,False,2006,18,Knockout,H,1,1,detailed_2005_2021,1531.405,1542.768,-11.363,0.484,2,388,0.595360824742268,1.9871134020618557,2.105670103092784,1.0051546391752575,1.1005154639175259,1636.0,1,486,0.5987654320987654,1.97119341563786,2.213991769547325,1.117283950617284,1.0967078189300412,1630.0,6.0,-0.003404607356497391,0.015919986423995613,-0.108321666454541,-0.11212931144202654
203,2007-03-07,Manchester United,Lille OSC,1,0,round : 18,,Manchester United,Lille OSC,1,0,False,2006,18,Knockout,H,1,1,detailed_2005_2021,1516.334,1488.046,28.288,0.541,4,289,0.5294117647058824,1.8269896193771626,1.813148788927336,1.038062283737024,0.7750865051903114,1599.3,82,46,0.1956521739130435,0.9130434782608695,0.8260869565217391,1.2391304347826086,-0.41304347826086957,1430.7,168.5999999999999,0.3337595907928389,0.9139461411162931,0.987061832405597,-0.20106815104558473
204,2007-03-07,Milan,Celtic,0(1),0(0),round : 18,,AC Milan,Celtic FC,0,0,True,2006,18,Knockout,D,0,0,detailed_2005_2021,1534.718,1510.572,24.146,0.535,6,265,0.47924528301886793,1.6981132075471699,1.6264150943396227,0.981132075471698,0.6452830188679245,1571.7,20,156,0.391025641025641,1.3525641025641026,1.3846153846153846,1.4230769230769231,-0.038461538461538464,1488.2,83.5,0.0882196419932269,0.34554910498306723,0.24179970972423814,-0.4419448476052251
205,2007-04-03,Milan,Bayern München,2,2,round : quarterfinals,,AC Milan,Bayern Munich,2,2,False,2006,quarterfinals,Knockout,D,0,0,detailed_2005_2021,1534.024,1541.732,-7.708,0.489,6,265,0.47924528301886793,1.6981132075471699,1.6264150943396227,0.981132075471698,0.6452830188679245,1571.7,2,388,0.595360824742268,1.9871134020618557,2.105670103092784,1.0051546391752575,1.1005154639175259,1636.0,-64.29999999999995,-0.1161155417234001,-0.28900019451468584,-0.4792550087531613,-0.024022563703559485
206,2007-04-03,PSV Eindhoven,Liverpool,0,3,round : quarterfinals,,PSV Eindhoven,Liverpool FC,0,3,False,2006,quarterfinals,Knockout,A,0,-3,detailed_2005_2021,1516.356,1543.268,-26.912,0.461,19,171,0.3391812865497076,1.2690058479532165,1.2456140350877194,1.3099415204678362,-0.06432748538011696,1478.1,7,230,0.5565217391304348,1.8782608695652174,1.891304347826087,0.9608695652173912,0.9304347826086956,1606.0,-127.90000000000009,-0.2173404525807272,-0.609255021612001,-0.6456903127383675,0.349071955250445
207,2007-04-04,Chelsea,Valencia,1,1,round : quarterfinals,,Chelsea FC,Valencia CF,1,1,False,2006,quarterfinals,Knockout,D,0,0,detailed_2005_2021,1537.452,1534.909,2.544,0.504,10,197,0.5126903553299492,1.8020304568527918,1.7106598984771573,0.934010152284264,0.7766497461928934,1593.5,23,116,0.41379310344827586,1.5344827586206897,1.456896551724138,1.0775862068965518,0.3793103448275862,1535.9,57.59999999999991,0.09889725188167336,0.2675476982321021,0.25376334675301937,-0.14357605461228784
208,2007-04-04,Roma,Manchester United,2,1,round : quarterfinals,,AS Roma,Manchester United,2,1,False,2006,quarterfinals,Knockout,H,1,1,detailed_2005_2021,1510.468,1525.522,-15.053,0.478,28,109,0.3761467889908257,1.3669724770642202,1.3669724770642202,1.4587155963302751,-0.09174311926605505,1497.3,4,289,0.5294117647058824,1.8269896193771626,1.813148788927336,1.038062283737024,0.7750865051903114,1599.3,-102.0,-0.15326497571505665,-0.46001714231294244,-0.4461763118631159,0.4206533125932512
209,2007-04-10,Manchester United,Roma,7,1,round : quarterfinals,,Manchester United,AS Roma,7,1,False,2006,quarterfinals,Knockout,H,1,6,detailed_2005_2021,1515.089,1520.901,-5.813,0.492,4,289,0.5294117647058824,1.8269896193771626,1.813148788927336,1.038062283737024,0.7750865051903114,1599.3,28,109,0.3761467889908257,1.3669724770642202,1.3669724770642202,1.4587155963302751,-0.09174311926605505,1497.3,102.0,0.15326497571505665,0.46001714231294244,0.4461763118631159,-0.4206533125932512
210,2007-04-10,Valencia,Chelsea,1,2,round : quarterfinals,,Valencia CF,Chelsea FC,1,2,False,2006,quarterfinals,Knockout,A,0,-1,detailed_2005_2021,1534.982,1537.379,-2.397,0.497,23,116,0.41379310344827586,1.5344827586206897,1.456896551724138,1.0775862068965518,0.3793103448275862,1535.9,10,197,0.5126903553299492,1.8020304568527918,1.7106598984771573,0.934010152284264,0.7766497461928934,1593.5,-57.59999999999991,-0.09889725188167336,-0.2675476982321021,-0.25376334675301937,0.14357605461228784
211,2007-04-11,Bayern München,Milan,0,2,round : quarterfinals,,Bayern Munich,AC Milan,0,2,False,2006,quarterfinals,Knockout,A,0,-2,detailed_2005_2021,1541.51,1534.246,7.265,0.51,2,388,0.595360824742268,1.9871134020618557,2.105670103092784,1.0051546391752575,1.1005154639175259,1636.0,6,265,0.47924528301886793,1.6981132075471699,1.6264150943396227,0.981132075471698,0.6452830188679245,1571.7,64.29999999999995,0.1161155417234001,0.28900019451468584,0.4792550087531613,0.024022563703559485
212,2007-04-11,Liverpool,PSV Eindhoven,1,0,round : quarterfinals,,Liverpool FC,PSV Eindhoven,1,0,False,2006,quarterfinals,Knockout,H,1,1,detailed_2005_2021,1552.495,1507.129,45.366,0.565,7,230,0.5565217391304348,1.8782608695652174,1.891304347826087,0.9608695652173912,0.9304347826086956,1606.0,19,171,0.3391812865497076,1.2690058479532165,1.2456140350877194,1.3099415204678362,-0.06432748538011696,1478.1,127.90000000000009,0.2173404525807272,0.609255021612001,0.6456903127383675,-0.349071955250445
213,2007-04-24,Manchester United,Milan,3,2,round : semifinals,,Manchester United,AC Milan,3,2,False,2006,semifinals,Knockout,H,1,1,detailed_2005_2021,1525.256,1544.455,-19.199,0.472,4,289,0.5294117647058824,1.8269896193771626,1.813148788927336,1.038062283737024,0.7750865051903114,1599.3,6,265,0.47924528301886793,1.6981132075471699,1.6264150943396227,0.981132075471698,0.6452830188679245,1571.7,27.59999999999991,0.05016648168701443,0.12887641182999277,0.18673369458771338,0.05693020826532591
214,2007-04-25,Chelsea,Liverpool,1,0,round : semifinals,,Chelsea FC,Liverpool FC,1,0,False,2006,semifinals,Knockout,H,1,1,detailed_2005_2021,1547.31,1561.197,-13.887,0.48,10,197,0.5126903553299492,1.8020304568527918,1.7106598984771573,0.934010152284264,0.7766497461928934,1593.5,7,230,0.5565217391304348,1.8782608695652174,1.891304347826087,0.9608695652173912,0.9304347826086956,1606.0,-12.5,-0.04383138380048557,-0.07623041271242559,-0.18064444934892965,-0.026859412933127214
215,2007-05-01,Liverpool,Chelsea,1(0) (4),0(0) (1),round : semifinals,,Liverpool FC,Chelsea FC,1,0,True,2006,semifinals,Knockout,H,1,1,detailed_2005_2021,1550.797,1557.71,-6.912,0.49,7,230,0.5565217391304348,1.8782608695652174,1.891304347826087,0.9608695652173912,0.9304347826086956,1606.0,10,197,0.5126903553299492,1.8020304568527918,1.7106598984771573,0.934010152284264,0.7766497461928934,1593.5,12.5,0.04383138380048557,0.07623041271242559,0.18064444934892965,0.026859412933127214
216,2007-05-02,Milan,Manchester United,3,0,round : semifinals,,AC Milan,Manchester United,3,0,False,2006,semifinals,Knockout,H,1,3,detailed_2005_2021,1533.903,1535.808,-1.905,0.497,6,265,0.47924528301886793,1.6981132075471699,1.6264150943396227,0.981132075471698,0.6452830188679245,1571.7,4,289,0.5294117647058824,1.8269896193771626,1.813148788927336,1.038062283737024,0.7750865051903114,1599.3,-27.59999999999991,-0.05016648168701443,-0.12887641182999277,-0.18673369458771338,-0.05693020826532591
217,2007-05-23,Milan,Liverpool,2,1,round : final,,AC Milan,Liverpool FC,2,1,False,2006,final,Knockout,H,1,1,detailed_2005_2021,1543.958,1560.996,-17.039,0.475,6,265,0.47924528301886793,1.6981132075471699,1.6264150943396227,0.981132075471698,0.6452830188679245,1571.7,7,230,0.5565217391304348,1.8782608695652174,1.891304347826087,0.9608695652173912,0.9304347826086956,1606.0,-34.299999999999955,-0.07727645611156686,-0.18014766201804755,-0.2648892534864642,0.02026251025430681
218,2007-09-18,FC Porto,Liverpool,1,1,round : 1,A,FC Porto,Liverpool FC,1,1,False,2007,1,Group,D,0,0,detailed_2005_2021,1496.946,1550.506,-53.56,0.424,8,265,0.4528301886792453,1.5773584905660378,1.4792452830188678,1.1547169811320754,0.32452830188679244,1540.4,7,230,0.5565217391304348,1.8782608695652174,1.891304347826087,0.9608695652173912,0.9304347826086956,1606.0,-65.59999999999991,-0.1036915504511895,-0.3009023789991796,-0.4120590648072191,0.19384741591468424
219,2007-09-18,Olympique de Marseille,Beşiktaş,2,0,round : 1,A,Olympique Marseille,Beşiktaş,2,0,False,2007,1,Group,H,1,2,detailed_2005_2021,1500.0,1500.0,0.0,0.5,29,110,0.39090909090909093,1.3363636363636364,1.4636363636363636,1.2727272727272727,0.19090909090909092,1484.0,65,70,0.24285714285714285,0.9142857142857143,0.9,2.0,-1.1,1409.2,74.79999999999995,0.14805194805194807,0.42207792207792216,0.5636363636363636,-0.7272727272727273
220,2007-09-18,Chelsea,Rosenborg BK,1,1,round : 1,B,Chelsea FC,Rosenborg BK,1,1,False,2007,1,Group,D,0,0,detailed_2005_2021,1547.511,1480.064,67.447,0.596,10,197,0.5126903553299492,1.8020304568527918,1.7106598984771573,0.934010152284264,0.7766497461928934,1593.5,50,90,0.23333333333333334,0.9333333333333333,1.2333333333333334,1.9333333333333331,-0.7,1412.9,180.5999999999999,0.2793570219966159,0.8686971235194585,0.4773265651438239,-0.9993231810490691
221,2007-09-18,FC Schalke 04,Valencia,0,1,round : 1,B,FC Schalke 04,Valencia CF,0,1,False,2007,1,Group,A,0,-1,detailed_2005_2021,1511.389,1525.051,-13.662,0.48,40,73,0.3972602739726027,1.4246575342465753,1.4383561643835616,1.5205479452054795,-0.0821917808219178,1507.5,23,116,0.41379310344827586,1.5344827586206897,1.456896551724138,1.0775862068965518,0.3793103448275862,1535.9,-28.40000000000009,-0.01653282947567314,-0.10982522437411446,-0.01854038734057628,0.4429617383089277
222,2007-09-18,Olympiacos,Lazio,1,1,round : 1,C,Olympiakos Piraeus,Lazio Roma,1,1,False,2007,1,Group,D,0,0,detailed_2005_2021,1440.638,1500.0,-59.362,0.415,25,156,0.30128205128205127,1.0833333333333333,1.1282051282051282,1.698717948717949,-0.5705128205128205,1432.0,48,60,0.38333333333333336,1.4166666666666667,1.4666666666666666,1.3166666666666669,0.15,1508.7,-76.70000000000005,-0.08205128205128209,-0.3333333333333335,-0.33846153846153837,0.382051282051282
223,2007-09-18,Real Madrid,Werder Bremen,2,1,round : 1,C,Real Madrid,Werder Bremen,2,1,False,2007,1,Group,H,1,1,detailed_2005_2021,1532.441,1508.83,23.611,0.534,1,486,0.5987654320987654,1.97119341563786,2.213991769547325,1.117283950617284,1.0967078189300412,1630.0,51,60,0.38333333333333336,1.3833333333333333,1.6,1.65,-0.05,1500.0,130.0,0.21543209876543207,0.5878600823045268,0.6139917695473249,-0.5327160493827159
224,2007-09-18,Milan,SL Benfica,2,1,round : 1,D,AC Milan,SL Benfica,2,1,False,2007,1,Group,H,1,1,detailed_2005_2021,1554.448,1504.418,50.03,0.572,6,265,0.47924528301886793,1.6981132075471699,1.6264150943396227,0.981132075471698,0.6452830188679245,1571.7,9,266,0.43609022556390975,1.537593984962406,1.6466165413533835,1.218045112781955,0.42857142857142855,1532.9,38.799999999999955,0.04315505745495818,0.1605192225847638,-0.02020144701376081,-0.23691303731025692
225,2007-09-18,Shakhtar Donetsk,Celtic,2,0,round : 1,D,Shakhtar Donetsk,Celtic FC,2,0,False,2007,1,Group,H,1,2,detailed_2005_2021,1491.958,1511.266,-19.308,0.472,31,118,0.3305084745762712,1.2118644067796611,1.3644067796610169,1.7627118644067796,-0.3983050847457627,1464.6,20,156,0.391025641025641,1.3525641025641026,1.3846153846153846,1.4230769230769231,-0.038461538461538464,1488.2,-23.600000000000136,-0.06051716644936983,-0.14069969578444153,-0.020208604954367715,0.3396349413298565
226,2007-09-19,Barcelona,Olympique Lyonnais,3,0,round : 1,E,FC Barcelona,Olympique Lyon,3,0,False,2007,1,Group,H,1,3,detailed_2005_2021,1571.338,1559.635,11.703,0.517,3,341,0.5747800586510264,1.9501466275659824,1.9794721407624636,1.0439882697947214,0.9354838709677419,1628.8,21,136,0.4264705882352941,1.5441176470588236,1.588235294117647,1.2279411764705883,0.3602941176470588,1535.8,93.0,0.14830947041573234,0.40602898050715885,0.3912368466448166,-0.18395290667586695
227,2007-09-19,Rangers,VfB Stuttgart,2,1,round : 1,E,Rangers FC,VfB Stuttgart,2,1,False,2007,1,Group,H,1,1,detailed_2005_2021,1500.028,1500.0,0.028,0.5,26,131,0.3282442748091603,1.2213740458015268,1.3206106870229009,1.6564885496183206,-0.33587786259541985,1467.7,96,27,0.2962962962962963,1.1481481481481481,1.2222222222222223,1.5555555555555556,-0.3333333333333333,1470.4,-2.7000000000000455,0.03194797851286402,0.07322589765337861,0.09838846480067853,0.10093299406276501
228,2007-09-19,Roma,Dynamo Kyiv,2,0,round : 1,F,AS Roma,Dinamo Kiev,2,0,False,2007,1,Group,H,1,2,detailed_2005_2021,1510.734,1465.79,44.944,0.564,28,109,0.3761467889908257,1.3669724770642202,1.3669724770642202,1.4587155963302751,-0.09174311926605505,1497.3,18,186,0.34946236559139787,1.2688172043010753,1.2311827956989247,1.3494623655913978,-0.11827956989247312,1474.7,22.59999999999991,0.026684423399427837,0.09815527276314495,0.13578968136529546,0.10925323073887738
229,2007-09-19,Sporting CP,Manchester United,0,1,round : 1,F,Sporting CP,Manchester United,0,1,False,2007,1,Group,A,0,-1,detailed_2005_2021,1493.257,1525.753,-32.496,0.453,44,92,0.30434782608695654,1.076086956521739,1.358695652173913,1.7934782608695652,-0.43478260869565216,1434.1,4,289,0.5294117647058824,1.8269896193771626,1.813148788927336,1.038062283737024,0.7750865051903114,1599.3,-165.20000000000005,-0.22506393861892582,-0.7509026628554236,-0.454453136753423,0.7554159771325413
230,2007-09-19,Fenerbahçe,Inter,1,0,round : 1,G,Fenerbahçe,Inter Milan,1,0,False,2007,1,Group,H,1,1,detailed_2005_2021,1480.271,1541.098,-60.827,0.413,61,73,0.273972602739726,0.958904109589041,1.0136986301369864,1.9452054794520548,-0.9315068493150684,1412.3,12,203,0.47783251231527096,1.6945812807881773,1.4088669950738917,1.0295566502463054,0.3793103448275862,1569.5,-157.20000000000005,-0.20385990957554495,-0.7356771711991362,-0.3951683649369053,0.9156488292057494
231,2007-09-19,PSV Eindhoven,CSKA Moscow,2,1,round : 1,G,PSV Eindhoven,CSKA Moskva,2,1,False,2007,1,Group,H,1,1,detailed_2005_2021,1498.428,1511.504,-13.076,0.481,19,171,0.3391812865497076,1.2690058479532165,1.2456140350877194,1.3099415204678362,-0.06432748538011696,1478.1,47,86,0.26744186046511625,1.0348837209302326,1.1395348837209305,1.6395348837209305,-0.5,1433.7,44.399999999999864,0.07173942608459133,0.23412212702298385,0.10607915136678892,-0.3295933632530943
232,2007-09-19,Arsenal,Sevilla,3,0,round : 1,H,Arsenal FC,Sevilla FC,3,0,False,2007,1,Group,H,1,3,detailed_2005_2021,1555.353,1500.0,55.353,0.579,13,197,0.4720812182741117,1.6395939086294415,1.6446700507614214,1.1472081218274113,0.49746192893401014,1553.2,42,72,0.375,1.4027777777777777,1.4583333333333333,1.4861111111111112,-0.027777777777777776,1507.6,45.600000000000136,0.0970812182741117,0.23681613085166386,0.1863367174280881,-0.3389029892836999
233,2007-09-19,Slavia Praha,FCSB,2,1,round : 1,H,Slavia Praha,FCSB,2,1,False,2007,1,Group,H,1,1,detailed_2005_2021,1500.0,1481.895,18.105,0.526,205,12,0.08333333333333333,0.5833333333333334,0.75,2.1666666666666665,-1.4166666666666667,1434.1,45,87,0.28735632183908044,1.1149425287356323,1.1954022988505748,1.471264367816092,-0.27586206896551724,1451.0,-16.90000000000009,-0.20402298850574713,-0.5316091954022989,-0.4454022988505748,0.6954022988505746
242,2007-10-02,Olympique Lyonnais,Rangers,0,3,round : 2,E,Olympique Lyon,Rangers FC,0,3,False,2007,2,Group,A,0,-3,detailed_2005_2021,1549.972,1510.027,39.945,0.557,21,136,0.4264705882352941,1.5441176470588236,1.588235294117647,1.2279411764705883,0.3602941176470588,1535.8,26,131,0.3282442748091603,1.2213740458015268,1.3206106870229009,1.6564885496183206,-0.33587786259541985,1467.7,68.09999999999991,0.0982263134261338,0.32274360125729684,0.2676246070947461,-0.4285473731477323
243,2007-10-02,VfB Stuttgart,Barcelona,0,2,round : 2,E,VfB Stuttgart,FC Barcelona,0,2,False,2007,2,Group,A,0,-2,detailed_2005_2021,1490.001,1581.001,-91.0,0.372,96,27,0.2962962962962963,1.1481481481481481,1.2222222222222223,1.5555555555555556,-0.3333333333333333,1470.4,3,341,0.5747800586510264,1.9501466275659824,1.9794721407624636,1.0439882697947214,0.9354838709677419,1628.8,-158.39999999999986,-0.27848376235473016,-0.8019984794178343,-0.7572499185402413,0.5115672857608342
244,2007-10-02,Dynamo Kyiv,Sporting CP,1,2,round : 2,F,Dinamo Kiev,Sporting CP,1,2,False,2007,2,Group,A,0,-1,detailed_2005_2021,1457.076,1484.19,-27.113,0.461,18,186,0.34946236559139787,1.2688172043010753,1.2311827956989247,1.3494623655913978,-0.11827956989247312,1474.7,44,92,0.30434782608695654,1.076086956521739,1.358695652173913,1.7934782608695652,-0.43478260869565216,1434.1,40.600000000000136,0.04511453950444133,0.19273024777933623,-0.12751285647498833,-0.4440158952781674
245,2007-10-02,Manchester United,Roma,1,0,round : 2,F,Manchester United,AS Roma,1,0,False,2007,2,Group,H,1,1,detailed_2005_2021,1534.82,1519.447,15.373,0.522,4,289,0.5294117647058824,1.8269896193771626,1.813148788927336,1.038062283737024,0.7750865051903114,1599.3,28,109,0.3761467889908257,1.3669724770642202,1.3669724770642202,1.4587155963302751,-0.09174311926605505,1497.3,102.0,0.15326497571505665,0.46001714231294244,0.4461763118631159,-0.4206533125932512
246,2007-10-02,CSKA Moscow,Fenerbahçe,2,2,round : 2,G,CSKA Moskva,Fenerbahçe,2,2,False,2007,2,Group,D,0,0,detailed_2005_2021,1501.127,1492.004,9.124,0.513,47,86,0.26744186046511625,1.0348837209302326,1.1395348837209305,1.6395348837209305,-0.5,1433.7,61,73,0.273972602739726,0.958904109589041,1.0136986301369864,1.9452054794520548,-0.9315068493150684,1412.3,21.40000000000009,-0.006530742274609758,0.07597961134119158,0.12583625358394412,-0.3056705957311243
247,2007-10-02,Inter,PSV Eindhoven,2,0,round : 2,G,Inter Milan,PSV Eindhoven,2,0,False,2007,2,Group,H,1,2,detailed_2005_2021,1529.365,1508.804,20.561,0.53,12,203,0.47783251231527096,1.6945812807881773,1.4088669950738917,1.0295566502463054,0.3793103448275862,1569.5,19,171,0.3391812865497076,1.2690058479532165,1.2456140350877194,1.3099415204678362,-0.06432748538011696,1478.1,91.40000000000009,0.13865122576556338,0.4255754328349608,0.16325295998617229,-0.2803848702215308
248,2007-10-02,FCSB,Arsenal,0,1,round : 2,H,FCSB,Arsenal FC,0,1,False,2007,2,Group,A,0,-1,detailed_2005_2021,1472.415,1563.773,-91.358,0.371,45,87,0.28735632183908044,1.1149425287356323,1.1954022988505748,1.471264367816092,-0.27586206896551724,1451.0,13,197,0.4720812182741117,1.6395939086294415,1.6446700507614214,1.1472081218274113,0.49746192893401014,1553.2,-102.20000000000005,-0.18472489643503126,-0.5246513798938093,-0.44926775191084656,0.32405624598868066
249,2007-10-02,Sevilla,Slavia Praha,4,2,round : 2,H,Sevilla FC,Slavia Praha,4,2,False,2007,2,Group,H,1,2,detailed_2005_2021,1491.58,1509.479,-17.9,0.474,42,72,0.375,1.4027777777777777,1.4583333333333333,1.4861111111111112,-0.027777777777777776,1507.6,205,12,0.08333333333333333,0.5833333333333334,0.75,2.1666666666666665,-1.4166666666666667,1434.1,73.5,0.2916666666666667,0.8194444444444443,0.7083333333333333,-0.6805555555555554
234,2007-10-03,Beşiktaş,FC Porto,0,1,round : 2,A,Beşiktaş,FC Porto,0,1,False,2007,2,Group,A,0,-1,detailed_2005_2021,1490.0,1498.475,-8.475,0.488,65,70,0.24285714285714285,0.9142857142857143,0.9,2.0,-1.1,1409.2,8,265,0.4528301886792453,1.5773584905660378,1.4792452830188678,1.1547169811320754,0.32452830188679244,1540.4,-131.20000000000005,-0.20997304582210244,-0.6630727762803236,-0.5792452830188678,0.8452830188679246
235,2007-10-03,Liverpool,Olympique de Marseille,0,1,round : 2,A,Liverpool FC,Olympique Marseille,0,1,False,2007,2,Group,A,0,-1,detailed_2005_2021,1548.977,1510.0,38.977,0.556,7,230,0.5565217391304348,1.8782608695652174,1.891304347826087,0.9608695652173912,0.9304347826086956,1606.0,29,110,0.39090909090909093,1.3363636363636364,1.4636363636363636,1.2727272727272727,0.19090909090909092,1484.0,122.0,0.16561264822134386,0.541897233201581,0.4276679841897233,-0.3118577075098815
236,2007-10-03,Rosenborg BK,FC Schalke 04,0,2,round : 2,B,Rosenborg BK,FC Schalke 04,0,2,False,2007,2,Group,A,0,-2,detailed_2005_2021,1481.981,1501.782,-19.801,0.472,50,90,0.23333333333333334,0.9333333333333333,1.2333333333333334,1.9333333333333331,-0.7,1412.9,40,73,0.3972602739726027,1.4246575342465753,1.4383561643835616,1.5205479452054795,-0.0821917808219178,1507.5,-94.59999999999991,-0.16392694063926938,-0.4913242009132419,-0.20502283105022823,0.4127853881278536
237,2007-10-03,Valencia,Chelsea,1,2,round : 2,B,Valencia CF,Chelsea FC,1,2,False,2007,2,Group,A,0,-1,detailed_2005_2021,1534.658,1545.594,-10.936,0.484,23,116,0.41379310344827586,1.5344827586206897,1.456896551724138,1.0775862068965518,0.3793103448275862,1535.9,10,197,0.5126903553299492,1.8020304568527918,1.7106598984771573,0.934010152284264,0.7766497461928934,1593.5,-57.59999999999991,-0.09889725188167336,-0.2675476982321021,-0.25376334675301937,0.14357605461228784
238,2007-10-03,Lazio,Real Madrid,2,2,round : 2,C,Lazio Roma,Real Madrid,2,2,False,2007,2,Group,D,0,0,detailed_2005_2021,1498.308,1541.763,-43.455,0.438,48,60,0.38333333333333336,1.4166666666666667,1.4666666666666666,1.3166666666666669,0.15,1508.7,1,486,0.5987654320987654,1.97119341563786,2.213991769547325,1.117283950617284,1.0967078189300412,1630.0,-121.29999999999995,-0.21543209876543207,-0.5545267489711934,-0.7473251028806585,0.19938271604938285
239,2007-10-03,Werder Bremen,Olympiacos,1,3,round : 2,C,Werder Bremen,Olympiakos Piraeus,1,3,False,2007,2,Group,A,0,-2,detailed_2005_2021,1499.509,1442.33,57.179,0.582,51,60,0.38333333333333336,1.3833333333333333,1.6,1.65,-0.05,1500.0,25,156,0.30128205128205127,1.0833333333333333,1.1282051282051282,1.698717948717949,-0.5705128205128205,1432.0,68.0,0.08205128205128209,0.30000000000000004,0.4717948717948719,-0.04871794871794899
240,2007-10-03,Celtic,Milan,2,1,round : 2,D,Celtic FC,AC Milan,2,1,False,2007,2,Group,H,1,1,detailed_2005_2021,1500.711,1563.018,-62.307,0.411,20,156,0.391025641025641,1.3525641025641026,1.3846153846153846,1.4230769230769231,-0.038461538461538464,1488.2,6,265,0.47924528301886793,1.6981132075471699,1.6264150943396227,0.981132075471698,0.6452830188679245,1571.7,-83.5,-0.0882196419932269,-0.34554910498306723,-0.24179970972423814,0.4419448476052251
241,2007-10-03,SL Benfica,Shakhtar Donetsk,0,1,round : 2,D,SL Benfica,Shakhtar Donetsk,0,1,False,2007,2,Group,A,0,-1,detailed_2005_2021,1495.848,1502.513,-6.666,0.49,9,266,0.43609022556390975,1.537593984962406,1.6466165413533835,1.218045112781955,0.42857142857142855,1532.9,31,118,0.3305084745762712,1.2118644067796611,1.3644067796610169,1.7627118644067796,-0.3983050847457627,1464.6,68.30000000000018,0.10558175098763856,0.32572957818274495,0.28220976169236667,-0.5446667516248247
258,2007-10-23,Rangers,Barcelona,0,0,round : 3,E,Rangers FC,FC Barcelona,0,0,False,2007,3,Group,D,0,0,detailed_2005_2021,1521.172,1588.44,-67.268,0.404,26,131,0.3282442748091603,1.2213740458015268,1.3206106870229009,1.6564885496183206,-0.33587786259541985,1467.7,3,341,0.5747800586510264,1.9501466275659824,1.9794721407624636,1.0439882697947214,0.9354838709677419,1628.8,-161.0999999999999,-0.24653578384186614,-0.7287725817644557,-0.6588614537395627,0.6125002798235992
259,2007-10-23,VfB Stuttgart,Olympique Lyonnais,0,2,round : 3,E,VfB Stuttgart,Olympique Lyon,0,2,False,2007,3,Group,A,0,-2,detailed_2005_2021,1482.562,1538.827,-56.265,0.42,96,27,0.2962962962962963,1.1481481481481481,1.2222222222222223,1.5555555555555556,-0.3333333333333333,1470.4,21,136,0.4264705882352941,1.5441176470588236,1.588235294117647,1.2279411764705883,0.3602941176470588,1535.8,-65.39999999999986,-0.13017429193899782,-0.39596949891067545,-0.36601307189542465,0.32761437908496727
260,2007-10-23,Dynamo Kyiv,Manchester United,2,4,round : 3,F,Dinamo Kiev,Manchester United,2,4,False,2007,3,Group,A,0,-2,detailed_2005_2021,1447.855,1544.378,-96.523,0.365,18,186,0.34946236559139787,1.2688172043010753,1.2311827956989247,1.3494623655913978,-0.11827956989247312,1474.7,4,289,0.5294117647058824,1.8269896193771626,1.813148788927336,1.038062283737024,0.7750865051903114,1599.3,-124.59999999999991,-0.1799493991144845,-0.5581724150760874,-0.5819659932284114,0.31140008185437384
261,2007-10-23,Roma,Sporting CP,2,1,round : 3,F,AS Roma,Sporting CP,2,1,False,2007,3,Group,H,1,1,detailed_2005_2021,1509.89,1493.411,16.479,0.524,28,109,0.3761467889908257,1.3669724770642202,1.3669724770642202,1.4587155963302751,-0.09174311926605505,1497.3,44,92,0.30434782608695654,1.076086956521739,1.358695652173913,1.7934782608695652,-0.43478260869565216,1434.1,63.200000000000045,0.07179896290386917,0.2908855205424812,0.008276824890307122,-0.33476266453929004
262,2007-10-23,CSKA Moscow,Inter,1,2,round : 3,G,CSKA Moskva,Inter Milan,1,2,False,2007,3,Group,A,0,-1,detailed_2005_2021,1500.865,1538.774,-37.909,0.446,47,86,0.26744186046511625,1.0348837209302326,1.1395348837209305,1.6395348837209305,-0.5,1433.7,12,203,0.47783251231527096,1.6945812807881773,1.4088669950738917,1.0295566502463054,0.3793103448275862,1569.5,-135.79999999999995,-0.2103906518501547,-0.6596975598579446,-0.2693321113529612,0.6099782334746251
263,2007-10-23,PSV Eindhoven,Fenerbahçe,0,0,round : 3,G,PSV Eindhoven,Fenerbahçe,0,0,False,2007,3,Group,D,0,0,detailed_2005_2021,1499.395,1492.266,7.129,0.51,19,171,0.3391812865497076,1.2690058479532165,1.2456140350877194,1.3099415204678362,-0.06432748538011696,1478.1,61,73,0.273972602739726,0.958904109589041,1.0136986301369864,1.9452054794520548,-0.9315068493150684,1412.3,65.79999999999995,0.06520868380998157,0.3101017383641754,0.23191540495073304,-0.6352639589842186
264,2007-10-23,Arsenal,Slavia Praha,7,0,round : 3,H,Arsenal FC,Slavia Praha,7,0,False,2007,3,Group,H,1,7,detailed_2005_2021,1571.203,1498.965,72.238,0.602,13,197,0.4720812182741117,1.6395939086294415,1.6446700507614214,1.1472081218274113,0.49746192893401014,1553.2,205,12,0.08333333333333333,0.5833333333333334,0.75,2.1666666666666665,-1.4166666666666667,1434.1,119.10000000000014,0.3887478849407784,1.056260575296108,0.8946700507614214,-1.0194585448392552
265,2007-10-23,Sevilla,FCSB,2,1,round : 3,H,Sevilla FC,FCSB,2,1,False,2007,3,Group,H,1,1,detailed_2005_2021,1502.095,1464.986,37.109,0.553,42,72,0.375,1.4027777777777777,1.4583333333333333,1.4861111111111112,-0.027777777777777776,1507.6,45,87,0.28735632183908044,1.1149425287356323,1.1954022988505748,1.471264367816092,-0.27586206896551724,1451.0,56.59999999999991,0.08764367816091956,0.2878352490421454,0.26293103448275845,0.014846743295019227
250,2007-10-24,Beşiktaş,Liverpool,2,1,round : 3,A,Beşiktaş,Liverpool FC,2,1,False,2007,3,Group,H,1,1,detailed_2005_2021,1480.244,1537.86,-57.616,0.418,65,70,0.24285714285714285,0.9142857142857143,0.9,2.0,-1.1,1409.2,7,230,0.5565217391304348,1.8782608695652174,1.891304347826087,0.9608695652173912,0.9304347826086956,1606.0,-196.79999999999995,-0.3136645962732919,-0.9639751552795032,-0.9913043478260869,1.0391304347826087
251,2007-10-24,Olympique de Marseille,FC Porto,1,1,round : 3,A,Olympique Marseille,FC Porto,1,1,False,2007,3,Group,D,0,0,detailed_2005_2021,1521.117,1508.231,12.886,0.519,29,110,0.39090909090909093,1.3363636363636364,1.4636363636363636,1.2727272727272727,0.19090909090909092,1484.0,8,265,0.4528301886792453,1.5773584905660378,1.4792452830188678,1.1547169811320754,0.32452830188679244,1540.4,-56.40000000000009,-0.061921097770154365,-0.2409948542024014,-0.015608919382504194,0.11801029159519727
252,2007-10-24,Chelsea,FC Schalke 04,2,0,round : 3,B,Chelsea FC,FC Schalke 04,2,0,False,2007,3,Group,H,1,2,detailed_2005_2021,1555.279,1511.212,44.067,0.563,10,197,0.5126903553299492,1.8020304568527918,1.7106598984771573,0.934010152284264,0.7766497461928934,1593.5,40,73,0.3972602739726027,1.4246575342465753,1.4383561643835616,1.5205479452054795,-0.0821917808219178,1507.5,86.0,0.1154300813573465,0.3773729226062166,0.27230373409359565,-0.5865377929212156
253,2007-10-24,Rosenborg BK,Valencia,2,0,round : 3,B,Rosenborg BK,Valencia CF,2,0,False,2007,3,Group,H,1,2,detailed_2005_2021,1472.55,1524.973,-52.422,0.425,50,90,0.23333333333333334,0.9333333333333333,1.2333333333333334,1.9333333333333331,-0.7,1412.9,23,116,0.41379310344827586,1.5344827586206897,1.456896551724138,1.0775862068965518,0.3793103448275862,1535.9,-123.0,-0.18045977011494252,-0.6011494252873564,-0.2235632183908045,0.8557471264367813
254,2007-10-24,Real Madrid,Olympiacos,4,2,round : 3,C,Real Madrid,Olympiakos Piraeus,4,2,False,2007,3,Group,H,1,2,detailed_2005_2021,1540.519,1453.961,86.557,0.622,1,486,0.5987654320987654,1.97119341563786,2.213991769547325,1.117283950617284,1.0967078189300412,1630.0,25,156,0.30128205128205127,1.0833333333333333,1.1282051282051282,1.698717948717949,-0.5705128205128205,1432.0,198.0,0.29748338081671416,0.8878600823045268,1.0857866413421968,-0.5814339981006649
255,2007-10-24,Werder Bremen,Lazio,2,1,round : 3,C,Werder Bremen,Lazio Roma,2,1,False,2007,3,Group,H,1,1,detailed_2005_2021,1487.878,1499.552,-11.674,0.483,51,60,0.38333333333333336,1.3833333333333333,1.6,1.65,-0.05,1500.0,48,60,0.38333333333333336,1.4166666666666667,1.4666666666666666,1.3166666666666669,0.15,1508.7,-8.700000000000045,0.0,-0.03333333333333344,0.13333333333333353,0.33333333333333304
256,2007-10-24,Milan,Shakhtar Donetsk,4,1,round : 3,D,AC Milan,Shakhtar Donetsk,4,1,False,2007,3,Group,H,1,3,detailed_2005_2021,1551.243,1512.322,38.922,0.556,6,265,0.47924528301886793,1.6981132075471699,1.6264150943396227,0.981132075471698,0.6452830188679245,1571.7,31,118,0.3305084745762712,1.2118644067796611,1.3644067796610169,1.7627118644067796,-0.3983050847457627,1464.6,107.10000000000014,0.14873680844259674,0.48624880076750876,0.26200831467860586,-0.7815797889350816
257,2007-10-24,SL Benfica,Celtic,1,0,round : 3,D,SL Benfica,Celtic FC,1,0,False,2007,3,Group,H,1,1,detailed_2005_2021,1486.04,1512.485,-26.446,0.462,9,266,0.43609022556390975,1.537593984962406,1.6466165413533835,1.218045112781955,0.42857142857142855,1532.9,20,156,0.391025641025641,1.3525641025641026,1.3846153846153846,1.4230769230769231,-0.038461538461538464,1488.2,44.700000000000045,0.045064584538268726,0.18502988239830342,0.26200115673799895,-0.2050318102949682
266,2007-11-06,FC Porto,Olympique de Marseille,2,1,round : 4,A,FC Porto,Olympique Marseille,2,1,False,2007,4,Group,H,1,1,detailed_2005_2021,1508.602,1520.746,-12.144,0.483,8,265,0.4528301886792453,1.5773584905660378,1.4792452830188678,1.1547169811320754,0.32452830188679244,1540.4,29,110,0.39090909090909093,1.3363636363636364,1.4636363636363636,1.2727272727272727,0.19090909090909092,1484.0,56.40000000000009,0.061921097770154365,0.2409948542024014,0.015608919382504194,-0.11801029159519727
267,2007-11-06,Liverpool,Beşiktaş,8,0,round : 4,A,Liverpool FC,Beşiktaş,8,0,False,2007,4,Group,H,1,8,detailed_2005_2021,1526.216,1491.887,34.329,0.549,7,230,0.5565217391304348,1.8782608695652174,1.891304347826087,0.9608695652173912,0.9304347826086956,1606.0,65,70,0.24285714285714285,0.9142857142857143,0.9,2.0,-1.1,1409.2,196.79999999999995,0.3136645962732919,0.9639751552795032,0.9913043478260869,-1.0391304347826087
268,2007-11-06,FC Schalke 04,Chelsea,0,0,round : 4,B,FC Schalke 04,Chelsea FC,0,0,False,2007,4,Group,D,0,0,detailed_2005_2021,1502.474,1564.017,-61.543,0.412,40,73,0.3972602739726027,1.4246575342465753,1.4383561643835616,1.5205479452054795,-0.0821917808219178,1507.5,10,197,0.5126903553299492,1.8020304568527918,1.7106598984771573,0.934010152284264,0.7766497461928934,1593.5,-86.0,-0.1154300813573465,-0.3773729226062166,-0.27230373409359565,0.5865377929212156
269,2007-11-06,Valencia,Rosenborg BK,0,2,round : 4,B,Valencia CF,Rosenborg BK,0,2,False,2007,4,Group,A,0,-2,detailed_2005_2021,1513.475,1484.048,29.427,0.542,23,116,0.41379310344827586,1.5344827586206897,1.456896551724138,1.0775862068965518,0.3793103448275862,1535.9,50,90,0.23333333333333334,0.9333333333333333,1.2333333333333334,1.9333333333333331,-0.7,1412.9,123.0,0.18045977011494252,0.6011494252873564,0.2235632183908045,-0.8557471264367813
270,2007-11-06,Lazio,Werder Bremen,2,1,round : 4,C,Lazio Roma,Werder Bremen,2,1,False,2007,4,Group,H,1,1,detailed_2005_2021,1489.216,1498.214,-8.997,0.487,48,60,0.38333333333333336,1.4166666666666667,1.4666666666666666,1.3166666666666669,0.15,1508.7,51,60,0.38333333333333336,1.3833333333333333,1.6,1.65,-0.05,1500.0,8.700000000000045,0.0,0.03333333333333344,-0.13333333333333353,-0.33333333333333304
271,2007-11-06,Olympiacos,Real Madrid,0,0,round : 4,C,Olympiakos Piraeus,Real Madrid,0,0,False,2007,4,Group,D,0,0,detailed_2005_2021,1446.402,1548.078,-101.675,0.358,25,156,0.30128205128205127,1.0833333333333333,1.1282051282051282,1.698717948717949,-0.5705128205128205,1432.0,1,486,0.5987654320987654,1.97119341563786,2.213991769547325,1.117283950617284,1.0967078189300412,1630.0,-198.0,-0.29748338081671416,-0.8878600823045268,-1.0857866413421968,0.5814339981006649
272,2007-11-06,Celtic,SL Benfica,1,0,round : 4,D,Celtic FC,SL Benfica,1,0,False,2007,4,Group,H,1,1,detailed_2005_2021,1501.725,1496.799,4.926,0.507,20,156,0.391025641025641,1.3525641025641026,1.3846153846153846,1.4230769230769231,-0.038461538461538464,1488.2,9,266,0.43609022556390975,1.537593984962406,1.6466165413533835,1.218045112781955,0.42857142857142855,1532.9,-44.700000000000045,-0.045064584538268726,-0.18502988239830342,-0.26200115673799895,0.2050318102949682
273,2007-11-06,Shakhtar Donetsk,Milan,0,3,round : 4,D,Shakhtar Donetsk,AC Milan,0,3,False,2007,4,Group,A,0,-3,detailed_2005_2021,1503.437,1560.128,-56.69,0.419,31,118,0.3305084745762712,1.2118644067796611,1.3644067796610169,1.7627118644067796,-0.3983050847457627,1464.6,6,265,0.47924528301886793,1.6981132075471699,1.6264150943396227,0.981132075471698,0.6452830188679245,1571.7,-107.10000000000014,-0.14873680844259674,-0.48624880076750876,-0.26200831467860586,0.7815797889350816
274,2007-11-07,Barcelona,Rangers,2,0,round : 4,E,FC Barcelona,Rangers FC,2,0,False,2007,4,Group,H,1,2,detailed_2005_2021,1586.528,1523.084,63.444,0.59,3,341,0.5747800586510264,1.9501466275659824,1.9794721407624636,1.0439882697947214,0.9354838709677419,1628.8,26,131,0.3282442748091603,1.2213740458015268,1.3206106870229009,1.6564885496183206,-0.33587786259541985,1467.7,161.0999999999999,0.24653578384186614,0.7287725817644557,0.6588614537395627,-0.6125002798235992
275,2007-11-07,Olympique Lyonnais,VfB Stuttgart,4,2,round : 4,E,Olympique Lyon,VfB Stuttgart,4,2,False,2007,4,Group,H,1,2,detailed_2005_2021,1547.222,1474.167,73.054,0.604,21,136,0.4264705882352941,1.5441176470588236,1.588235294117647,1.2279411764705883,0.3602941176470588,1535.8,96,27,0.2962962962962963,1.1481481481481481,1.2222222222222223,1.5555555555555556,-0.3333333333333333,1470.4,65.39999999999986,0.13017429193899782,0.39596949891067545,0.36601307189542465,-0.32761437908496727
276,2007-11-07,Manchester United,Dynamo Kyiv,4,0,round : 4,F,Manchester United,Dinamo Kiev,4,0,False,2007,4,Group,H,1,4,detailed_2005_2021,1551.669,1440.564,111.106,0.655,4,289,0.5294117647058824,1.8269896193771626,1.813148788927336,1.038062283737024,0.7750865051903114,1599.3,18,186,0.34946236559139787,1.2688172043010753,1.2311827956989247,1.3494623655913978,-0.11827956989247312,1474.7,124.59999999999991,0.1799493991144845,0.5581724150760874,0.5819659932284114,-0.31140008185437384
277,2007-11-07,Sporting CP,Roma,2,2,round : 4,F,Sporting CP,AS Roma,2,2,False,2007,4,Group,D,0,0,detailed_2005_2021,1483.885,1519.416,-35.531,0.449,44,92,0.30434782608695654,1.076086956521739,1.358695652173913,1.7934782608695652,-0.43478260869565216,1434.1,28,109,0.3761467889908257,1.3669724770642202,1.3669724770642202,1.4587155963302751,-0.09174311926605505,1497.3,-63.200000000000045,-0.07179896290386917,-0.2908855205424812,-0.008276824890307122,0.33476266453929004
278,2007-11-07,Fenerbahçe,PSV Eindhoven,2,0,round : 4,G,Fenerbahçe,PSV Eindhoven,2,0,False,2007,4,Group,H,1,2,detailed_2005_2021,1492.472,1499.19,-6.718,0.49,61,73,0.273972602739726,0.958904109589041,1.0136986301369864,1.9452054794520548,-0.9315068493150684,1412.3,19,171,0.3391812865497076,1.2690058479532165,1.2456140350877194,1.3099415204678362,-0.06432748538011696,1478.1,-65.79999999999995,-0.06520868380998157,-0.3101017383641754,-0.23191540495073304,0.6352639589842186
279,2007-11-07,Inter,CSKA Moscow,4,2,round : 4,G,Inter Milan,CSKA Moskva,4,2,False,2007,4,Group,H,1,2,detailed_2005_2021,1547.687,1491.952,55.735,0.58,12,203,0.47783251231527096,1.6945812807881773,1.4088669950738917,1.0295566502463054,0.3793103448275862,1569.5,47,86,0.26744186046511625,1.0348837209302326,1.1395348837209305,1.6395348837209305,-0.5,1433.7,135.79999999999995,0.2103906518501547,0.6596975598579446,0.2693321113529612,-0.6099782334746251
280,2007-11-07,FCSB,Sevilla,0,2,round : 4,H,FCSB,Sevilla FC,0,2,False,2007,4,Group,A,0,-2,detailed_2005_2021,1456.05,1511.031,-54.981,0.422,45,87,0.28735632183908044,1.1149425287356323,1.1954022988505748,1.471264367816092,-0.27586206896551724,1451.0,42,72,0.375,1.4027777777777777,1.4583333333333333,1.4861111111111112,-0.027777777777777776,1507.6,-56.59999999999991,-0.08764367816091956,-0.2878352490421454,-0.26293103448275845,-0.014846743295019227
281,2007-11-07,Slavia Praha,Arsenal,0,0,round : 4,H,Slavia Praha,Arsenal FC,0,0,False,2007,4,Group,D,0,0,detailed_2005_2021,1491.014,1579.153,-88.139,0.376,205,12,0.08333333333333333,0.5833333333333334,0.75,2.1666666666666665,-1.4166666666666667,1434.1,13,197,0.4720812182741117,1.6395939086294415,1.6446700507614214,1.1472081218274113,0.49746192893401014,1553.2,-119.10000000000014,-0.3887478849407784,-1.056260575296108,-0.8946700507614214,1.0194585448392552
290,2007-11-27,Olympique Lyonnais,Barcelona,2,2,round : 5,E,Olympique Lyon,FC Barcelona,2,2,False,2007,5,Group,D,0,0,detailed_2005_2021,1555.149,1594.722,-39.572,0.443,21,136,0.4264705882352941,1.5441176470588236,1.588235294117647,1.2279411764705883,0.3602941176470588,1535.8,3,341,0.5747800586510264,1.9501466275659824,1.9794721407624636,1.0439882697947214,0.9354838709677419,1628.8,-93.0,-0.14830947041573234,-0.40602898050715885,-0.3912368466448166,0.18395290667586695
291,2007-11-27,VfB Stuttgart,Rangers,3,2,round : 5,E,VfB Stuttgart,Rangers FC,3,2,False,2007,5,Group,H,1,1,detailed_2005_2021,1466.239,1514.89,-48.651,0.43,96,27,0.2962962962962963,1.1481481481481481,1.2222222222222223,1.5555555555555556,-0.3333333333333333,1470.4,26,131,0.3282442748091603,1.2213740458015268,1.3206106870229009,1.6564885496183206,-0.33587786259541985,1467.7,2.7000000000000455,-0.03194797851286402,-0.07322589765337861,-0.09838846480067853,-0.10093299406276501
292,2007-11-27,Dynamo Kyiv,Roma,1,4,round : 5,F,Dinamo Kiev,AS Roma,1,4,False,2007,5,Group,A,0,-3,detailed_2005_2021,1433.657,1518.397,-84.74,0.38,18,186,0.34946236559139787,1.2688172043010753,1.2311827956989247,1.3494623655913978,-0.11827956989247312,1474.7,28,109,0.3761467889908257,1.3669724770642202,1.3669724770642202,1.4587155963302751,-0.09174311926605505,1497.3,-22.59999999999991,-0.026684423399427837,-0.09815527276314495,-0.13578968136529546,-0.10925323073887738
293,2007-11-27,Manchester United,Sporting CP,2,1,round : 5,F,Manchester United,Sporting CP,2,1,False,2007,5,Group,H,1,1,detailed_2005_2021,1558.576,1484.904,73.672,0.604,4,289,0.5294117647058824,1.8269896193771626,1.813148788927336,1.038062283737024,0.7750865051903114,1599.3,44,92,0.30434782608695654,1.076086956521739,1.358695652173913,1.7934782608695652,-0.43478260869565216,1434.1,165.20000000000005,0.22506393861892582,0.7509026628554236,0.454453136753423,-0.7554159771325413
294,2007-11-27,CSKA Moscow,PSV Eindhoven,0,1,round : 5,G,CSKA Moskva,PSV Eindhoven,0,1,False,2007,5,Group,A,0,-1,detailed_2005_2021,1483.542,1488.997,-5.454,0.492,47,86,0.26744186046511625,1.0348837209302326,1.1395348837209305,1.6395348837209305,-0.5,1433.7,19,171,0.3391812865497076,1.2690058479532165,1.2456140350877194,1.3099415204678362,-0.06432748538011696,1478.1,-44.399999999999864,-0.07173942608459133,-0.23412212702298385,-0.10607915136678892,0.3295933632530943
295,2007-11-27,Inter,Fenerbahçe,3,0,round : 5,G,Inter Milan,Fenerbahçe,3,0,False,2007,5,Group,H,1,3,detailed_2005_2021,1556.096,1502.665,53.432,0.576,12,203,0.47783251231527096,1.6945812807881773,1.4088669950738917,1.0295566502463054,0.3793103448275862,1569.5,61,73,0.273972602739726,0.958904109589041,1.0136986301369864,1.9452054794520548,-0.9315068493150684,1412.3,157.20000000000005,0.20385990957554495,0.7356771711991362,0.3951683649369053,-0.9156488292057494
296,2007-11-27,FCSB,Slavia Praha,1,1,round : 5,H,FCSB,Slavia Praha,1,1,False,2007,5,Group,D,0,0,detailed_2005_2021,1447.619,1493.498,-45.879,0.434,45,87,0.28735632183908044,1.1149425287356323,1.1954022988505748,1.471264367816092,-0.27586206896551724,1451.0,205,12,0.08333333333333333,0.5833333333333334,0.75,2.1666666666666665,-1.4166666666666667,1434.1,16.90000000000009,0.20402298850574713,0.5316091954022989,0.4454022988505748,-0.6954022988505746
297,2007-11-27,Sevilla,Arsenal,3,1,round : 5,H,Sevilla FC,Arsenal FC,3,1,False,2007,5,Group,H,1,2,detailed_2005_2021,1519.461,1576.669,-57.208,0.418,42,72,0.375,1.4027777777777777,1.4583333333333333,1.4861111111111112,-0.027777777777777776,1507.6,13,197,0.4720812182741117,1.6395939086294415,1.6446700507614214,1.1472081218274113,0.49746192893401014,1553.2,-45.600000000000136,-0.0970812182741117,-0.23681613085166386,-0.1863367174280881,0.3389029892836999
282,2007-11-28,Beşiktaş,Olympique de Marseille,2,1,round : 5,A,Beşiktaş,Olympique Marseille,2,1,False,2007,5,Group,H,1,1,detailed_2005_2021,1482.872,1510.397,-27.525,0.46,65,70,0.24285714285714285,0.9142857142857143,0.9,2.0,-1.1,1409.2,29,110,0.39090909090909093,1.3363636363636364,1.4636363636363636,1.2727272727272727,0.19090909090909092,1484.0,-74.79999999999995,-0.14805194805194807,-0.42207792207792216,-0.5636363636363636,0.7272727272727273
283,2007-11-28,Liverpool,FC Porto,4,1,round : 5,A,Liverpool FC,FC Porto,4,1,False,2007,5,Group,H,1,3,detailed_2005_2021,1535.232,1518.952,16.28,0.523,7,230,0.5565217391304348,1.8782608695652174,1.891304347826087,0.9608695652173912,0.9304347826086956,1606.0,8,265,0.4528301886792453,1.5773584905660378,1.4792452830188678,1.1547169811320754,0.32452830188679244,1540.4,65.59999999999991,0.1036915504511895,0.3009023789991796,0.4120590648072191,-0.19384741591468424
284,2007-11-28,Rosenborg BK,Chelsea,0,4,round : 5,B,Rosenborg BK,Chelsea FC,0,4,False,2007,5,Group,A,0,-4,detailed_2005_2021,1494.893,1562.264,-67.372,0.404,50,90,0.23333333333333334,0.9333333333333333,1.2333333333333334,1.9333333333333331,-0.7,1412.9,10,197,0.5126903553299492,1.8020304568527918,1.7106598984771573,0.934010152284264,0.7766497461928934,1593.5,-180.5999999999999,-0.2793570219966159,-0.8686971235194585,-0.4773265651438239,0.9993231810490691
285,2007-11-28,Valencia,FC Schalke 04,0,0,round : 5,B,Valencia CF,FC Schalke 04,0,0,False,2007,5,Group,D,0,0,detailed_2005_2021,1502.63,1504.227,-1.597,0.498,23,116,0.41379310344827586,1.5344827586206897,1.456896551724138,1.0775862068965518,0.3793103448275862,1535.9,40,73,0.3972602739726027,1.4246575342465753,1.4383561643835616,1.5205479452054795,-0.0821917808219178,1507.5,28.40000000000009,0.01653282947567314,0.10982522437411446,0.01854038734057628,-0.4429617383089277
286,2007-11-28,Lazio,Olympiacos,1,2,round : 5,C,Lazio Roma,Olympiakos Piraeus,1,2,False,2007,5,Group,A,0,-1,detailed_2005_2021,1499.475,1449.248,50.227,0.572,48,60,0.38333333333333336,1.4166666666666667,1.4666666666666666,1.3166666666666669,0.15,1508.7,25,156,0.30128205128205127,1.0833333333333333,1.1282051282051282,1.698717948717949,-0.5705128205128205,1432.0,76.70000000000005,0.08205128205128209,0.3333333333333335,0.33846153846153837,-0.382051282051282
287,2007-11-28,Werder Bremen,Real Madrid,3,2,round : 5,C,Werder Bremen,Real Madrid,3,2,False,2007,5,Group,H,1,1,detailed_2005_2021,1487.955,1545.232,-57.277,0.418,51,60,0.38333333333333336,1.3833333333333333,1.6,1.65,-0.05,1500.0,1,486,0.5987654320987654,1.97119341563786,2.213991769547325,1.117283950617284,1.0967078189300412,1630.0,-130.0,-0.21543209876543207,-0.5878600823045268,-0.6139917695473249,0.5327160493827159
288,2007-11-28,Celtic,Shakhtar Donetsk,2,1,round : 5,D,Celtic FC,Shakhtar Donetsk,2,1,False,2007,5,Group,H,1,1,detailed_2005_2021,1511.584,1495.054,16.529,0.524,20,156,0.391025641025641,1.3525641025641026,1.3846153846153846,1.4230769230769231,-0.038461538461538464,1488.2,31,118,0.3305084745762712,1.2118644067796611,1.3644067796610169,1.7627118644067796,-0.3983050847457627,1464.6,23.600000000000136,0.06051716644936983,0.14069969578444153,0.020208604954367715,-0.3396349413298565
289,2007-11-28,SL Benfica,Milan,1,1,round : 5,D,SL Benfica,AC Milan,1,1,False,2007,5,Group,D,0,0,detailed_2005_2021,1486.941,1568.51,-81.569,0.385,9,266,0.43609022556390975,1.537593984962406,1.6466165413533835,1.218045112781955,0.42857142857142855,1532.9,6,265,0.47924528301886793,1.6981132075471699,1.6264150943396227,0.981132075471698,0.6452830188679245,1571.7,-38.799999999999955,-0.04315505745495818,-0.1605192225847638,0.02020144701376081,0.23691303731025692
298,2008-02-19,FC Schalke 04,FC Porto,1,0,round : 18,,FC Schalke 04,FC Porto,1,0,False,2007,18,Knockout,H,1,1,detailed_2005_2021,1504.181,1509.42,-5.239,0.492,40,73,0.3972602739726027,1.4246575342465753,1.4383561643835616,1.5205479452054795,-0.0821917808219178,1507.5,8,265,0.4528301886792453,1.5773584905660378,1.4792452830188678,1.1547169811320754,0.32452830188679244,1540.4,-32.90000000000009,-0.055569914706642576,-0.15270095631946257,-0.0408891186353062,0.3658309640734041
299,2008-02-19,Liverpool,Inter,2,0,round : 18,,Liverpool FC,Inter Milan,2,0,False,2007,18,Knockout,H,1,2,detailed_2005_2021,1544.763,1564.571,-19.807,0.472,7,230,0.5565217391304348,1.8782608695652174,1.891304347826087,0.9608695652173912,0.9304347826086956,1606.0,12,203,0.47783251231527096,1.6945812807881773,1.4088669950738917,1.0295566502463054,0.3793103448275862,1569.5,36.5,0.07868922681516383,0.18367958877704016,0.48243735275219524,-0.06868708502891419
300,2008-02-19,Olympiacos,Chelsea,0,0,round : 18,,Olympiakos Piraeus,Chelsea FC,0,0,False,2007,18,Knockout,D,0,0,detailed_2005_2021,1460.684,1570.349,-109.665,0.347,25,156,0.30128205128205127,1.0833333333333333,1.1282051282051282,1.698717948717949,-0.5705128205128205,1432.0,10,197,0.5126903553299492,1.8020304568527918,1.7106598984771573,0.934010152284264,0.7766497461928934,1593.5,-161.5,-0.21140830404789795,-0.7186971235194586,-0.5824547702720291,0.7647077964336849
301,2008-02-19,Roma,Real Madrid,2,1,round : 18,,AS Roma,Real Madrid,2,1,False,2007,18,Knockout,H,1,1,detailed_2005_2021,1526.005,1533.598,-7.593,0.489,28,109,0.3761467889908257,1.3669724770642202,1.3669724770642202,1.4587155963302751,-0.09174311926605505,1497.3,1,486,0.5987654320987654,1.97119341563786,2.213991769547325,1.117283950617284,1.0967078189300412,1630.0,-132.70000000000005,-0.22261864310793972,-0.6042209385736399,-0.8470192924831048,0.3414316457129911
302,2008-02-20,Arsenal,Milan,0,0,round : 18,,Arsenal FC,AC Milan,0,0,False,2007,18,Knockout,D,0,0,detailed_2005_2021,1565.037,1566.205,-1.167,0.498,13,197,0.4720812182741117,1.6395939086294415,1.6446700507614214,1.1472081218274113,0.49746192893401014,1553.2,6,265,0.47924528301886793,1.6981132075471699,1.6264150943396227,0.981132075471698,0.6452830188679245,1571.7,-18.5,-0.007164064744756227,-0.058519298917728335,0.01825495642179864,0.16607604635571327
303,2008-02-20,Celtic,Barcelona,2,3,round : 18,,Celtic FC,FC Barcelona,2,3,False,2007,18,Knockout,A,0,-1,detailed_2005_2021,1521.108,1593.588,-72.479,0.397,20,156,0.391025641025641,1.3525641025641026,1.3846153846153846,1.4230769230769231,-0.038461538461538464,1488.2,3,341,0.5747800586510264,1.9501466275659824,1.9794721407624636,1.0439882697947214,0.9354838709677419,1628.8,-140.5999999999999,-0.1837544176253854,-0.5975825250018798,-0.594856756147079,0.37908865328220176
304,2008-02-20,Fenerbahçe,Sevilla,3,2,round : 18,,Fenerbahçe,Sevilla FC,3,2,False,2007,18,Knockout,H,1,1,detailed_2005_2021,1494.191,1531.093,-36.902,0.447,61,73,0.273972602739726,0.958904109589041,1.0136986301369864,1.9452054794520548,-0.9315068493150684,1412.3,42,72,0.375,1.4027777777777777,1.4583333333333333,1.4861111111111112,-0.027777777777777776,1507.6,-95.29999999999995,-0.10102739726027399,-0.44387366818873664,-0.4446347031963469,0.45909436834094364
305,2008-02-20,Olympique Lyonnais,Manchester United,1,1,round : 18,,Olympique Lyon,Manchester United,1,1,False,2007,18,Knockout,D,0,0,detailed_2005_2021,1556.283,1566.487,-10.204,0.485,21,136,0.4264705882352941,1.5441176470588236,1.588235294117647,1.2279411764705883,0.3602941176470588,1535.8,4,289,0.5294117647058824,1.8269896193771626,1.813148788927336,1.038062283737024,0.7750865051903114,1599.3,-63.5,-0.10294117647058826,-0.28287197231833905,-0.22491349480968914,0.1898788927335644
306,2008-03-04,Barcelona,Celtic,1,0,round : 18,,FC Barcelona,Celtic FC,1,0,False,2007,18,Knockout,H,1,1,detailed_2005_2021,1601.531,1513.165,88.367,0.624,3,341,0.5747800586510264,1.9501466275659824,1.9794721407624636,1.0439882697947214,0.9354838709677419,1628.8,20,156,0.391025641025641,1.3525641025641026,1.3846153846153846,1.4230769230769231,-0.038461538461538464,1488.2,140.5999999999999,0.1837544176253854,0.5975825250018798,0.594856756147079,-0.37908865328220176
307,2008-03-04,Manchester United,Olympique Lyonnais,1,0,round : 18,,Manchester United,Olympique Lyon,1,0,False,2007,18,Knockout,H,1,1,detailed_2005_2021,1566.193,1556.577,9.616,0.514,4,289,0.5294117647058824,1.8269896193771626,1.813148788927336,1.038062283737024,0.7750865051903114,1599.3,21,136,0.4264705882352941,1.5441176470588236,1.588235294117647,1.2279411764705883,0.3602941176470588,1535.8,63.5,0.10294117647058826,0.28287197231833905,0.22491349480968914,-0.1898788927335644
308,2008-03-04,Milan,Arsenal,0,2,round : 18,,AC Milan,Arsenal FC,0,2,False,2007,18,Knockout,A,0,-2,detailed_2005_2021,1566.171,1565.071,1.1,0.502,6,265,0.47924528301886793,1.6981132075471699,1.6264150943396227,0.981132075471698,0.6452830188679245,1571.7,13,197,0.4720812182741117,1.6395939086294415,1.6446700507614214,1.1472081218274113,0.49746192893401014,1553.2,18.5,0.007164064744756227,0.058519298917728335,-0.01825495642179864,-0.16607604635571327
309,2008-03-04,Sevilla,Fenerbahçe,3(0) (2),2(0) (1),round : 18,,Sevilla FC,Fenerbahçe,3,2,True,2007,18,Knockout,H,1,1,detailed_2005_2021,1520.035,1505.249,14.786,0.521,42,72,0.375,1.4027777777777777,1.4583333333333333,1.4861111111111112,-0.027777777777777776,1507.6,61,73,0.273972602739726,0.958904109589041,1.0136986301369864,1.9452054794520548,-0.9315068493150684,1412.3,95.29999999999995,0.10102739726027399,0.44387366818873664,0.4446347031963469,-0.45909436834094364
310,2008-03-05,Chelsea,Olympiacos,3,0,round : 18,,Chelsea FC,Olympiakos Piraeus,3,0,False,2007,18,Knockout,H,1,3,detailed_2005_2021,1567.293,1463.739,103.554,0.645,10,197,0.5126903553299492,1.8020304568527918,1.7106598984771573,0.934010152284264,0.7766497461928934,1593.5,25,156,0.30128205128205127,1.0833333333333333,1.1282051282051282,1.698717948717949,-0.5705128205128205,1432.0,161.5,0.21140830404789795,0.7186971235194586,0.5824547702720291,-0.7647077964336849
311,2008-03-05,FC Porto,FC Schalke 04,1(0) (1),0(0) (4),round : 18,,FC Porto,FC Schalke 04,1,0,True,2007,18,Knockout,H,1,1,detailed_2005_2021,1499.269,1514.332,-15.063,0.478,8,265,0.4528301886792453,1.5773584905660378,1.4792452830188678,1.1547169811320754,0.32452830188679244,1540.4,40,73,0.3972602739726027,1.4246575342465753,1.4383561643835616,1.5205479452054795,-0.0821917808219178,1507.5,32.90000000000009,0.055569914706642576,0.15270095631946257,0.0408891186353062,-0.3658309640734041
312,2008-03-05,Real Madrid,Roma,1,2,round : 18,,Real Madrid,AS Roma,1,2,False,2007,18,Knockout,A,0,-1,detailed_2005_2021,1523.38,1536.223,-12.844,0.482,1,486,0.5987654320987654,1.97119341563786,2.213991769547325,1.117283950617284,1.0967078189300412,1630.0,28,109,0.3761467889908257,1.3669724770642202,1.3669724770642202,1.4587155963302751,-0.09174311926605505,1497.3,132.70000000000005,0.22261864310793972,0.6042209385736399,0.8470192924831048,-0.3414316457129911
313,2008-03-11,Inter,Liverpool,0,1,round : 18,,Inter Milan,Liverpool FC,0,1,False,2007,18,Knockout,A,0,-1,detailed_2005_2021,1554.001,1555.333,-1.332,0.498,12,203,0.47783251231527096,1.6945812807881773,1.4088669950738917,1.0295566502463054,0.3793103448275862,1569.5,7,230,0.5565217391304348,1.8782608695652174,1.891304347826087,0.9608695652173912,0.9304347826086956,1606.0,-36.5,-0.07868922681516383,-0.18367958877704016,-0.48243735275219524,0.06868708502891419
314,2008-04-01,FC Schalke 04,Barcelona,0,1,round : quarterfinals,,FC Schalke 04,FC Barcelona,0,1,False,2007,quarterfinals,Knockout,A,0,-1,detailed_2005_2021,1503.899,1609.041,-105.143,0.353,40,73,0.3972602739726027,1.4246575342465753,1.4383561643835616,1.5205479452054795,-0.0821917808219178,1507.5,3,341,0.5747800586510264,1.9501466275659824,1.9794721407624636,1.0439882697947214,0.9354838709677419,1628.8,-121.29999999999995,-0.17751978467842372,-0.5254890933194072,-0.541115976378902,0.47655967541075817
315,2008-04-01,Roma,Manchester United,0,2,round : quarterfinals,,AS Roma,Manchester United,0,2,False,2007,quarterfinals,Knockout,A,0,-2,detailed_2005_2021,1545.854,1575.917,-30.063,0.457,28,109,0.3761467889908257,1.3669724770642202,1.3669724770642202,1.4587155963302751,-0.09174311926605505,1497.3,4,289,0.5294117647058824,1.8269896193771626,1.813148788927336,1.038062283737024,0.7750865051903114,1599.3,-102.0,-0.15326497571505665,-0.46001714231294244,-0.4461763118631159,0.4206533125932512
316,2008-04-02,Arsenal,Liverpool,1,1,round : quarterfinals,,Arsenal FC,Liverpool FC,1,1,False,2007,quarterfinals,Knockout,D,0,0,detailed_2005_2021,1575.103,1565.294,9.808,0.514,13,197,0.4720812182741117,1.6395939086294415,1.6446700507614214,1.1472081218274113,0.49746192893401014,1553.2,7,230,0.5565217391304348,1.8782608695652174,1.891304347826087,0.9608695652173912,0.9304347826086956,1606.0,-52.799999999999955,-0.08444052085632309,-0.23866696093577588,-0.24663429706466555,0.18633855661002008
317,2008-04-02,Fenerbahçe,Chelsea,2,1,round : quarterfinals,,Fenerbahçe,Chelsea FC,2,1,False,2007,quarterfinals,Knockout,H,1,1,detailed_2005_2021,1495.674,1574.398,-78.724,0.389,61,73,0.273972602739726,0.958904109589041,1.0136986301369864,1.9452054794520548,-0.9315068493150684,1412.3,10,197,0.5126903553299492,1.8020304568527918,1.7106598984771573,0.934010152284264,0.7766497461928934,1593.5,-181.20000000000005,-0.2387177525902232,-0.8431263472637508,-0.6969612683401709,1.011195327167791
318,2008-04-08,Chelsea,Fenerbahçe,2,0,round : quarterfinals,,Chelsea FC,Fenerbahçe,2,0,False,2007,quarterfinals,Knockout,H,1,2,detailed_2005_2021,1562.17,1507.902,54.268,0.577,10,197,0.5126903553299492,1.8020304568527918,1.7106598984771573,0.934010152284264,0.7766497461928934,1593.5,61,73,0.273972602739726,0.958904109589041,1.0136986301369864,1.9452054794520548,-0.9315068493150684,1412.3,181.20000000000005,0.2387177525902232,0.8431263472637508,0.6969612683401709,-1.011195327167791
319,2008-04-08,Liverpool,Arsenal,4,2,round : quarterfinals,,Liverpool FC,Arsenal FC,4,2,False,2007,quarterfinals,Knockout,H,1,2,detailed_2005_2021,1565.577,1574.82,-9.244,0.487,7,230,0.5565217391304348,1.8782608695652174,1.891304347826087,0.9608695652173912,0.9304347826086956,1606.0,13,197,0.4720812182741117,1.6395939086294415,1.6446700507614214,1.1472081218274113,0.49746192893401014,1553.2,52.799999999999955,0.08444052085632309,0.23866696093577588,0.24663429706466555,-0.18633855661002008
320,2008-04-09,Barcelona,FC Schalke 04,1,0,round : quarterfinals,,FC Barcelona,FC Schalke 04,1,0,False,2007,quarterfinals,Knockout,H,1,1,detailed_2005_2021,1616.104,1496.836,119.269,0.665,3,341,0.5747800586510264,1.9501466275659824,1.9794721407624636,1.0439882697947214,0.9354838709677419,1628.8,40,73,0.3972602739726027,1.4246575342465753,1.4383561643835616,1.5205479452054795,-0.0821917808219178,1507.5,121.29999999999995,0.17751978467842372,0.5254890933194072,0.541115976378902,-0.47655967541075817
321,2008-04-09,Manchester United,Roma,1,0,round : quarterfinals,,Manchester United,AS Roma,1,0,False,2007,quarterfinals,Knockout,H,1,1,detailed_2005_2021,1585.054,1536.717,48.337,0.569,4,289,0.5294117647058824,1.8269896193771626,1.813148788927336,1.038062283737024,0.7750865051903114,1599.3,28,109,0.3761467889908257,1.3669724770642202,1.3669724770642202,1.4587155963302751,-0.09174311926605505,1497.3,102.0,0.15326497571505665,0.46001714231294244,0.4461763118631159,-0.4206533125932512
322,2008-04-22,Liverpool,Chelsea,1,1,round : semifinals,,Liverpool FC,Chelsea FC,1,1,False,2007,semifinals,Knockout,D,0,0,detailed_2005_2021,1575.843,1570.621,5.222,0.508,7,230,0.5565217391304348,1.8782608695652174,1.891304347826087,0.9608695652173912,0.9304347826086956,1606.0,10,197,0.5126903553299492,1.8020304568527918,1.7106598984771573,0.934010152284264,0.7766497461928934,1593.5,12.5,0.04383138380048557,0.07623041271242559,0.18064444934892965,0.026859412933127214
323,2008-04-23,Barcelona,Manchester United,0,0,round : semifinals,,FC Barcelona,Manchester United,0,0,False,2007,semifinals,Knockout,D,0,0,detailed_2005_2021,1622.8,1593.671,29.129,0.542,3,341,0.5747800586510264,1.9501466275659824,1.9794721407624636,1.0439882697947214,0.9354838709677419,1628.8,4,289,0.5294117647058824,1.8269896193771626,1.813148788927336,1.038062283737024,0.7750865051903114,1599.3,29.5,0.04536829394514408,0.1231570081888198,0.16632335183512748,0.005925986057697452
324,2008-04-29,Manchester United,Barcelona,1,0,round : semifinals,,Manchester United,FC Barcelona,1,0,False,2007,semifinals,Knockout,H,1,1,detailed_2005_2021,1594.508,1621.964,-27.456,0.461,4,289,0.5294117647058824,1.8269896193771626,1.813148788927336,1.038062283737024,0.7750865051903114,1599.3,3,341,0.5747800586510264,1.9501466275659824,1.9794721407624636,1.0439882697947214,0.9354838709677419,1628.8,-29.5,-0.04536829394514408,-0.1231570081888198,-0.16632335183512748,-0.005925986057697452
325,2008-04-30,Chelsea,Liverpool,1(2),1(1),round : semifinals,,Chelsea FC,Liverpool FC,1,1,True,2007,semifinals,Knockout,D,0,0,detailed_2005_2021,1570.771,1575.692,-4.921,0.493,10,197,0.5126903553299492,1.8020304568527918,1.7106598984771573,0.934010152284264,0.7766497461928934,1593.5,7,230,0.5565217391304348,1.8782608695652174,1.891304347826087,0.9608695652173912,0.9304347826086956,1606.0,-12.5,-0.04383138380048557,-0.07623041271242559,-0.18064444934892965,-0.026859412933127214
326,2008-05-21,Manchester United,Chelsea,1(0) (6),1(0) (5),round : final,,Manchester United,Chelsea FC,1,1,True,2007,final,Knockout,D,0,0,detailed_2005_2021,1605.296,1570.913,34.384,0.549,4,289,0.5294117647058824,1.8269896193771626,1.813148788927336,1.038062283737024,0.7750865051903114,1599.3,10,197,0.5126903553299492,1.8020304568527918,1.7106598984771573,0.934010152284264,0.7766497461928934,1593.5,5.7999999999999545,0.01672140937593314,0.024959162524370804,0.10248889045017884,0.10405213145275993
327,2008-09-16,Chelsea,Bordeaux,4,0,round : 1,A,Chelsea FC,Girondins Bordeaux,4,0,False,2008,1,Group,H,1,4,detailed_2005_2021,1571.899,1481.471,90.428,0.627,10,197,0.5126903553299492,1.8020304568527918,1.7106598984771573,0.934010152284264,0.7766497461928934,1593.5,52,50,0.42,1.58,1.08,1.08,0.0,1539.9,53.59999999999991,0.09269035532994924,0.22203045685279177,0.6306598984771572,-0.1459898477157361
328,2008-09-16,Roma,CFR Cluj,1,2,round : 1,A,AS Roma,CFR Cluj,1,2,False,2008,1,Group,A,0,-1,detailed_2005_2021,1528.099,1500.0,28.099,0.54,28,109,0.3761467889908257,1.3669724770642202,1.3669724770642202,1.4587155963302751,-0.09174311926605505,1497.3,128,18,0.2777777777777778,1.0,1.1111111111111112,1.5555555555555556,-0.4444444444444444,1454.0,43.299999999999955,0.09836901121304792,0.3669724770642202,0.25586136595310904,-0.09683995922528044
329,2008-09-16,Panathinaikos,Inter,0,2,round : 1,B,Panathinaikos,Inter Milan,0,2,False,2008,1,Group,A,0,-2,detailed_2005_2021,1481.053,1544.039,-62.987,0.41,30,127,0.28346456692913385,1.141732283464567,1.0866141732283463,1.3937007874015748,-0.30708661417322836,1457.2,12,203,0.47783251231527096,1.6945812807881773,1.4088669950738917,1.0295566502463054,0.3793103448275862,1569.5,-112.29999999999995,-0.1943679453861371,-0.5528489973236104,-0.3222528218455454,0.3641441371552694
330,2008-09-16,Werder Bremen,Anorthosis Famagusta,0,0,round : 1,B,Werder Bremen,Anorthosis Famagusta,0,0,False,2008,1,Group,D,0,0,detailed_2005_2021,1499.589,1500.0,-0.411,0.499,51,60,0.38333333333333336,1.3833333333333333,1.6,1.65,-0.05,1500.0,215,8,0.125,0.75,1.125,1.75,-0.625,1462.6,37.40000000000009,0.25833333333333336,0.6333333333333333,0.4750000000000001,-0.10000000000000009
331,2008-09-16,Barcelona,Sporting CP,3,1,round : 1,C,FC Barcelona,Sporting CP,3,1,False,2008,1,Group,H,1,2,detailed_2005_2021,1611.175,1476.993,134.182,0.684,3,341,0.5747800586510264,1.9501466275659824,1.9794721407624636,1.0439882697947214,0.9354838709677419,1628.8,44,92,0.30434782608695654,1.076086956521739,1.358695652173913,1.7934782608695652,-0.43478260869565216,1434.1,194.70000000000005,0.2704322325640699,0.8740596710442434,0.6207764885885505,-0.7494899910748438
332,2008-09-16,FC Basel,Shakhtar Donetsk,1,2,round : 1,C,FC Basel,Shakhtar Donetsk,1,2,False,2008,1,Group,A,0,-1,detailed_2005_2021,1500.0,1485.53,14.47,0.521,41,82,0.35365853658536583,1.2439024390243902,1.3780487804878048,1.8170731707317076,-0.43902439024390244,1469.3,31,118,0.3305084745762712,1.2118644067796611,1.3644067796610169,1.7627118644067796,-0.3983050847457627,1464.6,4.7000000000000455,0.02315006200909464,0.03203803224472912,0.013642000826787903,0.05436130632492797
333,2008-09-16,Olympique de Marseille,Liverpool,1,2,round : 1,D,Olympique Marseille,Liverpool FC,1,2,False,2008,1,Group,A,0,-1,detailed_2005_2021,1499.606,1575.551,-75.944,0.392,29,110,0.39090909090909093,1.3363636363636364,1.4636363636363636,1.2727272727272727,0.19090909090909092,1484.0,7,230,0.5565217391304348,1.8782608695652174,1.891304347826087,0.9608695652173912,0.9304347826086956,1606.0,-122.0,-0.16561264822134386,-0.541897233201581,-0.4276679841897233,0.3118577075098815
334,2008-09-16,PSV Eindhoven,Atlético Madrid,0,3,round : 1,D,PSV Eindhoven,Atlético Madrid,0,3,False,2008,1,Group,A,0,-3,detailed_2005_2021,1498.84,1500.0,-1.16,0.498,19,171,0.3391812865497076,1.2690058479532165,1.2456140350877194,1.3099415204678362,-0.06432748538011696,1478.1,15,166,0.4759036144578313,1.6927710843373494,1.4578313253012047,0.9879518072289156,0.46987951807228917,1568.1,-90.0,-0.13672232790812372,-0.4237652363841329,-0.21221729021348534,0.32198971323892056
335,2008-09-17,Celtic,AaB,0,0,round : 1,E,Celtic FC,Aalborg BK,0,0,False,2008,1,Group,D,0,0,detailed_2005_2021,1505.655,1500.0,5.655,0.508,20,156,0.391025641025641,1.3525641025641026,1.3846153846153846,1.4230769230769231,-0.038461538461538464,1488.2,168,12,0.16666666666666666,0.8333333333333334,1.1666666666666667,2.1666666666666665,-1.0,1456.3,31.90000000000009,0.22435897435897437,0.5192307692307693,0.21794871794871784,-0.7435897435897434
336,2008-09-17,Manchester United,Villarreal,0,0,round : 1,E,Manchester United,Villarreal CF,0,0,False,2008,1,Group,D,0,0,detailed_2005_2021,1604.31,1504.391,99.919,0.64,4,289,0.5294117647058824,1.8269896193771626,1.813148788927336,1.038062283737024,0.7750865051903114,1599.3,72,40,0.275,1.2,1.075,1.25,-0.175,1482.6,116.70000000000005,0.25441176470588234,0.6269896193771627,0.7381487889273362,-0.21193771626297608
337,2008-09-17,FCSB,Bayern München,0,1,round : 1,F,FCSB,Bayern Munich,0,1,False,2008,1,Group,A,0,-1,detailed_2005_2021,1448.932,1531.301,-82.369,0.384,45,87,0.28735632183908044,1.1149425287356323,1.1954022988505748,1.471264367816092,-0.27586206896551724,1451.0,2,388,0.595360824742268,1.9871134020618557,2.105670103092784,1.0051546391752575,1.1005154639175259,1636.0,-185.0,-0.3080045029031876,-0.8721708733262235,-0.9102678042422092,0.46610972864083444
338,2008-09-17,Olympique Lyonnais,Fiorentina,2,2,round : 1,F,Olympique Lyon,ACF Fiorentina,2,2,False,2008,1,Group,D,0,0,detailed_2005_2021,1546.854,1500.0,46.854,0.567,21,136,0.4264705882352941,1.5441176470588236,1.588235294117647,1.2279411764705883,0.3602941176470588,1535.8,63,39,0.46153846153846156,1.6923076923076923,1.358974358974359,1.1538461538461535,0.20512820512820512,1553.4,-17.600000000000136,-0.03506787330316746,-0.1481900452488687,0.22926093514328794,0.07409502262443479
339,2008-09-17,Dynamo Kyiv,Arsenal,1,1,round : 1,G,Dinamo Kiev,Arsenal FC,1,1,False,2008,1,Group,D,0,0,detailed_2005_2021,1426.049,1564.554,-138.506,0.311,18,186,0.34946236559139787,1.2688172043010753,1.2311827956989247,1.3494623655913978,-0.11827956989247312,1474.7,13,197,0.4720812182741117,1.6395939086294415,1.6446700507614214,1.1472081218274113,0.49746192893401014,1553.2,-78.5,-0.12261885268271383,-0.3707767043283663,-0.4134872550624966,0.20225424376398649
340,2008-09-17,FC Porto,Fenerbahçe,3,1,round : 1,G,FC Porto,Fenerbahçe,3,1,False,2008,1,Group,H,1,2,detailed_2005_2021,1509.702,1499.451,10.251,0.515,8,265,0.4528301886792453,1.5773584905660378,1.4792452830188678,1.1547169811320754,0.32452830188679244,1540.4,61,73,0.273972602739726,0.958904109589041,1.0136986301369864,1.9452054794520548,-0.9315068493150684,1412.3,128.10000000000014,0.17885758593951928,0.6184543809769968,0.46554665288188146,-0.7904884983199794
341,2008-09-17,Juventus,Zenit St. Petersburg,1,0,round : 1,H,Juventus,Zenit St. Petersburg,1,0,False,2008,1,Group,H,1,1,detailed_2005_2021,1519.415,1500.0,19.415,0.528,5,297,0.5084175084175084,1.754208754208754,1.589225589225589,1.0134680134680134,0.5757575757575758,1581.5,56,64,0.328125,1.203125,1.1875,1.421875,-0.234375,1466.8,114.70000000000005,0.18029250841750843,0.5510837542087541,0.4017255892255891,-0.4084069865319866
342,2008-09-17,Real Madrid,BATE Borisov,2,0,round : 1,H,Real Madrid,BATE Borisov,2,0,False,2008,1,Group,H,1,2,detailed_2005_2021,1513.749,1500.0,13.749,0.52,1,486,0.5987654320987654,1.97119341563786,2.213991769547325,1.117283950617284,1.0967078189300412,1630.0,125,30,0.13333333333333333,0.6333333333333333,0.7333333333333333,2.466666666666667,-1.7333333333333334,1392.5,237.5,0.4654320987654321,1.3378600823045268,1.4806584362139916,-1.3493827160493828
351,2008-09-30,AaB,Manchester United,0,3,round : 2,E,Aalborg BK,Manchester United,0,3,False,2008,2,Group,A,0,-3,detailed_2005_2021,1500.163,1601.511,-101.348,0.358,168,12,0.16666666666666666,0.8333333333333334,1.1666666666666667,2.1666666666666665,-1.0,1456.3,4,289,0.5294117647058824,1.8269896193771626,1.813148788927336,1.038062283737024,0.7750865051903114,1599.3,-143.0,-0.36274509803921573,-0.9936562860438293,-0.6464821222606694,1.1286043829296426
352,2008-09-30,Villarreal,Celtic,1,0,round : 2,E,Villarreal CF,Celtic FC,1,0,False,2008,2,Group,H,1,1,detailed_2005_2021,1507.19,1505.492,1.699,0.502,72,40,0.275,1.2,1.075,1.25,-0.175,1482.6,20,156,0.391025641025641,1.3525641025641026,1.3846153846153846,1.4230769230769231,-0.038461538461538464,1488.2,-5.600000000000136,-0.116025641025641,-0.1525641025641027,-0.3096153846153846,-0.17307692307692313
353,2008-09-30,Bayern München,Olympique Lyonnais,1,1,round : 2,F,Bayern Munich,Olympique Lyon,1,1,False,2008,2,Group,D,0,0,detailed_2005_2021,1538.974,1545.513,-6.539,0.491,2,388,0.595360824742268,1.9871134020618557,2.105670103092784,1.0051546391752575,1.1005154639175259,1636.0,21,136,0.4264705882352941,1.5441176470588236,1.588235294117647,1.2279411764705883,0.3602941176470588,1535.8,100.20000000000005,0.16889023650697393,0.4429957550030321,0.517434808975137,-0.22278653729533082
354,2008-09-30,Fiorentina,FCSB,0,0,round : 2,F,ACF Fiorentina,FCSB,0,0,False,2008,2,Group,D,0,0,detailed_2005_2021,1501.34,1441.259,60.081,0.586,63,39,0.46153846153846156,1.6923076923076923,1.358974358974359,1.1538461538461535,0.20512820512820512,1553.4,45,87,0.28735632183908044,1.1149425287356323,1.1954022988505748,1.471264367816092,-0.27586206896551724,1451.0,102.40000000000009,0.17418213969938112,0.57736516357206,0.16357206012378422,-0.3174182139699384
355,2008-09-30,Arsenal,FC Porto,4,0,round : 2,G,Arsenal FC,FC Porto,4,0,False,2008,2,Group,H,1,4,detailed_2005_2021,1560.766,1519.407,41.359,0.559,13,197,0.4720812182741117,1.6395939086294415,1.6446700507614214,1.1472081218274113,0.49746192893401014,1553.2,8,265,0.4528301886792453,1.5773584905660378,1.4792452830188678,1.1547169811320754,0.32452830188679244,1540.4,12.799999999999955,0.01925102959486641,0.062235418063403714,0.16542476774255355,-0.007508859304664162
356,2008-09-30,Fenerbahçe,Dynamo Kyiv,0,0,round : 2,G,Fenerbahçe,Dinamo Kiev,0,0,False,2008,2,Group,D,0,0,detailed_2005_2021,1489.746,1429.837,59.91,0.585,61,73,0.273972602739726,0.958904109589041,1.0136986301369864,1.9452054794520548,-0.9315068493150684,1412.3,18,186,0.34946236559139787,1.2688172043010753,1.2311827956989247,1.3494623655913978,-0.11827956989247312,1474.7,-62.40000000000009,-0.07548976285167186,-0.3099130947120342,-0.2174841655619384,0.595743113860657
357,2008-09-30,Zenit St. Petersburg,Real Madrid,1,2,round : 2,H,Zenit St. Petersburg,Real Madrid,1,2,False,2008,2,Group,A,0,-1,detailed_2005_2021,1490.558,1523.354,-32.795,0.453,56,64,0.328125,1.203125,1.1875,1.421875,-0.234375,1466.8,1,486,0.5987654320987654,1.97119341563786,2.213991769547325,1.117283950617284,1.0967078189300412,1630.0,-163.20000000000005,-0.2706404320987654,-0.7680684156378601,-1.026491769547325,0.304591049382716
358,2008-09-30,BATE Borisov,Juventus,2,2,round : 2,H,BATE Borisov,Juventus,2,2,False,2008,2,Group,D,0,0,detailed_2005_2021,1490.396,1528.857,-38.462,0.445,125,30,0.13333333333333333,0.6333333333333333,0.7333333333333333,2.466666666666667,-1.7333333333333334,1392.5,5,297,0.5084175084175084,1.754208754208754,1.589225589225589,1.0134680134680134,0.5757575757575758,1581.5,-189.0,-0.37508417508417513,-1.1208754208754208,-0.8558922558922558,1.4531986531986534
343,2008-10-01,Bordeaux,Roma,1,3,round : 2,A,Girondins Bordeaux,AS Roma,1,3,False,2008,2,Group,A,0,-2,detailed_2005_2021,1474.017,1517.292,-43.276,0.438,52,50,0.42,1.58,1.08,1.08,0.0,1539.9,28,109,0.3761467889908257,1.3669724770642202,1.3669724770642202,1.4587155963302751,-0.09174311926605505,1497.3,42.600000000000136,0.043853211009174276,0.21302752293577987,-0.28697247706422013,-0.3787155963302751
344,2008-10-01,CFR Cluj,Chelsea,0,0,round : 2,A,CFR Cluj,Chelsea FC,0,0,False,2008,2,Group,D,0,0,detailed_2005_2021,1510.807,1579.354,-68.547,0.403,128,18,0.2777777777777778,1.0,1.1111111111111112,1.5555555555555556,-0.4444444444444444,1454.0,10,197,0.5126903553299492,1.8020304568527918,1.7106598984771573,0.934010152284264,0.7766497461928934,1593.5,-139.5,-0.23491257755217143,-0.8020304568527918,-0.5995487873660461,0.6215454032712916
345,2008-10-01,Anorthosis Famagusta,Panathinaikos,3,1,round : 2,B,Anorthosis Famagusta,Panathinaikos,3,1,False,2008,2,Group,H,1,2,detailed_2005_2021,1499.988,1472.846,27.142,0.539,215,8,0.125,0.75,1.125,1.75,-0.625,1462.6,30,127,0.28346456692913385,1.141732283464567,1.0866141732283463,1.3937007874015748,-0.30708661417322836,1457.2,5.399999999999864,-0.15846456692913385,-0.3917322834645669,0.0383858267716537,0.35629921259842523
346,2008-10-01,Inter,Werder Bremen,1,1,round : 2,B,Inter Milan,Werder Bremen,1,1,False,2008,2,Group,D,0,0,detailed_2005_2021,1552.246,1499.6,52.646,0.575,12,203,0.47783251231527096,1.6945812807881773,1.4088669950738917,1.0295566502463054,0.3793103448275862,1569.5,51,60,0.38333333333333336,1.3833333333333333,1.6,1.65,-0.05,1500.0,69.5,0.0944991789819376,0.31124794745484397,-0.1911330049261084,-0.6204433497536945
347,2008-10-01,Shakhtar Donetsk,Barcelona,1,2,round : 2,C,Shakhtar Donetsk,FC Barcelona,1,2,False,2008,2,Group,A,0,-1,detailed_2005_2021,1495.946,1617.494,-121.548,0.332,31,118,0.3305084745762712,1.2118644067796611,1.3644067796610169,1.7627118644067796,-0.3983050847457627,1464.6,3,341,0.5747800586510264,1.9501466275659824,1.9794721407624636,1.0439882697947214,0.9354838709677419,1628.8,-164.20000000000005,-0.24427158407475524,-0.7382822207863213,-0.6150653611014467,0.7187235946120583
348,2008-10-01,Sporting CP,FC Basel,2,0,round : 2,C,Sporting CP,FC Basel,2,0,False,2008,2,Group,H,1,2,detailed_2005_2021,1470.674,1489.584,-18.91,0.473,44,92,0.30434782608695654,1.076086956521739,1.358695652173913,1.7934782608695652,-0.43478260869565216,1434.1,41,82,0.35365853658536583,1.2439024390243902,1.3780487804878048,1.8170731707317076,-0.43902439024390244,1469.3,-35.200000000000045,-0.049310710498409294,-0.16781548250265121,-0.019353128313891688,-0.02359490986214241
349,2008-10-01,Atlético Madrid,Olympique de Marseille,2,1,round : 2,D,Atlético Madrid,Olympique Marseille,2,1,False,2008,2,Group,H,1,1,detailed_2005_2021,1509.967,1491.758,18.208,0.526,15,166,0.4759036144578313,1.6927710843373494,1.4578313253012047,0.9879518072289156,0.46987951807228917,1568.1,29,110,0.39090909090909093,1.3363636363636364,1.4636363636363636,1.2727272727272727,0.19090909090909092,1484.0,84.09999999999991,0.08499452354874037,0.35640744797371293,-0.005805038335158885,-0.2847754654983571
350,2008-10-01,Liverpool,PSV Eindhoven,3,1,round : 2,D,Liverpool FC,PSV Eindhoven,3,1,False,2008,2,Group,H,1,2,detailed_2005_2021,1583.399,1488.873,94.526,0.633,7,230,0.5565217391304348,1.8782608695652174,1.891304347826087,0.9608695652173912,0.9304347826086956,1606.0,19,171,0.3391812865497076,1.2690058479532165,1.2456140350877194,1.3099415204678362,-0.06432748538011696,1478.1,127.90000000000009,0.2173404525807272,0.609255021612001,0.6456903127383675,-0.349071955250445
367,2008-10-21,Manchester United,Celtic,3,0,round : 3,E,Manchester United,Celtic FC,3,0,False,2008,3,Group,H,1,3,detailed_2005_2021,1608.674,1495.541,113.133,0.657,4,289,0.5294117647058824,1.8269896193771626,1.813148788927336,1.038062283737024,0.7750865051903114,1599.3,20,156,0.391025641025641,1.3525641025641026,1.3846153846153846,1.4230769230769231,-0.038461538461538464,1488.2,111.09999999999991,0.13838612368024134,0.47442551681306,0.4285334043119515,-0.3850146393398992
368,2008-10-21,Villarreal,AaB,6,3,round : 3,E,Villarreal CF,Aalborg BK,6,3,False,2008,3,Group,H,1,3,detailed_2005_2021,1517.142,1493.0,24.142,0.535,72,40,0.275,1.2,1.075,1.25,-0.175,1482.6,168,12,0.16666666666666666,0.8333333333333334,1.1666666666666667,2.1666666666666665,-1.0,1456.3,26.299999999999955,0.10833333333333336,0.3666666666666666,-0.09166666666666679,-0.9166666666666665
369,2008-10-21,Bayern München,Fiorentina,3,0,round : 3,F,Bayern Munich,ACF Fiorentina,3,0,False,2008,3,Group,H,1,3,detailed_2005_2021,1539.162,1499.628,39.534,0.557,2,388,0.595360824742268,1.9871134020618557,2.105670103092784,1.0051546391752575,1.1005154639175259,1636.0,63,39,0.46153846153846156,1.6923076923076923,1.358974358974359,1.1538461538461535,0.20512820512820512,1553.4,82.59999999999991,0.13382236320380647,0.2948057097541634,0.746695744118425,-0.14869151467089603
370,2008-10-21,FCSB,Olympique Lyonnais,3,5,round : 3,F,FCSB,Olympique Lyon,3,5,False,2008,3,Group,A,0,-2,detailed_2005_2021,1442.972,1545.325,-102.354,0.357,45,87,0.28735632183908044,1.1149425287356323,1.1954022988505748,1.471264367816092,-0.27586206896551724,1451.0,21,136,0.4264705882352941,1.5441176470588236,1.588235294117647,1.2279411764705883,0.3602941176470588,1535.8,-84.79999999999995,-0.13911426639621366,-0.42917511832319133,-0.39283299526707216,0.24332319134550362
371,2008-10-21,FC Porto,Dynamo Kyiv,0,1,round : 3,G,FC Porto,Dinamo Kiev,0,1,False,2008,3,Group,A,0,-1,detailed_2005_2021,1510.592,1431.544,79.048,0.612,8,265,0.4528301886792453,1.5773584905660378,1.4792452830188678,1.1547169811320754,0.32452830188679244,1540.4,18,186,0.34946236559139787,1.2688172043010753,1.2311827956989247,1.3494623655913978,-0.11827956989247312,1474.7,65.70000000000005,0.10336782308784742,0.3085412862649626,0.24806248731994307,-0.19474538445932232
372,2008-10-21,Fenerbahçe,Arsenal,2,5,round : 3,G,Fenerbahçe,Arsenal FC,2,5,False,2008,3,Group,A,0,-3,detailed_2005_2021,1488.039,1569.582,-81.543,0.385,61,73,0.273972602739726,0.958904109589041,1.0136986301369864,1.9452054794520548,-0.9315068493150684,1412.3,13,197,0.4720812182741117,1.6395939086294415,1.6446700507614214,1.1472081218274113,0.49746192893401014,1553.2,-140.9000000000001,-0.1981086155343857,-0.6806897990404005,-0.630971420624435,0.7979973576246435
373,2008-10-21,Zenit St. Petersburg,BATE Borisov,1,1,round : 3,H,Zenit St. Petersburg,BATE Borisov,1,1,False,2008,3,Group,D,0,0,detailed_2005_2021,1481.499,1491.498,-9.999,0.486,56,64,0.328125,1.203125,1.1875,1.421875,-0.234375,1466.8,125,30,0.13333333333333333,0.6333333333333333,0.7333333333333333,2.466666666666667,-1.7333333333333334,1392.5,74.29999999999995,0.19479166666666667,0.5697916666666667,0.4541666666666667,-1.0447916666666668
374,2008-10-21,Juventus,Real Madrid,2,1,round : 3,H,Juventus,Real Madrid,2,1,False,2008,3,Group,H,1,1,detailed_2005_2021,1527.755,1532.412,-4.658,0.493,5,297,0.5084175084175084,1.754208754208754,1.589225589225589,1.0134680134680134,0.5757575757575758,1581.5,1,486,0.5987654320987654,1.97119341563786,2.213991769547325,1.117283950617284,1.0967078189300412,1630.0,-48.5,-0.09034792368125699,-0.216984661429106,-0.6247661803217359,-0.10381593714927062
359,2008-10-22,Bordeaux,CFR Cluj,1,0,round : 3,A,Girondins Bordeaux,CFR Cluj,1,0,False,2008,3,Group,H,1,1,detailed_2005_2021,1465.256,1512.755,-47.499,0.432,52,50,0.42,1.58,1.08,1.08,0.0,1539.9,128,18,0.2777777777777778,1.0,1.1111111111111112,1.5555555555555556,-0.4444444444444444,1454.0,85.90000000000009,0.1422222222222222,0.5800000000000001,-0.03111111111111109,-0.4755555555555555
360,2008-10-22,Chelsea,Roma,1,0,round : 3,A,Chelsea FC,AS Roma,1,0,False,2008,3,Group,H,1,1,detailed_2005_2021,1577.406,1526.053,51.353,0.573,10,197,0.5126903553299492,1.8020304568527918,1.7106598984771573,0.934010152284264,0.7766497461928934,1593.5,28,109,0.3761467889908257,1.3669724770642202,1.3669724770642202,1.4587155963302751,-0.09174311926605505,1497.3,96.20000000000005,0.1365435663391235,0.43505797978857164,0.34368742141293707,-0.5247054440460112
361,2008-10-22,Inter,Anorthosis Famagusta,1,0,round : 3,B,Inter Milan,Anorthosis Famagusta,1,0,False,2008,3,Group,H,1,1,detailed_2005_2021,1550.742,1509.209,41.534,0.559,12,203,0.47783251231527096,1.6945812807881773,1.4088669950738917,1.0295566502463054,0.3793103448275862,1569.5,215,8,0.125,0.75,1.125,1.75,-0.625,1462.6,106.90000000000009,0.35283251231527096,0.9445812807881773,0.2838669950738917,-0.7204433497536946
362,2008-10-22,Panathinaikos,Werder Bremen,2,2,round : 3,B,Panathinaikos,Werder Bremen,2,2,False,2008,3,Group,D,0,0,detailed_2005_2021,1463.626,1501.104,-37.478,0.446,30,127,0.28346456692913385,1.141732283464567,1.0866141732283463,1.3937007874015748,-0.30708661417322836,1457.2,51,60,0.38333333333333336,1.3833333333333333,1.6,1.65,-0.05,1500.0,-42.799999999999955,-0.0998687664041995,-0.2416010498687664,-0.5133858267716538,-0.25629921259842514
363,2008-10-22,FC Basel,Barcelona,0,5,round : 3,C,FC Basel,FC Barcelona,0,5,False,2008,3,Group,A,0,-5,detailed_2005_2021,1479.04,1624.132,-145.092,0.303,41,82,0.35365853658536583,1.2439024390243902,1.3780487804878048,1.8170731707317076,-0.43902439024390244,1469.3,3,341,0.5747800586510264,1.9501466275659824,1.9794721407624636,1.0439882697947214,0.9354838709677419,1628.8,-159.5,-0.2211215220656606,-0.7062441885415922,-0.6014233602746588,0.7730849009369862
364,2008-10-22,Shakhtar Donetsk,Sporting CP,0,1,round : 3,C,Shakhtar Donetsk,Sporting CP,0,1,False,2008,3,Group,A,0,-1,detailed_2005_2021,1489.308,1481.218,8.091,0.512,31,118,0.3305084745762712,1.2118644067796611,1.3644067796610169,1.7627118644067796,-0.3983050847457627,1464.6,44,92,0.30434782608695654,1.076086956521739,1.358695652173913,1.7934782608695652,-0.43478260869565216,1434.1,30.5,0.026160648489314653,0.1357774502579221,0.005711127487103784,-0.03076639646278556
365,2008-10-22,Atlético Madrid,Liverpool,1,1,round : 3,D,Atlético Madrid,Liverpool FC,1,1,False,2008,3,Group,D,0,0,detailed_2005_2021,1519.443,1590.744,-71.301,0.399,15,166,0.4759036144578313,1.6927710843373494,1.4578313253012047,0.9879518072289156,0.46987951807228917,1568.1,7,230,0.5565217391304348,1.8782608695652174,1.891304347826087,0.9608695652173912,0.9304347826086956,1606.0,-37.90000000000009,-0.08061812467260349,-0.18548978522786808,-0.4334730225248822,0.027082242011524427
366,2008-10-22,PSV Eindhoven,Olympique de Marseille,2,0,round : 3,D,PSV Eindhoven,Olympique Marseille,2,0,False,2008,3,Group,H,1,2,detailed_2005_2021,1481.528,1482.282,-0.753,0.499,19,171,0.3391812865497076,1.2690058479532165,1.2456140350877194,1.3099415204678362,-0.06432748538011696,1478.1,29,110,0.39090909090909093,1.3363636363636364,1.4636363636363636,1.2727272727272727,0.19090909090909092,1484.0,-5.900000000000091,-0.051727804359383345,-0.06735778841041995,-0.21802232854864423,0.03721424774056348
375,2008-11-04,CFR Cluj,Bordeaux,1,2,round : 4,A,CFR Cluj,Girondins Bordeaux,1,2,False,2008,4,Group,A,0,-1,detailed_2005_2021,1501.396,1476.614,24.782,0.536,128,18,0.2777777777777778,1.0,1.1111111111111112,1.5555555555555556,-0.4444444444444444,1454.0,52,50,0.42,1.58,1.08,1.08,0.0,1539.9,-85.90000000000009,-0.1422222222222222,-0.5800000000000001,0.03111111111111109,0.4755555555555555
376,2008-11-04,Roma,Chelsea,3,1,round : 4,A,AS Roma,Chelsea FC,3,1,False,2008,4,Group,H,1,2,detailed_2005_2021,1517.52,1585.939,-68.418,0.403,28,109,0.3761467889908257,1.3669724770642202,1.3669724770642202,1.4587155963302751,-0.09174311926605505,1497.3,10,197,0.5126903553299492,1.8020304568527918,1.7106598984771573,0.934010152284264,0.7766497461928934,1593.5,-96.20000000000005,-0.1365435663391235,-0.43505797978857164,-0.34368742141293707,0.5247054440460112
377,2008-11-04,Anorthosis Famagusta,Inter,3,3,round : 4,B,Anorthosis Famagusta,Inter Milan,3,3,False,2008,4,Group,D,0,0,detailed_2005_2021,1500.398,1559.553,-59.154,0.416,215,8,0.125,0.75,1.125,1.75,-0.625,1462.6,12,203,0.47783251231527096,1.6945812807881773,1.4088669950738917,1.0295566502463054,0.3793103448275862,1569.5,-106.90000000000009,-0.35283251231527096,-0.9445812807881773,-0.2838669950738917,0.7204433497536946
378,2008-11-04,Werder Bremen,Panathinaikos,0,3,round : 4,B,Werder Bremen,Panathinaikos,0,3,False,2008,4,Group,A,0,-3,detailed_2005_2021,1500.03,1464.7,35.329,0.551,51,60,0.38333333333333336,1.3833333333333333,1.6,1.65,-0.05,1500.0,30,127,0.28346456692913385,1.141732283464567,1.0866141732283463,1.3937007874015748,-0.30708661417322836,1457.2,42.799999999999955,0.0998687664041995,0.2416010498687664,0.5133858267716538,0.25629921259842514
379,2008-11-04,Barcelona,FC Basel,1,1,round : 4,C,FC Barcelona,FC Basel,1,1,False,2008,4,Group,D,0,0,detailed_2005_2021,1630.183,1472.989,157.194,0.712,3,341,0.5747800586510264,1.9501466275659824,1.9794721407624636,1.0439882697947214,0.9354838709677419,1628.8,41,82,0.35365853658536583,1.2439024390243902,1.3780487804878048,1.8170731707317076,-0.43902439024390244,1469.3,159.5,0.2211215220656606,0.7062441885415922,0.6014233602746588,-0.7730849009369862
380,2008-11-04,Sporting CP,Shakhtar Donetsk,1,0,round : 4,C,Sporting CP,Shakhtar Donetsk,1,0,False,2008,4,Group,H,1,1,detailed_2005_2021,1491.451,1479.076,12.375,0.518,44,92,0.30434782608695654,1.076086956521739,1.358695652173913,1.7934782608695652,-0.43478260869565216,1434.1,31,118,0.3305084745762712,1.2118644067796611,1.3644067796610169,1.7627118644067796,-0.3983050847457627,1464.6,-30.5,-0.026160648489314653,-0.1357774502579221,-0.005711127487103784,0.03076639646278556
381,2008-11-04,Liverpool,Atlético Madrid,1,1,round : 4,D,Liverpool FC,Atlético Madrid,1,1,False,2008,4,Group,D,0,0,detailed_2005_2021,1588.72,1521.467,67.253,0.596,7,230,0.5565217391304348,1.8782608695652174,1.891304347826087,0.9608695652173912,0.9304347826086956,1606.0,15,166,0.4759036144578313,1.6927710843373494,1.4578313253012047,0.9879518072289156,0.46987951807228917,1568.1,37.90000000000009,0.08061812467260349,0.18548978522786808,0.4334730225248822,-0.027082242011524427
382,2008-11-04,Olympique de Marseille,PSV Eindhoven,3,0,round : 4,D,Olympique Marseille,PSV Eindhoven,3,0,False,2008,4,Group,H,1,3,detailed_2005_2021,1472.26,1491.55,-19.29,0.472,29,110,0.39090909090909093,1.3363636363636364,1.4636363636363636,1.2727272727272727,0.19090909090909092,1484.0,19,171,0.3391812865497076,1.2690058479532165,1.2456140350877194,1.3099415204678362,-0.06432748538011696,1478.1,5.900000000000091,0.051727804359383345,0.06735778841041995,0.21802232854864423,-0.03721424774056348
383,2008-11-05,AaB,Villarreal,2,2,round : 4,E,Aalborg BK,Villarreal CF,2,2,False,2008,4,Group,D,0,0,detailed_2005_2021,1483.693,1526.448,-42.754,0.439,168,12,0.16666666666666666,0.8333333333333334,1.1666666666666667,2.1666666666666665,-1.0,1456.3,72,40,0.275,1.2,1.075,1.25,-0.175,1482.6,-26.299999999999955,-0.10833333333333336,-0.3666666666666666,0.09166666666666679,0.9166666666666665
384,2008-11-05,Celtic,Manchester United,1,1,round : 4,E,Celtic FC,Manchester United,1,1,False,2008,4,Group,D,0,0,detailed_2005_2021,1488.687,1615.528,-126.841,0.325,20,156,0.391025641025641,1.3525641025641026,1.3846153846153846,1.4230769230769231,-0.038461538461538464,1488.2,4,289,0.5294117647058824,1.8269896193771626,1.813148788927336,1.038062283737024,0.7750865051903114,1599.3,-111.09999999999991,-0.13838612368024134,-0.47442551681306,-0.4285334043119515,0.3850146393398992
385,2008-11-05,Fiorentina,Bayern München,1,1,round : 4,F,ACF Fiorentina,Bayern Munich,1,1,False,2008,4,Group,D,0,0,detailed_2005_2021,1490.761,1548.029,-57.268,0.418,63,39,0.46153846153846156,1.6923076923076923,1.358974358974359,1.1538461538461535,0.20512820512820512,1553.4,2,388,0.595360824742268,1.9871134020618557,2.105670103092784,1.0051546391752575,1.1005154639175259,1636.0,-82.59999999999991,-0.13382236320380647,-0.2948057097541634,-0.746695744118425,0.14869151467089603
386,2008-11-05,Olympique Lyonnais,FCSB,2,0,round : 4,F,Olympique Lyon,FCSB,2,0,False,2008,4,Group,H,1,2,detailed_2005_2021,1552.462,1435.835,116.626,0.662,21,136,0.4264705882352941,1.5441176470588236,1.588235294117647,1.2279411764705883,0.3602941176470588,1535.8,45,87,0.28735632183908044,1.1149425287356323,1.1954022988505748,1.471264367816092,-0.27586206896551724,1451.0,84.79999999999995,0.13911426639621366,0.42917511832319133,0.39283299526707216,-0.24332319134550362
387,2008-11-05,Arsenal,Fenerbahçe,0,0,round : 4,G,Arsenal FC,Fenerbahçe,0,0,False,2008,4,Group,D,0,0,detailed_2005_2021,1577.277,1480.344,96.933,0.636,13,197,0.4720812182741117,1.6395939086294415,1.6446700507614214,1.1472081218274113,0.49746192893401014,1553.2,61,73,0.273972602739726,0.958904109589041,1.0136986301369864,1.9452054794520548,-0.9315068493150684,1412.3,140.9000000000001,0.1981086155343857,0.6806897990404005,0.630971420624435,-0.7979973576246435
388,2008-11-05,Dynamo Kyiv,FC Porto,1,2,round : 4,G,Dinamo Kiev,FC Porto,1,2,False,2008,4,Group,A,0,-1,detailed_2005_2021,1443.781,1498.355,-54.575,0.422,18,186,0.34946236559139787,1.2688172043010753,1.2311827956989247,1.3494623655913978,-0.11827956989247312,1474.7,8,265,0.4528301886792453,1.5773584905660378,1.4792452830188678,1.1547169811320754,0.32452830188679244,1540.4,-65.70000000000005,-0.10336782308784742,-0.3085412862649626,-0.24806248731994307,0.19474538445932232
389,2008-11-05,BATE Borisov,Zenit St. Petersburg,0,2,round : 4,H,BATE Borisov,Zenit St. Petersburg,0,2,False,2008,4,Group,A,0,-2,detailed_2005_2021,1491.21,1481.787,9.423,0.514,125,30,0.13333333333333333,0.6333333333333333,0.7333333333333333,2.466666666666667,-1.7333333333333334,1392.5,56,64,0.328125,1.203125,1.1875,1.421875,-0.234375,1466.8,-74.29999999999995,-0.19479166666666667,-0.5697916666666667,-0.4541666666666667,1.0447916666666668
390,2008-11-05,Real Madrid,Juventus,0,2,round : 4,H,Real Madrid,Juventus,0,2,False,2008,4,Group,A,0,-2,detailed_2005_2021,1522.278,1537.889,-15.61,0.478,1,486,0.5987654320987654,1.97119341563786,2.213991769547325,1.117283950617284,1.0967078189300412,1630.0,5,297,0.5084175084175084,1.754208754208754,1.589225589225589,1.0134680134680134,0.5757575757575758,1581.5,48.5,0.09034792368125699,0.216984661429106,0.6247661803217359,0.10381593714927062
399,2008-11-25,AaB,Celtic,2,1,round : 5,E,Aalborg BK,Celtic FC,2,1,False,2008,5,Group,H,1,1,detailed_2005_2021,1484.918,1492.183,-7.266,0.49,168,12,0.16666666666666666,0.8333333333333334,1.1666666666666667,2.1666666666666665,-1.0,1456.3,20,156,0.391025641025641,1.3525641025641026,1.3846153846153846,1.4230769230769231,-0.038461538461538464,1488.2,-31.90000000000009,-0.22435897435897437,-0.5192307692307693,-0.21794871794871784,0.7435897435897434
400,2008-11-25,Villarreal,Manchester United,0,0,round : 5,E,Villarreal CF,Manchester United,0,0,False,2008,5,Group,D,0,0,detailed_2005_2021,1525.223,1612.031,-86.808,0.378,72,40,0.275,1.2,1.075,1.25,-0.175,1482.6,4,289,0.5294117647058824,1.8269896193771626,1.813148788927336,1.038062283737024,0.7750865051903114,1599.3,-116.70000000000005,-0.25441176470588234,-0.6269896193771627,-0.7381487889273362,0.21193771626297608
401,2008-11-25,Bayern München,FCSB,3,0,round : 5,F,Bayern Munich,FCSB,3,0,False,2008,5,Group,H,1,3,detailed_2005_2021,1546.396,1429.071,117.324,0.663,2,388,0.595360824742268,1.9871134020618557,2.105670103092784,1.0051546391752575,1.1005154639175259,1636.0,45,87,0.28735632183908044,1.1149425287356323,1.1954022988505748,1.471264367816092,-0.27586206896551724,1451.0,185.0,0.3080045029031876,0.8721708733262235,0.9102678042422092,-0.46610972864083444
402,2008-11-25,Fiorentina,Olympique Lyonnais,1,2,round : 5,F,ACF Fiorentina,Olympique Lyon,1,2,False,2008,5,Group,A,0,-1,detailed_2005_2021,1492.395,1559.225,-66.831,0.405,63,39,0.46153846153846156,1.6923076923076923,1.358974358974359,1.1538461538461535,0.20512820512820512,1553.4,21,136,0.4264705882352941,1.5441176470588236,1.588235294117647,1.2279411764705883,0.3602941176470588,1535.8,17.600000000000136,0.03506787330316746,0.1481900452488687,-0.22926093514328794,-0.07409502262443479
403,2008-11-25,Arsenal,Dynamo Kyiv,1,0,round : 5,G,Arsenal FC,Dinamo Kiev,1,0,False,2008,5,Group,H,1,1,detailed_2005_2021,1574.557,1435.339,139.218,0.69,13,197,0.4720812182741117,1.6395939086294415,1.6446700507614214,1.1472081218274113,0.49746192893401014,1553.2,18,186,0.34946236559139787,1.2688172043010753,1.2311827956989247,1.3494623655913978,-0.11827956989247312,1474.7,78.5,0.12261885268271383,0.3707767043283663,0.4134872550624966,-0.20225424376398649
404,2008-11-25,Fenerbahçe,FC Porto,1,2,round : 5,G,Fenerbahçe,FC Porto,1,2,False,2008,5,Group,A,0,-1,detailed_2005_2021,1483.064,1506.797,-23.734,0.466,61,73,0.273972602739726,0.958904109589041,1.0136986301369864,1.9452054794520548,-0.9315068493150684,1412.3,8,265,0.4528301886792453,1.5773584905660378,1.4792452830188678,1.1547169811320754,0.32452830188679244,1540.4,-128.10000000000014,-0.17885758593951928,-0.6184543809769968,-0.46554665288188146,0.7904884983199794
405,2008-11-25,Zenit St. Petersburg,Juventus,0,0,round : 5,H,Zenit St. Petersburg,Juventus,0,0,False,2008,5,Group,D,0,0,detailed_2005_2021,1492.058,1547.44,-55.382,0.421,56,64,0.328125,1.203125,1.1875,1.421875,-0.234375,1466.8,5,297,0.5084175084175084,1.754208754208754,1.589225589225589,1.0134680134680134,0.5757575757575758,1581.5,-114.70000000000005,-0.18029250841750843,-0.5510837542087541,-0.4017255892255891,0.4084069865319866
406,2008-11-25,BATE Borisov,Real Madrid,0,1,round : 5,H,BATE Borisov,Real Madrid,0,1,False,2008,5,Group,A,0,-1,detailed_2005_2021,1480.939,1512.727,-31.788,0.454,125,30,0.13333333333333333,0.6333333333333333,0.7333333333333333,2.466666666666667,-1.7333333333333334,1392.5,1,486,0.5987654320987654,1.97119341563786,2.213991769547325,1.117283950617284,1.0967078189300412,1630.0,-237.5,-0.4654320987654321,-1.3378600823045268,-1.4806584362139916,1.3493827160493828
391,2008-11-26,Bordeaux,Chelsea,1,1,round : 5,A,Girondins Bordeaux,Chelsea FC,1,1,False,2008,5,Group,D,0,0,detailed_2005_2021,1487.326,1573.994,-86.668,0.378,52,50,0.42,1.58,1.08,1.08,0.0,1539.9,10,197,0.5126903553299492,1.8020304568527918,1.7106598984771573,0.934010152284264,0.7766497461928934,1593.5,-53.59999999999991,-0.09269035532994924,-0.22203045685279177,-0.6306598984771572,0.1459898477157361
392,2008-11-26,CFR Cluj,Roma,1,3,round : 5,A,CFR Cluj,AS Roma,1,3,False,2008,5,Group,A,0,-2,detailed_2005_2021,1490.684,1529.465,-38.781,0.444,128,18,0.2777777777777778,1.0,1.1111111111111112,1.5555555555555556,-0.4444444444444444,1454.0,28,109,0.3761467889908257,1.3669724770642202,1.3669724770642202,1.4587155963302751,-0.09174311926605505,1497.3,-43.299999999999955,-0.09836901121304792,-0.3669724770642202,-0.25586136595310904,0.09683995922528044
393,2008-11-26,Anorthosis Famagusta,Werder Bremen,2,2,round : 5,B,Anorthosis Famagusta,Werder Bremen,2,2,False,2008,5,Group,D,0,0,detailed_2005_2021,1502.085,1489.016,13.068,0.519,215,8,0.125,0.75,1.125,1.75,-0.625,1462.6,51,60,0.38333333333333336,1.3833333333333333,1.6,1.65,-0.05,1500.0,-37.40000000000009,-0.25833333333333336,-0.6333333333333333,-0.4750000000000001,0.10000000000000009
394,2008-11-26,Inter,Panathinaikos,0,1,round : 5,B,Inter Milan,Panathinaikos,0,1,False,2008,5,Group,A,0,-1,detailed_2005_2021,1557.866,1475.714,82.153,0.616,12,203,0.47783251231527096,1.6945812807881773,1.4088669950738917,1.0295566502463054,0.3793103448275862,1569.5,30,127,0.28346456692913385,1.141732283464567,1.0866141732283463,1.3937007874015748,-0.30708661417322836,1457.2,112.29999999999995,0.1943679453861371,0.5528489973236104,0.3222528218455454,-0.3641441371552694
395,2008-11-26,Shakhtar Donetsk,FC Basel,5,0,round : 5,C,Shakhtar Donetsk,FC Basel,5,0,False,2008,5,Group,H,1,5,detailed_2005_2021,1469.432,1477.228,-7.796,0.489,31,118,0.3305084745762712,1.2118644067796611,1.3644067796610169,1.7627118644067796,-0.3983050847457627,1464.6,41,82,0.35365853658536583,1.2439024390243902,1.3780487804878048,1.8170731707317076,-0.43902439024390244,1469.3,-4.7000000000000455,-0.02315006200909464,-0.03203803224472912,-0.013642000826787903,-0.05436130632492797
396,2008-11-26,Sporting CP,Barcelona,2,5,round : 5,C,Sporting CP,FC Barcelona,2,5,False,2008,5,Group,A,0,-3,detailed_2005_2021,1501.095,1625.944,-124.849,0.328,44,92,0.30434782608695654,1.076086956521739,1.358695652173913,1.7934782608695652,-0.43478260869565216,1434.1,3,341,0.5747800586510264,1.9501466275659824,1.9794721407624636,1.0439882697947214,0.9354838709677419,1628.8,-194.70000000000005,-0.2704322325640699,-0.8740596710442434,-0.6207764885885505,0.7494899910748438
397,2008-11-26,Atlético Madrid,PSV Eindhoven,2,1,round : 5,D,Atlético Madrid,PSV Eindhoven,2,1,False,2008,5,Group,H,1,1,detailed_2005_2021,1523.379,1480.995,42.383,0.561,15,166,0.4759036144578313,1.6927710843373494,1.4578313253012047,0.9879518072289156,0.46987951807228917,1568.1,19,171,0.3391812865497076,1.2690058479532165,1.2456140350877194,1.3099415204678362,-0.06432748538011696,1478.1,90.0,0.13672232790812372,0.4237652363841329,0.21221729021348534,-0.32198971323892056
398,2008-11-26,Liverpool,Olympique de Marseille,1,0,round : 5,D,Liverpool FC,Olympique Marseille,1,0,False,2008,5,Group,H,1,1,detailed_2005_2021,1586.808,1482.815,103.993,0.645,7,230,0.5565217391304348,1.8782608695652174,1.891304347826087,0.9608695652173912,0.9304347826086956,1606.0,29,110,0.39090909090909093,1.3363636363636364,1.4636363636363636,1.2727272727272727,0.19090909090909092,1484.0,122.0,0.16561264822134386,0.541897233201581,0.4276679841897233,-0.3118577075098815
407,2009-02-24,Arsenal,Roma,1,0,round : 18,,Arsenal FC,AS Roma,1,0,False,2008,18,Knockout,H,1,1,detailed_2005_2021,1580.752,1538.353,42.399,0.561,13,197,0.4720812182741117,1.6395939086294415,1.6446700507614214,1.1472081218274113,0.49746192893401014,1553.2,28,109,0.3761467889908257,1.3669724770642202,1.3669724770642202,1.4587155963302751,-0.09174311926605505,1497.3,55.90000000000009,0.095934429283286,0.27262143156522134,0.27769757369720116,-0.31150747450286387
408,2009-02-24,Atlético Madrid,FC Porto,2,2,round : 18,,Atlético Madrid,FC Porto,2,2,False,2008,18,Knockout,D,0,0,detailed_2005_2021,1532.165,1516.115,16.049,0.523,15,166,0.4759036144578313,1.6927710843373494,1.4578313253012047,0.9879518072289156,0.46987951807228917,1568.1,8,265,0.4528301886792453,1.5773584905660378,1.4792452830188678,1.1547169811320754,0.32452830188679244,1540.4,27.699999999999818,0.02307342577858601,0.11541259377131152,-0.02141395771766308,-0.1667651739031598
409,2009-02-24,Inter,Manchester United,0,0,round : 18,,Inter Milan,Manchester United,0,0,False,2008,18,Knockout,D,0,0,detailed_2005_2021,1545.545,1609.583,-64.039,0.409,12,203,0.47783251231527096,1.6945812807881773,1.4088669950738917,1.0295566502463054,0.3793103448275862,1569.5,4,289,0.5294117647058824,1.8269896193771626,1.813148788927336,1.038062283737024,0.7750865051903114,1599.3,-29.799999999999955,-0.051579252390611396,-0.13240833858898537,-0.4042817938534444,-0.008505633490718534
410,2009-02-24,Olympique Lyonnais,Barcelona,1,1,round : 18,,Olympique Lyon,FC Barcelona,1,1,False,2008,18,Knockout,D,0,0,detailed_2005_2021,1567.325,1632.497,-65.172,0.407,21,136,0.4264705882352941,1.5441176470588236,1.588235294117647,1.2279411764705883,0.3602941176470588,1535.8,3,341,0.5747800586510264,1.9501466275659824,1.9794721407624636,1.0439882697947214,0.9354838709677419,1628.8,-93.0,-0.14830947041573234,-0.40602898050715885,-0.3912368466448166,0.18395290667586695
411,2009-02-25,Chelsea,Juventus,1,0,round : 18,,Chelsea FC,Juventus,1,0,False,2008,18,Knockout,H,1,1,detailed_2005_2021,1571.55,1545.859,25.691,0.537,10,197,0.5126903553299492,1.8020304568527918,1.7106598984771573,0.934010152284264,0.7766497461928934,1593.5,5,297,0.5084175084175084,1.754208754208754,1.589225589225589,1.0134680134680134,0.5757575757575758,1581.5,12.0,0.004272846912440786,0.047821702644037734,0.12143430925156817,-0.07945786118374942
412,2009-02-25,Real Madrid,Liverpool,0,1,round : 18,,Real Madrid,Liverpool FC,0,1,False,2008,18,Knockout,A,0,-1,detailed_2005_2021,1521.815,1593.901,-72.086,0.398,1,486,0.5987654320987654,1.97119341563786,2.213991769547325,1.117283950617284,1.0967078189300412,1630.0,7,230,0.5565217391304348,1.8782608695652174,1.891304347826087,0.9608695652173912,0.9304347826086956,1606.0,24.0,0.04224369296833064,0.09293254607264267,0.3226874217212381,0.15641438539989283
413,2009-02-25,Sporting CP,Bayern München,0,5,round : 18,,Sporting CP,Bayern Munich,0,5,False,2008,18,Knockout,A,0,-5,detailed_2005_2021,1494.541,1553.141,-58.601,0.416,44,92,0.30434782608695654,1.076086956521739,1.358695652173913,1.7934782608695652,-0.43478260869565216,1434.1,2,388,0.595360824742268,1.9871134020618557,2.105670103092784,1.0051546391752575,1.1005154639175259,1636.0,-201.9000000000001,-0.2910129986553115,-0.9110264455401167,-0.7469744509188709,0.7883236216943077
414,2009-02-25,Villarreal,Panathinaikos,1,1,round : 18,,Villarreal CF,Panathinaikos,1,1,False,2008,18,Knockout,D,0,0,detailed_2005_2021,1527.671,1488.035,39.636,0.557,72,40,0.275,1.2,1.075,1.25,-0.175,1482.6,30,127,0.28346456692913385,1.141732283464567,1.0866141732283463,1.3937007874015748,-0.30708661417322836,1457.2,25.399999999999864,-0.008464566929133832,0.058267716535433056,-0.011614173228346347,-0.14370078740157477
415,2009-03-10,Bayern München,Sporting CP,7,1,round : 18,,Bayern Munich,Sporting CP,7,1,False,2008,18,Knockout,H,1,6,detailed_2005_2021,1561.471,1486.212,75.259,0.607,2,388,0.595360824742268,1.9871134020618557,2.105670103092784,1.0051546391752575,1.1005154639175259,1636.0,44,92,0.30434782608695654,1.076086956521739,1.358695652173913,1.7934782608695652,-0.43478260869565216,1434.1,201.9000000000001,0.2910129986553115,0.9110264455401167,0.7469744509188709,-0.7883236216943077
416,2009-03-10,Juventus,Chelsea,2,2,round : 18,,Juventus,Chelsea FC,2,2,False,2008,18,Knockout,D,0,0,detailed_2005_2021,1536.597,1580.812,-44.215,0.437,5,297,0.5084175084175084,1.754208754208754,1.589225589225589,1.0134680134680134,0.5757575757575758,1581.5,10,197,0.5126903553299492,1.8020304568527918,1.7106598984771573,0.934010152284264,0.7766497461928934,1593.5,-12.0,-0.004272846912440786,-0.047821702644037734,-0.12143430925156817,0.07945786118374942
417,2009-03-10,Liverpool,Real Madrid,4,0,round : 18,,Liverpool FC,Real Madrid,4,0,False,2008,18,Knockout,H,1,4,detailed_2005_2021,1601.855,1513.861,87.995,0.624,7,230,0.5565217391304348,1.8782608695652174,1.891304347826087,0.9608695652173912,0.9304347826086956,1606.0,1,486,0.5987654320987654,1.97119341563786,2.213991769547325,1.117283950617284,1.0967078189300412,1630.0,-24.0,-0.04224369296833064,-0.09293254607264267,-0.3226874217212381,-0.15641438539989283
418,2009-03-10,Panathinaikos,Villarreal,1,2,round : 18,,Panathinaikos,Villarreal CF,1,2,False,2008,18,Knockout,A,0,-1,detailed_2005_2021,1489.171,1526.535,-37.364,0.446,30,127,0.28346456692913385,1.141732283464567,1.0866141732283463,1.3937007874015748,-0.30708661417322836,1457.2,72,40,0.275,1.2,1.075,1.25,-0.175,1482.6,-25.399999999999864,0.008464566929133832,-0.058267716535433056,0.011614173228346347,0.14370078740157477
419,2009-03-11,Barcelona,Olympique Lyonnais,5,2,round : 18,,FC Barcelona,Olympique Lyon,5,2,False,2008,18,Knockout,H,1,3,detailed_2005_2021,1630.643,1569.179,61.464,0.588,3,341,0.5747800586510264,1.9501466275659824,1.9794721407624636,1.0439882697947214,0.9354838709677419,1628.8,21,136,0.4264705882352941,1.5441176470588236,1.588235294117647,1.2279411764705883,0.3602941176470588,1535.8,93.0,0.14830947041573234,0.40602898050715885,0.3912368466448166,-0.18395290667586695
420,2009-03-11,FC Porto,Atlético Madrid,0,0,round : 18,,FC Porto,Atlético Madrid,0,0,False,2008,18,Knockout,D,0,0,detailed_2005_2021,1516.577,1531.703,-15.126,0.478,8,265,0.4528301886792453,1.5773584905660378,1.4792452830188678,1.1547169811320754,0.32452830188679244,1540.4,15,166,0.4759036144578313,1.6927710843373494,1.4578313253012047,0.9879518072289156,0.46987951807228917,1568.1,-27.699999999999818,-0.02307342577858601,-0.11541259377131152,0.02141395771766308,0.1667651739031598
421,2009-03-11,Manchester United,Inter,2,0,round : 18,,Manchester United,Inter Milan,2,0,False,2008,18,Knockout,H,1,2,detailed_2005_2021,1607.761,1547.367,60.393,0.586,4,289,0.5294117647058824,1.8269896193771626,1.813148788927336,1.038062283737024,0.7750865051903114,1599.3,12,203,0.47783251231527096,1.6945812807881773,1.4088669950738917,1.0295566502463054,0.3793103448275862,1569.5,29.799999999999955,0.051579252390611396,0.13240833858898537,0.4042817938534444,0.008505633490718534
422,2009-03-11,Roma,Arsenal,1(0) (5),0(0) (7),round : 18,,AS Roma,Arsenal FC,1,0,True,2008,18,Knockout,H,1,1,detailed_2005_2021,1529.567,1589.537,-59.97,0.415,28,109,0.3761467889908257,1.3669724770642202,1.3669724770642202,1.4587155963302751,-0.09174311926605505,1497.3,13,197,0.4720812182741117,1.6395939086294415,1.6446700507614214,1.1472081218274113,0.49746192893401014,1553.2,-55.90000000000009,-0.095934429283286,-0.27262143156522134,-0.27769757369720116,0.31150747450286387
423,2009-04-07,Manchester United,FC Porto,2,2,round : quarterfinals,,Manchester United,FC Porto,2,2,False,2008,quarterfinals,Knockout,D,0,0,detailed_2005_2021,1616.04,1517.012,99.028,0.639,4,289,0.5294117647058824,1.8269896193771626,1.813148788927336,1.038062283737024,0.7750865051903114,1599.3,8,265,0.4528301886792453,1.5773584905660378,1.4792452830188678,1.1547169811320754,0.32452830188679244,1540.4,58.899999999999864,0.07658157602663707,0.24963112881112481,0.3339035059084683,-0.11665469739505152
424,2009-04-07,Villarreal,Arsenal,1,1,round : quarterfinals,,Villarreal CF,Arsenal FC,1,1,False,2008,quarterfinals,Knockout,D,0,0,detailed_2005_2021,1535.464,1577.828,-42.364,0.439,72,40,0.275,1.2,1.075,1.25,-0.175,1482.6,13,197,0.4720812182741117,1.6395939086294415,1.6446700507614214,1.1472081218274113,0.49746192893401014,1553.2,-70.60000000000014,-0.19708121827411168,-0.4395939086294416,-0.5696700507614214,0.10279187817258872
425,2009-04-08,Barcelona,Bayern München,4,0,round : quarterfinals,,FC Barcelona,Bayern Munich,4,0,False,2008,quarterfinals,Knockout,H,1,4,detailed_2005_2021,1638.893,1569.338,69.555,0.599,3,341,0.5747800586510264,1.9501466275659824,1.9794721407624636,1.0439882697947214,0.9354838709677419,1628.8,2,388,0.595360824742268,1.9871134020618557,2.105670103092784,1.0051546391752575,1.1005154639175259,1636.0,-7.2000000000000455,-0.020580766091241598,-0.03696677449587327,-0.12619796233032043,0.03883363061946388
426,2009-04-08,Liverpool,Chelsea,1,3,round : quarterfinals,,Liverpool FC,Chelsea FC,1,3,False,2008,quarterfinals,Knockout,A,0,-2,detailed_2005_2021,1609.376,1579.547,29.829,0.543,7,230,0.5565217391304348,1.8782608695652174,1.891304347826087,0.9608695652173912,0.9304347826086956,1606.0,10,197,0.5126903553299492,1.8020304568527918,1.7106598984771573,0.934010152284264,0.7766497461928934,1593.5,12.5,0.04383138380048557,0.07623041271242559,0.18064444934892965,0.026859412933127214
427,2009-04-14,Bayern München,Barcelona,1,1,round : quarterfinals,,Bayern Munich,FC Barcelona,1,1,False,2008,quarterfinals,Knockout,D,0,0,detailed_2005_2021,1561.313,1646.917,-85.603,0.379,2,388,0.595360824742268,1.9871134020618557,2.105670103092784,1.0051546391752575,1.1005154639175259,1636.0,3,341,0.5747800586510264,1.9501466275659824,1.9794721407624636,1.0439882697947214,0.9354838709677419,1628.8,7.2000000000000455,0.020580766091241598,0.03696677449587327,0.12619796233032043,-0.03883363061946388
428,2009-04-14,Chelsea,Liverpool,4,4,round : quarterfinals,,Chelsea FC,Liverpool FC,4,4,False,2008,quarterfinals,Knockout,D,0,0,detailed_2005_2021,1590.403,1598.519,-8.116,0.488,10,197,0.5126903553299492,1.8020304568527918,1.7106598984771573,0.934010152284264,0.7766497461928934,1593.5,7,230,0.5565217391304348,1.8782608695652174,1.891304347826087,0.9608695652173912,0.9304347826086956,1606.0,-12.5,-0.04383138380048557,-0.07623041271242559,-0.18064444934892965,-0.026859412933127214
429,2009-04-15,Arsenal,Villarreal,3,0,round : quarterfinals,,Arsenal FC,Villarreal CF,3,0,False,2008,quarterfinals,Knockout,H,1,3,detailed_2005_2021,1576.615,1536.677,39.937,0.557,13,197,0.4720812182741117,1.6395939086294415,1.6446700507614214,1.1472081218274113,0.49746192893401014,1553.2,72,40,0.275,1.2,1.075,1.25,-0.175,1482.6,70.60000000000014,0.19708121827411168,0.4395939086294416,0.5696700507614214,-0.10279187817258872
430,2009-04-15,FC Porto,Manchester United,0,1,round : quarterfinals,,FC Porto,Manchester United,0,1,False,2008,quarterfinals,Knockout,A,0,-1,detailed_2005_2021,1519.788,1613.264,-93.477,0.369,8,265,0.4528301886792453,1.5773584905660378,1.4792452830188678,1.1547169811320754,0.32452830188679244,1540.4,4,289,0.5294117647058824,1.8269896193771626,1.813148788927336,1.038062283737024,0.7750865051903114,1599.3,-58.899999999999864,-0.07658157602663707,-0.24963112881112481,-0.3339035059084683,0.11665469739505152
431,2009-04-28,Barcelona,Chelsea,0,0,round : semifinals,,FC Barcelona,Chelsea FC,0,0,False,2008,semifinals,Knockout,D,0,0,detailed_2005_2021,1644.502,1590.637,53.865,0.577,3,341,0.5747800586510264,1.9501466275659824,1.9794721407624636,1.0439882697947214,0.9354838709677419,1628.8,10,197,0.5126903553299492,1.8020304568527918,1.7106598984771573,0.934010152284264,0.7766497461928934,1593.5,35.299999999999955,0.062089703321077216,0.1481161707131906,0.2688122422853063,0.10997811751045738
432,2009-04-29,Manchester United,Arsenal,1,0,round : semifinals,,Manchester United,Arsenal FC,1,0,False,2008,semifinals,Knockout,H,1,1,detailed_2005_2021,1620.637,1585.47,35.167,0.55,4,289,0.5294117647058824,1.8269896193771626,1.813148788927336,1.038062283737024,0.7750865051903114,1599.3,13,197,0.4720812182741117,1.6395939086294415,1.6446700507614214,1.1472081218274113,0.49746192893401014,1553.2,46.09999999999991,0.05733054643177066,0.1873957107477211,0.16847873816591474,-0.10914583809038736
433,2009-05-05,Arsenal,Manchester United,1,3,round : semifinals,,Arsenal FC,Manchester United,1,3,False,2008,semifinals,Knockout,A,0,-2,detailed_2005_2021,1576.479,1629.628,-53.149,0.424,13,197,0.4720812182741117,1.6395939086294415,1.6446700507614214,1.1472081218274113,0.49746192893401014,1553.2,4,289,0.5294117647058824,1.8269896193771626,1.813148788927336,1.038062283737024,0.7750865051903114,1599.3,-46.09999999999991,-0.05733054643177066,-0.1873957107477211,-0.16847873816591474,0.10914583809038736
434,2009-05-06,Chelsea,Barcelona,1,1,round : semifinals,,Chelsea FC,FC Barcelona,1,1,False,2008,semifinals,Knockout,D,0,0,detailed_2005_2021,1592.175,1642.964,-50.789,0.427,10,197,0.5126903553299492,1.8020304568527918,1.7106598984771573,0.934010152284264,0.7766497461928934,1593.5,3,341,0.5747800586510264,1.9501466275659824,1.9794721407624636,1.0439882697947214,0.9354838709677419,1628.8,-35.299999999999955,-0.062089703321077216,-0.1481161707131906,-0.2688122422853063,-0.10997811751045738
435,2009-05-27,Barcelona,Manchester United,2,0,round : final,,FC Barcelona,Manchester United,2,0,False,2008,final,Knockout,H,1,2,detailed_2005_2021,1641.512,1638.11,3.402,0.505,3,341,0.5747800586510264,1.9501466275659824,1.9794721407624636,1.0439882697947214,0.9354838709677419,1628.8,4,289,0.5294117647058824,1.8269896193771626,1.813148788927336,1.038062283737024,0.7750865051903114,1599.3,29.5,0.04536829394514408,0.1231570081888198,0.16632335183512748,0.005925986057697452
436,2009-09-15,Juventus,Bordeaux,1,1,round : 1,A,Juventus,Girondins Bordeaux,1,1,False,2009,1,Group,D,0,0,detailed_2005_2021,1537.863,1489.77,48.093,0.569,5,297,0.5084175084175084,1.754208754208754,1.589225589225589,1.0134680134680134,0.5757575757575758,1581.5,52,50,0.42,1.58,1.08,1.08,0.0,1539.9,41.59999999999991,0.08841750841750845,0.17420875420875404,0.509225589225589,-0.06653198653198666
437,2009-09-15,Maccabi Haifa,Bayern München,0,3,round : 1,A,Maccabi Haifa,Bayern Munich,0,3,False,2009,1,Group,A,0,-3,detailed_2005_2021,1500.0,1563.729,-63.729,0.409,169,18,0.16666666666666666,0.5555555555555556,1.0555555555555556,2.2777777777777777,-1.2222222222222223,1396.5,2,388,0.595360824742268,1.9871134020618557,2.105670103092784,1.0051546391752575,1.1005154639175259,1636.0,-239.5,-0.4286941580756014,-1.4315578465063001,-1.0501145475372284,1.2726231386025202
438,2009-09-15,Beşiktaş,Manchester United,0,1,round : 1,B,Beşiktaş,Manchester United,0,1,False,2009,1,Group,A,0,-1,detailed_2005_2021,1493.663,1628.208,-134.546,0.316,65,70,0.24285714285714285,0.9142857142857143,0.9,2.0,-1.1,1409.2,4,289,0.5294117647058824,1.8269896193771626,1.813148788927336,1.038062283737024,0.7750865051903114,1599.3,-190.0999999999999,-0.2865546218487395,-0.9127039050914484,-0.9131487889273361,0.9619377162629761
439,2009-09-15,VfL Wolfsburg,CSKA Moscow,3,1,round : 1,B,VfL Wolfsburg,CSKA Moskva,3,1,False,2009,1,Group,H,1,2,detailed_2005_2021,1500.0,1473.699,26.301,0.538,92,22,0.45454545454545453,1.5,1.318181818181818,1.318181818181818,0.0,1508.3,47,86,0.26744186046511625,1.0348837209302326,1.1395348837209305,1.6395348837209305,-0.5,1433.7,74.59999999999991,0.18710359408033828,0.4651162790697674,0.17864693446088742,-0.3213530655391126
440,2009-09-15,FC Zürich,Real Madrid,2,5,round : 1,C,FC Zürich,Real Madrid,2,5,False,2009,1,Group,A,0,-3,detailed_2005_2021,1500.0,1506.34,-6.34,0.491,85,33,0.36363636363636365,1.1818181818181819,1.2727272727272727,1.9393939393939397,-0.6666666666666666,1460.5,1,486,0.5987654320987654,1.97119341563786,2.213991769547325,1.117283950617284,1.0967078189300412,1630.0,-169.5,-0.23512906846240178,-0.7893752338196782,-0.9412644968200523,0.8221099887766556
441,2009-09-15,Olympique de Marseille,Milan,1,2,round : 1,C,Olympique Marseille,AC Milan,1,2,False,2009,1,Group,A,0,-1,detailed_2005_2021,1475.722,1556.139,-80.418,0.386,29,110,0.39090909090909093,1.3363636363636364,1.4636363636363636,1.2727272727272727,0.19090909090909092,1484.0,6,265,0.47924528301886793,1.6981132075471699,1.6264150943396227,0.981132075471698,0.6452830188679245,1571.7,-87.70000000000005,-0.088336192109777,-0.36174957118353346,-0.1627787307032591,0.2915951972555747
442,2009-09-15,Atlético Madrid,APOEL Nicosia,0,0,round : 1,D,Atlético Madrid,APOEL Nikosia,0,0,False,2009,1,Group,D,0,0,detailed_2005_2021,1531.268,1500.0,31.268,0.545,15,166,0.4759036144578313,1.6927710843373494,1.4578313253012047,0.9879518072289156,0.46987951807228917,1568.1,103,40,0.125,0.65,0.675,2.05,-1.375,1386.1,182.0,0.3509036144578313,1.0427710843373492,0.7828313253012047,-1.0620481927710843
443,2009-09-15,Chelsea,FC Porto,1,0,round : 1,D,Chelsea FC,FC Porto,1,0,False,2009,1,Group,H,1,1,detailed_2005_2021,1593.626,1512.415,81.211,0.615,10,197,0.5126903553299492,1.8020304568527918,1.7106598984771573,0.934010152284264,0.7766497461928934,1593.5,8,265,0.4528301886792453,1.5773584905660378,1.4792452830188678,1.1547169811320754,0.32452830188679244,1540.4,53.09999999999991,0.05986016665070393,0.224671966286754,0.23141461545828945,-0.22070682884781145
444,2009-09-16,Liverpool,Debreceni VSC,1,0,round : 1,E,Liverpool FC,Debreceni VSC,1,0,False,2009,1,Group,H,1,1,detailed_2005_2021,1598.286,1500.0,98.286,0.638,7,230,0.5565217391304348,1.8782608695652174,1.891304347826087,0.9608695652173912,0.9304347826086956,1606.0,343,6,0.0,0.0,0.8333333333333334,3.1666666666666665,-2.3333333333333335,1418.4,187.5999999999999,0.5565217391304348,1.8782608695652174,1.0579710144927534,-2.205797101449275
445,2009-09-16,Olympique Lyonnais,Fiorentina,1,0,round : 1,E,Olympique Lyon,ACF Fiorentina,1,0,False,2009,1,Group,H,1,1,detailed_2005_2021,1560.93,1484.295,76.635,0.609,21,136,0.4264705882352941,1.5441176470588236,1.588235294117647,1.2279411764705883,0.3602941176470588,1535.8,63,39,0.46153846153846156,1.6923076923076923,1.358974358974359,1.1538461538461535,0.20512820512820512,1553.4,-17.600000000000136,-0.03506787330316746,-0.1481900452488687,0.22926093514328794,0.07409502262443479
446,2009-09-16,Dynamo Kyiv,Rubin Kazan,3,1,round : 1,F,Dinamo Kiev,Rubin Kazan,3,1,False,2009,1,Group,H,1,2,detailed_2005_2021,1429.144,1500.0,-70.856,0.399,18,186,0.34946236559139787,1.2688172043010753,1.2311827956989247,1.3494623655913978,-0.11827956989247312,1474.7,155,12,0.16666666666666666,1.0,0.5,0.9166666666666666,-0.4166666666666667,1478.3,-3.599999999999909,0.18279569892473121,0.26881720430107525,0.7311827956989247,0.43279569892473113
447,2009-09-16,Inter,Barcelona,0,0,round : 1,F,Inter Milan,FC Barcelona,0,0,False,2009,1,Group,D,0,0,detailed_2005_2021,1539.088,1651.414,-112.326,0.344,12,203,0.47783251231527096,1.6945812807881773,1.4088669950738917,1.0295566502463054,0.3793103448275862,1569.5,3,341,0.5747800586510264,1.9501466275659824,1.9794721407624636,1.0439882697947214,0.9354838709677419,1628.8,-59.299999999999955,-0.09694754633575547,-0.2555653467778052,-0.5706051456885719,-0.014431619548415986
448,2009-09-16,Sevilla,Unirea Urziceni,2,0,round : 1,G,Sevilla FC,FC Unirea,2,0,False,2009,1,Group,H,1,2,detailed_2005_2021,1529.61,1500.0,29.61,0.543,42,72,0.375,1.4027777777777777,1.4583333333333333,1.4861111111111112,-0.027777777777777776,1507.6,186,6,0.3333333333333333,1.3333333333333333,1.3333333333333333,1.3333333333333333,0.0,1500.0,7.599999999999909,0.041666666666666685,0.06944444444444442,0.125,0.1527777777777779
449,2009-09-16,VfB Stuttgart,Rangers,1,1,round : 1,G,VfB Stuttgart,Rangers FC,1,1,False,2009,1,Group,D,0,0,detailed_2005_2021,1477.631,1503.499,-25.868,0.463,96,27,0.2962962962962963,1.1481481481481481,1.2222222222222223,1.5555555555555556,-0.3333333333333333,1470.4,26,131,0.3282442748091603,1.2213740458015268,1.3206106870229009,1.6564885496183206,-0.33587786259541985,1467.7,2.7000000000000455,-0.03194797851286402,-0.07322589765337861,-0.09838846480067853,-0.10093299406276501
450,2009-09-16,Olympiacos,AZ Alkmaar,1,0,round : 1,H,Olympiakos Piraeus,AZ Alkmaar,1,0,False,2009,1,Group,H,1,1,detailed_2005_2021,1456.635,1500.0,-43.365,0.438,25,156,0.30128205128205127,1.0833333333333333,1.1282051282051282,1.698717948717949,-0.5705128205128205,1432.0,159,10,0.2,1.1,1.2,1.4,-0.2,1488.4,-56.40000000000009,0.10128205128205126,-0.01666666666666683,-0.07179487179487176,0.298717948717949
451,2009-09-16,Standard Liège,Arsenal,2,3,round : 1,H,Standard Liège,Arsenal FC,2,3,False,2009,1,Group,A,0,-1,detailed_2005_2021,1500.0,1567.997,-67.997,0.403,54,46,0.5217391304347826,1.673913043478261,1.7173913043478262,1.2173913043478262,0.5,1537.0,13,197,0.4720812182741117,1.6395939086294415,1.6446700507614214,1.1472081218274113,0.49746192893401014,1553.2,-16.200000000000045,0.04965791216067089,0.03431913484881943,0.0727212535864048,0.07018318252041489
460,2009-09-29,Debreceni VSC,Olympique Lyonnais,0,4,round : 2,E,Debreceni VSC,Olympique Lyon,0,4,False,2009,2,Group,A,0,-4,detailed_2005_2021,1492.756,1568.76,-76.004,0.392,343,6,0.0,0.0,0.8333333333333334,3.1666666666666665,-2.3333333333333335,1418.4,21,136,0.4264705882352941,1.5441176470588236,1.588235294117647,1.2279411764705883,0.3602941176470588,1535.8,-117.39999999999986,-0.4264705882352941,-1.5441176470588236,-0.7549019607843136,1.9387254901960782
461,2009-09-29,Fiorentina,Liverpool,2,0,round : 2,E,ACF Fiorentina,Liverpool FC,2,0,False,2009,2,Group,H,1,2,detailed_2005_2021,1476.466,1605.53,-129.064,0.322,63,39,0.46153846153846156,1.6923076923076923,1.358974358974359,1.1538461538461535,0.20512820512820512,1553.4,7,230,0.5565217391304348,1.8782608695652174,1.891304347826087,0.9608695652173912,0.9304347826086956,1606.0,-52.59999999999991,-0.09498327759197323,-0.18595317725752514,-0.5323299888517279,0.19297658862876232
462,2009-09-29,Rubin Kazan,Inter,1,1,round : 2,F,Rubin Kazan,Inter Milan,1,1,False,2009,2,Group,D,0,0,detailed_2005_2021,1487.988,1542.213,-54.225,0.423,155,12,0.16666666666666666,1.0,0.5,0.9166666666666666,-0.4166666666666667,1478.3,12,203,0.47783251231527096,1.6945812807881773,1.4088669950738917,1.0295566502463054,0.3793103448275862,1569.5,-91.20000000000005,-0.3111658456486043,-0.6945812807881773,-0.9088669950738917,-0.11288998357963875
463,2009-09-29,Barcelona,Dynamo Kyiv,2,0,round : 2,F,FC Barcelona,Dinamo Kiev,2,0,False,2009,2,Group,H,1,2,detailed_2005_2021,1648.289,1441.156,207.133,0.767,3,341,0.5747800586510264,1.9501466275659824,1.9794721407624636,1.0439882697947214,0.9354838709677419,1628.8,18,186,0.34946236559139787,1.2688172043010753,1.2311827956989247,1.3494623655913978,-0.11827956989247312,1474.7,154.0999999999999,0.22531769305962857,0.6813294232649072,0.7482893450635388,-0.3054740957966764
464,2009-09-29,Rangers,Sevilla,1,4,round : 2,G,Rangers FC,Sevilla FC,1,4,False,2009,2,Group,A,0,-3,detailed_2005_2021,1502.756,1538.759,-36.004,0.448,26,131,0.3282442748091603,1.2213740458015268,1.3206106870229009,1.6564885496183206,-0.33587786259541985,1467.7,42,72,0.375,1.4027777777777777,1.4583333333333333,1.4861111111111112,-0.027777777777777776,1507.6,-39.899999999999864,-0.0467557251908397,-0.18140373197625093,-0.1377226463104324,0.17037743850720943
465,2009-09-29,Unirea Urziceni,VfB Stuttgart,1,1,round : 2,G,FC Unirea,VfB Stuttgart,1,1,False,2009,2,Group,D,0,0,detailed_2005_2021,1490.85,1478.374,12.476,0.518,186,6,0.3333333333333333,1.3333333333333333,1.3333333333333333,1.3333333333333333,0.0,1500.0,96,27,0.2962962962962963,1.1481481481481481,1.2222222222222223,1.5555555555555556,-0.3333333333333333,1470.4,29.59999999999991,0.037037037037037035,0.18518518518518512,0.11111111111111094,-0.22222222222222232
466,2009-09-29,Arsenal,Olympiacos,2,0,round : 2,H,Arsenal FC,Olympiakos Piraeus,2,0,False,2009,2,Group,H,1,2,detailed_2005_2021,1576.065,1467.876,108.188,0.651,13,197,0.4720812182741117,1.6395939086294415,1.6446700507614214,1.1472081218274113,0.49746192893401014,1553.2,25,156,0.30128205128205127,1.0833333333333333,1.1282051282051282,1.698717948717949,-0.5705128205128205,1432.0,121.20000000000005,0.17079916699206044,0.5562605752961083,0.5164649225562932,-0.5515098268905376
467,2009-09-29,AZ Alkmaar,Standard Liège,1,1,round : 2,H,AZ Alkmaar,Standard Liège,1,1,False,2009,2,Group,D,0,0,detailed_2005_2021,1488.758,1491.933,-3.174,0.495,159,10,0.2,1.1,1.2,1.4,-0.2,1488.4,54,46,0.5217391304347826,1.673913043478261,1.7173913043478262,1.2173913043478262,0.5,1537.0,-48.59999999999991,-0.3217391304347826,-0.5739130434782609,-0.5173913043478262,0.18260869565217375
452,2009-09-30,Bayern München,Juventus,0,0,round : 2,A,Bayern Munich,Juventus,0,0,False,2009,2,Group,D,0,0,detailed_2005_2021,1571.915,1536.488,35.427,0.551,2,388,0.595360824742268,1.9871134020618557,2.105670103092784,1.0051546391752575,1.1005154639175259,1636.0,5,297,0.5084175084175084,1.754208754208754,1.589225589225589,1.0134680134680134,0.5757575757575758,1581.5,54.5,0.0869433163247596,0.2329046478531016,0.5164445138671949,-0.008313374292755915
453,2009-09-30,Bordeaux,Maccabi Haifa,1,0,round : 2,A,Girondins Bordeaux,Maccabi Haifa,1,0,False,2009,2,Group,H,1,1,detailed_2005_2021,1491.146,1491.814,-0.668,0.499,52,50,0.42,1.58,1.08,1.08,0.0,1539.9,169,18,0.16666666666666666,0.5555555555555556,1.0555555555555556,2.2777777777777777,-1.2222222222222223,1396.5,143.4000000000001,0.2533333333333333,1.0244444444444445,0.02444444444444449,-1.1977777777777776
454,2009-09-30,CSKA Moscow,Beşiktaş,2,1,round : 2,B,CSKA Moskva,Beşiktaş,2,1,False,2009,2,Group,H,1,1,detailed_2005_2021,1464.455,1487.353,-22.898,0.467,47,86,0.26744186046511625,1.0348837209302326,1.1395348837209305,1.6395348837209305,-0.5,1433.7,65,70,0.24285714285714285,0.9142857142857143,0.9,2.0,-1.1,1409.2,24.5,0.0245847176079734,0.12059800664451836,0.23953488372093046,-0.3604651162790695
455,2009-09-30,Manchester United,VfL Wolfsburg,2,1,round : 2,B,Manchester United,VfL Wolfsburg,2,1,False,2009,2,Group,H,1,1,detailed_2005_2021,1634.518,1509.244,125.274,0.673,4,289,0.5294117647058824,1.8269896193771626,1.813148788927336,1.038062283737024,0.7750865051903114,1599.3,92,22,0.45454545454545453,1.5,1.318181818181818,1.318181818181818,0.0,1508.3,91.0,0.07486631016042783,0.32698961937716264,0.4949669707455182,-0.280119534444794
456,2009-09-30,Milan,FC Zürich,0,1,round : 2,C,AC Milan,FC Zürich,0,1,False,2009,2,Group,A,0,-1,detailed_2005_2021,1563.865,1490.182,73.683,0.604,6,265,0.47924528301886793,1.6981132075471699,1.6264150943396227,0.981132075471698,0.6452830188679245,1571.7,85,33,0.36363636363636365,1.1818181818181819,1.2727272727272727,1.9393939393939397,-0.6666666666666666,1460.5,111.20000000000005,0.11560891938250428,0.516295025728988,0.35368782161235,-0.9582618639222417
457,2009-09-30,Real Madrid,Olympique de Marseille,3,0,round : 2,C,Real Madrid,Olympique Marseille,3,0,False,2009,2,Group,H,1,3,detailed_2005_2021,1516.158,1467.996,48.162,0.569,1,486,0.5987654320987654,1.97119341563786,2.213991769547325,1.117283950617284,1.0967078189300412,1630.0,29,110,0.39090909090909093,1.3363636363636364,1.4636363636363636,1.2727272727272727,0.19090909090909092,1484.0,146.0,0.2078563411896745,0.6348297792742237,0.7503554059109614,-0.15544332210998868
458,2009-09-30,APOEL Nicosia,Chelsea,0,1,round : 2,D,APOEL Nikosia,Chelsea FC,0,1,False,2009,2,Group,A,0,-1,detailed_2005_2021,1500.898,1601.33,-100.433,0.359,103,40,0.125,0.65,0.675,2.05,-1.375,1386.1,10,197,0.5126903553299492,1.8020304568527918,1.7106598984771573,0.934010152284264,0.7766497461928934,1593.5,-207.4000000000001,-0.3876903553299492,-1.152030456852792,-1.0356598984771572,1.1159898477157357
459,2009-09-30,FC Porto,Atlético Madrid,2,0,round : 2,D,FC Porto,Atlético Madrid,2,0,False,2009,2,Group,H,1,2,detailed_2005_2021,1504.711,1530.371,-25.66,0.463,8,265,0.4528301886792453,1.5773584905660378,1.4792452830188678,1.1547169811320754,0.32452830188679244,1540.4,15,166,0.4759036144578313,1.6927710843373494,1.4578313253012047,0.9879518072289156,0.46987951807228917,1568.1,-27.699999999999818,-0.02307342577858601,-0.11541259377131152,0.02141395771766308,0.1667651739031598
476,2009-10-20,Debreceni VSC,Fiorentina,3,4,round : 3,E,Debreceni VSC,ACF Fiorentina,3,4,False,2009,3,Group,A,0,-1,detailed_2005_2021,1484.909,1490.018,-5.109,0.493,343,6,0.0,0.0,0.8333333333333334,3.1666666666666665,-2.3333333333333335,1418.4,63,39,0.46153846153846156,1.6923076923076923,1.358974358974359,1.1538461538461535,0.20512820512820512,1553.4,-135.0,-0.46153846153846156,-1.6923076923076923,-0.5256410256410257,2.0128205128205128
477,2009-10-20,Liverpool,Olympique Lyonnais,1,2,round : 3,E,Liverpool FC,Olympique Lyon,1,2,False,2009,3,Group,A,0,-1,detailed_2005_2021,1591.977,1576.606,15.371,0.522,7,230,0.5565217391304348,1.8782608695652174,1.891304347826087,0.9608695652173912,0.9304347826086956,1606.0,21,136,0.4264705882352941,1.5441176470588236,1.588235294117647,1.2279411764705883,0.3602941176470588,1535.8,70.20000000000005,0.1300511508951407,0.33414322250639383,0.30306905370843995,-0.2670716112531971
478,2009-10-20,Barcelona,Rubin Kazan,1,2,round : 3,F,FC Barcelona,Rubin Kazan,1,2,False,2009,3,Group,A,0,-1,detailed_2005_2021,1652.946,1489.537,163.41,0.719,3,341,0.5747800586510264,1.9501466275659824,1.9794721407624636,1.0439882697947214,0.9354838709677419,1628.8,155,12,0.16666666666666666,1.0,0.5,0.9166666666666666,-0.4166666666666667,1478.3,150.5,0.4081133919843598,0.9501466275659824,1.4794721407624636,0.12732160312805474
479,2009-10-20,Inter,Dynamo Kyiv,2,2,round : 3,F,Inter Milan,Dinamo Kiev,2,2,False,2009,3,Group,D,0,0,detailed_2005_2021,1540.665,1436.499,104.166,0.646,12,203,0.47783251231527096,1.6945812807881773,1.4088669950738917,1.0295566502463054,0.3793103448275862,1569.5,18,186,0.34946236559139787,1.2688172043010753,1.2311827956989247,1.3494623655913978,-0.11827956989247312,1474.7,94.79999999999995,0.1283701467238731,0.425764076487102,0.17768419937496693,-0.3199057153450924
480,2009-10-20,Rangers,Unirea Urziceni,1,4,round : 3,G,Rangers FC,FC Unirea,1,4,False,2009,3,Group,A,0,-3,detailed_2005_2021,1493.788,1490.491,3.297,0.505,26,131,0.3282442748091603,1.2213740458015268,1.3206106870229009,1.6564885496183206,-0.33587786259541985,1467.7,186,6,0.3333333333333333,1.3333333333333333,1.3333333333333333,1.3333333333333333,0.0,1500.0,-32.299999999999955,-0.005089058524173018,-0.1119592875318065,-0.012722646310432406,0.32315521628498733
481,2009-10-20,VfB Stuttgart,Sevilla,1,3,round : 3,G,VfB Stuttgart,Sevilla FC,1,3,False,2009,3,Group,A,0,-2,detailed_2005_2021,1478.733,1547.727,-68.994,0.402,96,27,0.2962962962962963,1.1481481481481481,1.2222222222222223,1.5555555555555556,-0.3333333333333333,1470.4,42,72,0.375,1.4027777777777777,1.4583333333333333,1.4861111111111112,-0.027777777777777776,1507.6,-37.19999999999982,-0.07870370370370372,-0.25462962962962954,-0.23611111111111094,0.06944444444444442
482,2009-10-20,AZ Alkmaar,Arsenal,1,1,round : 3,H,AZ Alkmaar,Arsenal FC,1,1,False,2009,3,Group,D,0,0,detailed_2005_2021,1488.85,1583.048,-94.198,0.368,159,10,0.2,1.1,1.2,1.4,-0.2,1488.4,13,197,0.4720812182741117,1.6395939086294415,1.6446700507614214,1.1472081218274113,0.49746192893401014,1553.2,-64.79999999999995,-0.2720812182741117,-0.5395939086294415,-0.4446700507614214,0.25279187817258864
483,2009-10-20,Olympiacos,Standard Liège,2,1,round : 3,H,Olympiakos Piraeus,Standard Liège,2,1,False,2009,3,Group,H,1,1,detailed_2005_2021,1460.893,1491.841,-30.948,0.456,25,156,0.30128205128205127,1.0833333333333333,1.1282051282051282,1.698717948717949,-0.5705128205128205,1432.0,54,46,0.5217391304347826,1.673913043478261,1.7173913043478262,1.2173913043478262,0.5,1537.0,-105.0,-0.22045707915273133,-0.5905797101449277,-0.589186176142698,0.48132664437012274
468,2009-10-21,Bordeaux,Bayern München,2,1,round : 3,A,Girondins Bordeaux,Bayern Munich,2,1,False,2009,3,Group,H,1,1,detailed_2005_2021,1501.165,1570.898,-69.733,0.401,52,50,0.42,1.58,1.08,1.08,0.0,1539.9,2,388,0.595360824742268,1.9871134020618557,2.105670103092784,1.0051546391752575,1.1005154639175259,1636.0,-96.09999999999991,-0.17536082474226805,-0.40711340206185564,-1.025670103092784,0.07484536082474258
469,2009-10-21,Juventus,Maccabi Haifa,1,0,round : 3,A,Juventus,Maccabi Haifa,1,0,False,2009,3,Group,H,1,1,detailed_2005_2021,1537.504,1481.795,55.709,0.579,5,297,0.5084175084175084,1.754208754208754,1.589225589225589,1.0134680134680134,0.5757575757575758,1581.5,169,18,0.16666666666666666,0.5555555555555556,1.0555555555555556,2.2777777777777777,-1.2222222222222223,1396.5,185.0,0.3417508417508418,1.1986531986531985,0.5336700336700335,-1.2643097643097643
470,2009-10-21,CSKA Moscow,Manchester United,0,1,round : 3,B,CSKA Moskva,Manchester United,0,1,False,2009,3,Group,A,0,-1,detailed_2005_2021,1475.113,1641.061,-165.948,0.278,47,86,0.26744186046511625,1.0348837209302326,1.1395348837209305,1.6395348837209305,-0.5,1433.7,4,289,0.5294117647058824,1.8269896193771626,1.813148788927336,1.038062283737024,0.7750865051903114,1599.3,-165.5999999999999,-0.2619699042407661,-0.79210589844693,-0.6736139052064056,0.6014725999839066
471,2009-10-21,VfL Wolfsburg,Beşiktaş,0,0,round : 3,B,VfL Wolfsburg,Beşiktaş,0,0,False,2009,3,Group,D,0,0,detailed_2005_2021,1502.702,1476.694,26.007,0.537,92,22,0.45454545454545453,1.5,1.318181818181818,1.318181818181818,0.0,1508.3,65,70,0.24285714285714285,0.9142857142857143,0.9,2.0,-1.1,1409.2,99.09999999999991,0.21168831168831168,0.5857142857142857,0.4181818181818179,-0.6818181818181821
472,2009-10-21,FC Zürich,Olympique de Marseille,0,1,round : 3,C,FC Zürich,Olympique Marseille,0,1,False,2009,3,Group,A,0,-1,detailed_2005_2021,1502.272,1459.373,42.899,0.561,85,33,0.36363636363636365,1.1818181818181819,1.2727272727272727,1.9393939393939397,-0.6666666666666666,1460.5,29,110,0.39090909090909093,1.3363636363636364,1.4636363636363636,1.2727272727272727,0.19090909090909092,1484.0,-23.5,-0.027272727272727282,-0.15454545454545454,-0.19090909090909092,0.666666666666667
473,2009-10-21,Real Madrid,Milan,2,3,round : 3,C,Real Madrid,AC Milan,2,3,False,2009,3,Group,A,0,-1,detailed_2005_2021,1524.781,1551.776,-26.995,0.461,1,486,0.5987654320987654,1.97119341563786,2.213991769547325,1.117283950617284,1.0967078189300412,1630.0,6,265,0.47924528301886793,1.6981132075471699,1.6264150943396227,0.981132075471698,0.6452830188679245,1571.7,58.299999999999955,0.1195201490798975,0.2730802080906902,0.5875766752077023,0.13615187514558602
474,2009-10-21,Chelsea,Atlético Madrid,4,0,round : 3,D,Chelsea FC,Atlético Madrid,4,0,False,2009,3,Group,H,1,4,detailed_2005_2021,1608.518,1519.633,88.884,0.625,10,197,0.5126903553299492,1.8020304568527918,1.7106598984771573,0.934010152284264,0.7766497461928934,1593.5,15,166,0.4759036144578313,1.6927710843373494,1.4578313253012047,0.9879518072289156,0.46987951807228917,1568.1,25.40000000000009,0.03678674087211792,0.10925937251544249,0.25282857317595253,-0.05394165494465164
475,2009-10-21,FC Porto,APOEL Nicosia,2,1,round : 3,D,FC Porto,APOEL Nikosia,2,1,False,2009,3,Group,H,1,1,detailed_2005_2021,1515.448,1493.71,21.738,0.531,8,265,0.4528301886792453,1.5773584905660378,1.4792452830188678,1.1547169811320754,0.32452830188679244,1540.4,103,40,0.125,0.65,0.675,2.05,-1.375,1386.1,154.30000000000018,0.3278301886792453,0.9273584905660378,0.8042452830188678,-0.8952830188679244
484,2009-11-03,Bayern München,Bordeaux,0,2,round : 4,A,Bayern Munich,Girondins Bordeaux,0,2,False,2009,4,Group,A,0,-2,detailed_2005_2021,1558.918,1513.146,45.772,0.565,2,388,0.595360824742268,1.9871134020618557,2.105670103092784,1.0051546391752575,1.1005154639175259,1636.0,52,50,0.42,1.58,1.08,1.08,0.0,1539.9,96.09999999999991,0.17536082474226805,0.40711340206185564,1.025670103092784,-0.07484536082474258
485,2009-11-03,Maccabi Haifa,Juventus,0,1,round : 4,A,Maccabi Haifa,Juventus,0,1,False,2009,4,Group,A,0,-1,detailed_2005_2021,1473.385,1545.914,-72.529,0.397,169,18,0.16666666666666666,0.5555555555555556,1.0555555555555556,2.2777777777777777,-1.2222222222222223,1396.5,5,297,0.5084175084175084,1.754208754208754,1.589225589225589,1.0134680134680134,0.5757575757575758,1581.5,-185.0,-0.3417508417508418,-1.1986531986531985,-0.5336700336700335,1.2643097643097643
486,2009-11-03,Beşiktaş,VfL Wolfsburg,0,3,round : 4,B,Beşiktaş,VfL Wolfsburg,0,3,False,2009,4,Group,A,0,-3,detailed_2005_2021,1477.442,1501.954,-24.513,0.465,65,70,0.24285714285714285,0.9142857142857143,0.9,2.0,-1.1,1409.2,92,22,0.45454545454545453,1.5,1.318181818181818,1.318181818181818,0.0,1508.3,-99.09999999999991,-0.21168831168831168,-0.5857142857142857,-0.4181818181818179,0.6818181818181821
487,2009-11-03,Manchester United,CSKA Moscow,3,3,round : 4,B,Manchester United,CSKA Moskva,3,3,False,2009,4,Group,D,0,0,detailed_2005_2021,1646.618,1469.556,177.061,0.735,4,289,0.5294117647058824,1.8269896193771626,1.813148788927336,1.038062283737024,0.7750865051903114,1599.3,47,86,0.26744186046511625,1.0348837209302326,1.1395348837209305,1.6395348837209305,-0.5,1433.7,165.5999999999999,0.2619699042407661,0.79210589844693,0.6736139052064056,-0.6014725999839066
488,2009-11-03,Milan,Real Madrid,1,1,round : 4,C,AC Milan,Real Madrid,1,1,False,2009,4,Group,D,0,0,detailed_2005_2021,1561.0,1515.556,45.444,0.565,6,265,0.47924528301886793,1.6981132075471699,1.6264150943396227,0.981132075471698,0.6452830188679245,1571.7,1,486,0.5987654320987654,1.97119341563786,2.213991769547325,1.117283950617284,1.0967078189300412,1630.0,-58.299999999999955,-0.1195201490798975,-0.2730802080906902,-0.5875766752077023,-0.13615187514558602
489,2009-11-03,Olympique de Marseille,FC Zürich,6,1,round : 4,C,Olympique Marseille,FC Zürich,6,1,False,2009,4,Group,H,1,5,detailed_2005_2021,1470.602,1491.044,-20.442,0.471,29,110,0.39090909090909093,1.3363636363636364,1.4636363636363636,1.2727272727272727,0.19090909090909092,1484.0,85,33,0.36363636363636365,1.1818181818181819,1.2727272727272727,1.9393939393939397,-0.6666666666666666,1460.5,23.5,0.027272727272727282,0.15454545454545454,0.19090909090909092,-0.666666666666667
490,2009-11-03,APOEL Nicosia,FC Porto,0,1,round : 4,D,APOEL Nikosia,FC Porto,0,1,False,2009,4,Group,A,0,-1,detailed_2005_2021,1484.335,1524.823,-40.488,0.442,103,40,0.125,0.65,0.675,2.05,-1.375,1386.1,8,265,0.4528301886792453,1.5773584905660378,1.4792452830188678,1.1547169811320754,0.32452830188679244,1540.4,-154.30000000000018,-0.3278301886792453,-0.9273584905660378,-0.8042452830188678,0.8952830188679244
491,2009-11-03,Atlético Madrid,Chelsea,2,2,round : 4,D,Atlético Madrid,Chelsea FC,2,2,False,2009,4,Group,D,0,0,detailed_2005_2021,1512.137,1616.014,-103.876,0.355,15,166,0.4759036144578313,1.6927710843373494,1.4578313253012047,0.9879518072289156,0.46987951807228917,1568.1,10,197,0.5126903553299492,1.8020304568527918,1.7106598984771573,0.934010152284264,0.7766497461928934,1593.5,-25.40000000000009,-0.03678674087211792,-0.10925937251544249,-0.25282857317595253,0.05394165494465164
492,2009-11-04,Fiorentina,Debreceni VSC,5,2,round : 4,E,ACF Fiorentina,Debreceni VSC,5,2,False,2009,4,Group,H,1,3,detailed_2005_2021,1499.871,1475.056,24.815,0.536,63,39,0.46153846153846156,1.6923076923076923,1.358974358974359,1.1538461538461535,0.20512820512820512,1553.4,343,6,0.0,0.0,0.8333333333333334,3.1666666666666665,-2.3333333333333335,1418.4,135.0,0.46153846153846156,1.6923076923076923,0.5256410256410257,-2.0128205128205128
493,2009-11-04,Olympique Lyonnais,Liverpool,1,1,round : 4,E,Olympique Lyon,Liverpool FC,1,1,False,2009,4,Group,D,0,0,detailed_2005_2021,1587.048,1581.535,5.514,0.508,21,136,0.4264705882352941,1.5441176470588236,1.588235294117647,1.2279411764705883,0.3602941176470588,1535.8,7,230,0.5565217391304348,1.8782608695652174,1.891304347826087,0.9608695652173912,0.9304347826086956,1606.0,-70.20000000000005,-0.1300511508951407,-0.33414322250639383,-0.30306905370843995,0.2670716112531971
494,2009-11-04,Rubin Kazan,Barcelona,0,0,round : 4,F,Rubin Kazan,FC Barcelona,0,0,False,2009,4,Group,D,0,0,detailed_2005_2021,1503.921,1638.561,-134.64,0.315,155,12,0.16666666666666666,1.0,0.5,0.9166666666666666,-0.4166666666666667,1478.3,3,341,0.5747800586510264,1.9501466275659824,1.9794721407624636,1.0439882697947214,0.9354838709677419,1628.8,-150.5,-0.4081133919843598,-0.9501466275659824,-1.4794721407624636,-0.12732160312805474
495,2009-11-04,Dynamo Kyiv,Inter,1,2,round : 4,F,Dinamo Kiev,Inter Milan,1,2,False,2009,4,Group,A,0,-1,detailed_2005_2021,1439.411,1537.754,-98.343,0.362,18,186,0.34946236559139787,1.2688172043010753,1.2311827956989247,1.3494623655913978,-0.11827956989247312,1474.7,12,203,0.47783251231527096,1.6945812807881773,1.4088669950738917,1.0295566502463054,0.3793103448275862,1569.5,-94.79999999999995,-0.1283701467238731,-0.425764076487102,-0.17768419937496693,0.3199057153450924
496,2009-11-04,Sevilla,VfB Stuttgart,1,1,round : 4,G,Sevilla FC,VfB Stuttgart,1,1,False,2009,4,Group,D,0,0,detailed_2005_2021,1555.767,1470.693,85.074,0.62,42,72,0.375,1.4027777777777777,1.4583333333333333,1.4861111111111112,-0.027777777777777776,1507.6,96,27,0.2962962962962963,1.1481481481481481,1.2222222222222223,1.5555555555555556,-0.3333333333333333,1470.4,37.19999999999982,0.07870370370370372,0.25462962962962954,0.23611111111111094,-0.06944444444444442
497,2009-11-04,Unirea Urziceni,Rangers,1,1,round : 4,G,FC Unirea,Rangers FC,1,1,False,2009,4,Group,D,0,0,detailed_2005_2021,1500.586,1483.693,16.893,0.524,186,6,0.3333333333333333,1.3333333333333333,1.3333333333333333,1.3333333333333333,0.0,1500.0,26,131,0.3282442748091603,1.2213740458015268,1.3206106870229009,1.6564885496183206,-0.33587786259541985,1467.7,32.299999999999955,0.005089058524173018,0.1119592875318065,0.012722646310432406,-0.32315521628498733
498,2009-11-04,Arsenal,AZ Alkmaar,4,1,round : 4,H,Arsenal FC,AZ Alkmaar,4,1,False,2009,4,Group,H,1,3,detailed_2005_2021,1580.401,1491.496,88.904,0.625,13,197,0.4720812182741117,1.6395939086294415,1.6446700507614214,1.1472081218274113,0.49746192893401014,1553.2,159,10,0.2,1.1,1.2,1.4,-0.2,1488.4,64.79999999999995,0.2720812182741117,0.5395939086294415,0.4446700507614214,-0.25279187817258864
499,2009-11-04,Standard Liège,Olympiacos,2,0,round : 4,H,Standard Liège,Olympiakos Piraeus,2,0,False,2009,4,Group,H,1,2,detailed_2005_2021,1480.953,1471.782,9.171,0.513,54,46,0.5217391304347826,1.673913043478261,1.7173913043478262,1.2173913043478262,0.5,1537.0,25,156,0.30128205128205127,1.0833333333333333,1.1282051282051282,1.698717948717949,-0.5705128205128205,1432.0,105.0,0.22045707915273133,0.5905797101449277,0.589186176142698,-0.48132664437012274
508,2009-11-24,Debreceni VSC,Liverpool,0,1,round : 5,E,Debreceni VSC,Liverpool FC,0,1,False,2009,5,Group,A,0,-1,detailed_2005_2021,1465.769,1581.694,-115.924,0.339,343,6,0.0,0.0,0.8333333333333334,3.1666666666666665,-2.3333333333333335,1418.4,7,230,0.5565217391304348,1.8782608695652174,1.891304347826087,0.9608695652173912,0.9304347826086956,1606.0,-187.5999999999999,-0.5565217391304348,-1.8782608695652174,-1.0579710144927534,2.205797101449275
509,2009-11-24,Fiorentina,Olympique Lyonnais,1,0,round : 5,E,ACF Fiorentina,Olympique Lyon,1,0,False,2009,5,Group,H,1,1,detailed_2005_2021,1509.158,1586.89,-77.731,0.39,63,39,0.46153846153846156,1.6923076923076923,1.358974358974359,1.1538461538461535,0.20512820512820512,1553.4,21,136,0.4264705882352941,1.5441176470588236,1.588235294117647,1.2279411764705883,0.3602941176470588,1535.8,17.600000000000136,0.03506787330316746,0.1481900452488687,-0.22926093514328794,-0.07409502262443479
510,2009-11-24,Rubin Kazan,Dynamo Kyiv,0,0,round : 5,F,Rubin Kazan,Dinamo Kiev,0,0,False,2009,5,Group,D,0,0,detailed_2005_2021,1507.614,1432.168,75.446,0.607,155,12,0.16666666666666666,1.0,0.5,0.9166666666666666,-0.4166666666666667,1478.3,18,186,0.34946236559139787,1.2688172043010753,1.2311827956989247,1.3494623655913978,-0.11827956989247312,1474.7,3.599999999999909,-0.18279569892473121,-0.26881720430107525,-0.7311827956989247,-0.43279569892473113
511,2009-11-24,Barcelona,Inter,2,0,round : 5,F,FC Barcelona,Inter Milan,2,0,False,2009,5,Group,H,1,2,detailed_2005_2021,1634.869,1544.996,89.873,0.627,3,341,0.5747800586510264,1.9501466275659824,1.9794721407624636,1.0439882697947214,0.9354838709677419,1628.8,12,203,0.47783251231527096,1.6945812807881773,1.4088669950738917,1.0295566502463054,0.3793103448275862,1569.5,59.299999999999955,0.09694754633575547,0.2555653467778052,0.5706051456885719,0.014431619548415986
512,2009-11-24,Rangers,VfB Stuttgart,0,2,round : 5,G,Rangers FC,VfB Stuttgart,0,2,False,2009,5,Group,A,0,-2,detailed_2005_2021,1484.179,1473.094,11.086,0.516,26,131,0.3282442748091603,1.2213740458015268,1.3206106870229009,1.6564885496183206,-0.33587786259541985,1467.7,96,27,0.2962962962962963,1.1481481481481481,1.2222222222222223,1.5555555555555556,-0.3333333333333333,1470.4,-2.7000000000000455,0.03194797851286402,0.07322589765337861,0.09838846480067853,0.10093299406276501
513,2009-11-24,Unirea Urziceni,Sevilla,1,0,round : 5,G,FC Unirea,Sevilla FC,1,0,False,2009,5,Group,H,1,1,detailed_2005_2021,1500.1,1553.366,-53.266,0.424,186,6,0.3333333333333333,1.3333333333333333,1.3333333333333333,1.3333333333333333,0.0,1500.0,42,72,0.375,1.4027777777777777,1.4583333333333333,1.4861111111111112,-0.027777777777777776,1507.6,-7.599999999999909,-0.041666666666666685,-0.06944444444444442,-0.125,-0.1527777777777779
514,2009-11-24,Arsenal,Standard Liège,2,0,round : 5,H,Arsenal FC,Standard Liège,2,0,False,2009,5,Group,H,1,2,detailed_2005_2021,1587.896,1490.689,97.208,0.636,13,197,0.4720812182741117,1.6395939086294415,1.6446700507614214,1.1472081218274113,0.49746192893401014,1553.2,54,46,0.5217391304347826,1.673913043478261,1.7173913043478262,1.2173913043478262,0.5,1537.0,16.200000000000045,-0.04965791216067089,-0.03431913484881943,-0.0727212535864048,-0.07018318252041489
515,2009-11-24,AZ Alkmaar,Olympiacos,0,0,round : 5,H,AZ Alkmaar,Olympiakos Piraeus,0,0,False,2009,5,Group,D,0,0,detailed_2005_2021,1484.001,1462.046,21.955,0.532,159,10,0.2,1.1,1.2,1.4,-0.2,1488.4,25,156,0.30128205128205127,1.0833333333333333,1.1282051282051282,1.698717948717949,-0.5705128205128205,1432.0,56.40000000000009,-0.10128205128205126,0.01666666666666683,0.07179487179487176,-0.298717948717949
500,2009-11-25,Bayern München,Maccabi Haifa,1,0,round : 5,A,Bayern Munich,Maccabi Haifa,1,0,False,2009,5,Group,H,1,1,detailed_2005_2021,1547.608,1465.442,82.166,0.616,2,388,0.595360824742268,1.9871134020618557,2.105670103092784,1.0051546391752575,1.1005154639175259,1636.0,169,18,0.16666666666666666,0.5555555555555556,1.0555555555555556,2.2777777777777777,-1.2222222222222223,1396.5,239.5,0.4286941580756014,1.4315578465063001,1.0501145475372284,-1.2726231386025202
501,2009-11-25,Bordeaux,Juventus,2,0,round : 5,A,Girondins Bordeaux,Juventus,2,0,False,2009,5,Group,H,1,2,detailed_2005_2021,1524.456,1553.856,-29.401,0.458,52,50,0.42,1.58,1.08,1.08,0.0,1539.9,5,297,0.5084175084175084,1.754208754208754,1.589225589225589,1.0134680134680134,0.5757575757575758,1581.5,-41.59999999999991,-0.08841750841750845,-0.17420875420875404,-0.509225589225589,0.06653198653198666
502,2009-11-25,CSKA Moscow,VfL Wolfsburg,2,1,round : 5,B,CSKA Moskva,VfL Wolfsburg,2,1,False,2009,5,Group,H,1,1,detailed_2005_2021,1474.253,1511.25,-36.997,0.447,47,86,0.26744186046511625,1.0348837209302326,1.1395348837209305,1.6395348837209305,-0.5,1433.7,92,22,0.45454545454545453,1.5,1.318181818181818,1.318181818181818,0.0,1508.3,-74.59999999999991,-0.18710359408033828,-0.4651162790697674,-0.17864693446088742,0.3213530655391126
503,2009-11-25,Manchester United,Beşiktaş,0,1,round : 5,B,Manchester United,Beşiktaş,0,1,False,2009,5,Group,A,0,-1,detailed_2005_2021,1641.921,1468.146,173.775,0.731,4,289,0.5294117647058824,1.8269896193771626,1.813148788927336,1.038062283737024,0.7750865051903114,1599.3,65,70,0.24285714285714285,0.9142857142857143,0.9,2.0,-1.1,1409.2,190.0999999999999,0.2865546218487395,0.9127039050914484,0.9131487889273361,-0.9619377162629761
504,2009-11-25,Milan,Olympique de Marseille,1,1,round : 5,C,AC Milan,Olympique Marseille,1,1,False,2009,5,Group,D,0,0,detailed_2005_2021,1559.7,1481.189,78.51,0.611,6,265,0.47924528301886793,1.6981132075471699,1.6264150943396227,0.981132075471698,0.6452830188679245,1571.7,29,110,0.39090909090909093,1.3363636363636364,1.4636363636363636,1.2727272727272727,0.19090909090909092,1484.0,87.70000000000005,0.088336192109777,0.36174957118353346,0.1627787307032591,-0.2915951972555747
505,2009-11-25,Real Madrid,FC Zürich,1,0,round : 5,C,Real Madrid,FC Zürich,1,0,False,2009,5,Group,H,1,1,detailed_2005_2021,1516.857,1480.456,36.401,0.552,1,486,0.5987654320987654,1.97119341563786,2.213991769547325,1.117283950617284,1.0967078189300412,1630.0,85,33,0.36363636363636365,1.1818181818181819,1.2727272727272727,1.9393939393939397,-0.6666666666666666,1460.5,169.5,0.23512906846240178,0.7893752338196782,0.9412644968200523,-0.8221099887766556
506,2009-11-25,APOEL Nicosia,Atlético Madrid,1,1,round : 5,D,APOEL Nikosia,Atlético Madrid,1,1,False,2009,5,Group,D,0,0,detailed_2005_2021,1475.495,1515.041,-39.546,0.443,103,40,0.125,0.65,0.675,2.05,-1.375,1386.1,15,166,0.4759036144578313,1.6927710843373494,1.4578313253012047,0.9879518072289156,0.46987951807228917,1568.1,-182.0,-0.3509036144578313,-1.0427710843373492,-0.7828313253012047,1.0620481927710843
507,2009-11-25,FC Porto,Chelsea,0,1,round : 5,D,FC Porto,Chelsea FC,0,1,False,2009,5,Group,A,0,-1,detailed_2005_2021,1533.663,1613.11,-79.447,0.388,8,265,0.4528301886792453,1.5773584905660378,1.4792452830188678,1.1547169811320754,0.32452830188679244,1540.4,10,197,0.5126903553299492,1.8020304568527918,1.7106598984771573,0.934010152284264,0.7766497461928934,1593.5,-53.09999999999991,-0.05986016665070393,-0.224671966286754,-0.23141461545828945,0.22070682884781145
516,2010-02-16,Milan,Manchester United,2,3,round : 18,,AC Milan,Manchester United,2,3,False,2009,18,Knockout,A,0,-1,detailed_2005_2021,1557.478,1627.299,-69.821,0.401,6,265,0.47924528301886793,1.6981132075471699,1.6264150943396227,0.981132075471698,0.6452830188679245,1571.7,4,289,0.5294117647058824,1.8269896193771626,1.813148788927336,1.038062283737024,0.7750865051903114,1599.3,-27.59999999999991,-0.05016648168701443,-0.12887641182999277,-0.18673369458771338,-0.05693020826532591
517,2010-02-16,Olympique Lyonnais,Real Madrid,1,0,round : 18,,Olympique Lyon,Real Madrid,1,0,False,2009,18,Knockout,H,1,1,detailed_2005_2021,1574.689,1525.813,48.876,0.57,21,136,0.4264705882352941,1.5441176470588236,1.588235294117647,1.2279411764705883,0.3602941176470588,1535.8,1,486,0.5987654320987654,1.97119341563786,2.213991769547325,1.117283950617284,1.0967078189300412,1630.0,-94.20000000000005,-0.17229484386347133,-0.4270757685790365,-0.625756475429678,0.11065722585330429
518,2010-02-17,Bayern München,Fiorentina,2,1,round : 18,,Bayern Munich,ACF Fiorentina,2,1,False,2009,18,Knockout,H,1,1,detailed_2005_2021,1555.286,1521.359,33.927,0.549,2,388,0.595360824742268,1.9871134020618557,2.105670103092784,1.0051546391752575,1.1005154639175259,1636.0,63,39,0.46153846153846156,1.6923076923076923,1.358974358974359,1.1538461538461535,0.20512820512820512,1553.4,82.59999999999991,0.13382236320380647,0.2948057097541634,0.746695744118425,-0.14869151467089603
519,2010-02-17,FC Porto,Arsenal,2,1,round : 18,,FC Porto,Arsenal FC,2,1,False,2009,18,Knockout,H,1,1,detailed_2005_2021,1525.911,1595.169,-69.259,0.402,8,265,0.4528301886792453,1.5773584905660378,1.4792452830188678,1.1547169811320754,0.32452830188679244,1540.4,13,197,0.4720812182741117,1.6395939086294415,1.6446700507614214,1.1472081218274113,0.49746192893401014,1553.2,-12.799999999999955,-0.01925102959486641,-0.062235418063403714,-0.16542476774255355,0.007508859304664162
520,2010-02-23,Olympiacos,Bordeaux,0,1,round : 18,,Olympiakos Piraeus,Girondins Bordeaux,0,1,False,2009,18,Knockout,A,0,-1,detailed_2005_2021,1462.677,1535.3,-72.623,0.397,25,156,0.30128205128205127,1.0833333333333333,1.1282051282051282,1.698717948717949,-0.5705128205128205,1432.0,52,50,0.42,1.58,1.08,1.08,0.0,1539.9,-107.90000000000009,-0.11871794871794872,-0.4966666666666668,0.04820512820512812,0.6187179487179488
521,2010-02-23,VfB Stuttgart,Barcelona,1,1,round : 18,,VfB Stuttgart,FC Barcelona,1,1,False,2009,18,Knockout,D,0,0,detailed_2005_2021,1483.413,1642.339,-158.926,0.286,96,27,0.2962962962962963,1.1481481481481481,1.2222222222222223,1.5555555555555556,-0.3333333333333333,1470.4,3,341,0.5747800586510264,1.9501466275659824,1.9794721407624636,1.0439882697947214,0.9354838709677419,1628.8,-158.39999999999986,-0.27848376235473016,-0.8019984794178343,-0.7572499185402413,0.5115672857608342
522,2010-02-24,CSKA Moscow,Sevilla,1,1,round : 18,,CSKA Moskva,Sevilla FC,1,1,False,2009,18,Knockout,D,0,0,detailed_2005_2021,1485.314,1541.845,-56.531,0.419,47,86,0.26744186046511625,1.0348837209302326,1.1395348837209305,1.6395348837209305,-0.5,1433.7,42,72,0.375,1.4027777777777777,1.4583333333333333,1.4861111111111112,-0.027777777777777776,1507.6,-73.89999999999986,-0.10755813953488375,-0.36789405684754506,-0.3187984496124028,0.15342377260981932
523,2010-02-24,Inter,Chelsea,2,1,round : 18,,Inter Milan,Chelsea FC,2,1,False,2009,18,Knockout,H,1,1,detailed_2005_2021,1537.527,1620.862,-83.335,0.382,12,203,0.47783251231527096,1.6945812807881773,1.4088669950738917,1.0295566502463054,0.3793103448275862,1569.5,10,197,0.5126903553299492,1.8020304568527918,1.7106598984771573,0.934010152284264,0.7766497461928934,1593.5,-24.0,-0.03485784301467826,-0.10744917606461457,-0.3017929034032656,0.0955464979620414
524,2010-03-09,Arsenal,FC Porto,5,0,round : 18,,Arsenal FC,FC Porto,5,0,False,2009,18,Knockout,H,1,5,detailed_2005_2021,1583.202,1537.878,45.324,0.565,13,197,0.4720812182741117,1.6395939086294415,1.6446700507614214,1.1472081218274113,0.49746192893401014,1553.2,8,265,0.4528301886792453,1.5773584905660378,1.4792452830188678,1.1547169811320754,0.32452830188679244,1540.4,12.799999999999955,0.01925102959486641,0.062235418063403714,0.16542476774255355,-0.007508859304664162
525,2010-03-09,Fiorentina,Bayern München,3,2,round : 18,,ACF Fiorentina,Bayern Munich,3,2,False,2009,18,Knockout,H,1,1,detailed_2005_2021,1512.332,1564.313,-51.98,0.426,63,39,0.46153846153846156,1.6923076923076923,1.358974358974359,1.1538461538461535,0.20512820512820512,1553.4,2,388,0.595360824742268,1.9871134020618557,2.105670103092784,1.0051546391752575,1.1005154639175259,1636.0,-82.59999999999991,-0.13382236320380647,-0.2948057097541634,-0.746695744118425,0.14869151467089603
526,2010-03-10,Manchester United,Milan,4,0,round : 18,,Manchester United,AC Milan,4,0,False,2009,18,Knockout,H,1,4,detailed_2005_2021,1635.316,1549.461,85.855,0.621,4,289,0.5294117647058824,1.8269896193771626,1.813148788927336,1.038062283737024,0.7750865051903114,1599.3,6,265,0.47924528301886793,1.6981132075471699,1.6264150943396227,0.981132075471698,0.6452830188679245,1571.7,27.59999999999991,0.05016648168701443,0.12887641182999277,0.18673369458771338,0.05693020826532591
527,2010-03-10,Real Madrid,Olympique Lyonnais,1,1,round : 18,,Real Madrid,Olympique Lyon,1,1,False,2009,18,Knockout,D,0,0,detailed_2005_2021,1517.21,1583.291,-66.081,0.406,1,486,0.5987654320987654,1.97119341563786,2.213991769547325,1.117283950617284,1.0967078189300412,1630.0,21,136,0.4264705882352941,1.5441176470588236,1.588235294117647,1.2279411764705883,0.3602941176470588,1535.8,94.20000000000005,0.17229484386347133,0.4270757685790365,0.625756475429678,-0.11065722585330429
528,2010-03-16,Chelsea,Inter,0,1,round : 18,,Chelsea FC,Inter Milan,0,1,False,2009,18,Knockout,A,0,-1,detailed_2005_2021,1608.509,1549.881,58.628,0.584,10,197,0.5126903553299492,1.8020304568527918,1.7106598984771573,0.934010152284264,0.7766497461928934,1593.5,12,203,0.47783251231527096,1.6945812807881773,1.4088669950738917,1.0295566502463054,0.3793103448275862,1569.5,24.0,0.03485784301467826,0.10744917606461457,0.3017929034032656,-0.0955464979620414
529,2010-03-16,Sevilla,CSKA Moscow,1,2,round : 18,,Sevilla FC,CSKA Moskva,1,2,False,2009,18,Knockout,A,0,-1,detailed_2005_2021,1540.232,1486.927,53.305,0.576,42,72,0.375,1.4027777777777777,1.4583333333333333,1.4861111111111112,-0.027777777777777776,1507.6,47,86,0.26744186046511625,1.0348837209302326,1.1395348837209305,1.6395348837209305,-0.5,1433.7,73.89999999999986,0.10755813953488375,0.36789405684754506,0.3187984496124028,-0.15342377260981932
530,2010-03-17,Barcelona,VfB Stuttgart,4,0,round : 18,,FC Barcelona,VfB Stuttgart,4,0,False,2009,18,Knockout,H,1,4,detailed_2005_2021,1638.059,1487.692,150.366,0.704,3,341,0.5747800586510264,1.9501466275659824,1.9794721407624636,1.0439882697947214,0.9354838709677419,1628.8,96,27,0.2962962962962963,1.1481481481481481,1.2222222222222223,1.5555555555555556,-0.3333333333333333,1470.4,158.39999999999986,0.27848376235473016,0.8019984794178343,0.7572499185402413,-0.5115672857608342
531,2010-03-17,Bordeaux,Olympiacos,2,1,round : 18,,Girondins Bordeaux,Olympiakos Piraeus,2,1,False,2009,18,Knockout,H,1,1,detailed_2005_2021,1543.239,1454.737,88.502,0.625,52,50,0.42,1.58,1.08,1.08,0.0,1539.9,25,156,0.30128205128205127,1.0833333333333333,1.1282051282051282,1.698717948717949,-0.5705128205128205,1432.0,107.90000000000009,0.11871794871794872,0.4966666666666668,-0.04820512820512812,-0.6187179487179488
532,2010-03-30,Bayern München,Manchester United,2,1,round : quarterfinals,,Bayern Munich,Manchester United,2,1,False,2009,quarterfinals,Knockout,H,1,1,detailed_2005_2021,1552.828,1642.894,-90.066,0.373,2,388,0.595360824742268,1.9871134020618557,2.105670103092784,1.0051546391752575,1.1005154639175259,1636.0,4,289,0.5294117647058824,1.8269896193771626,1.813148788927336,1.038062283737024,0.7750865051903114,1599.3,36.700000000000045,0.06594906003638568,0.16012378268469307,0.2925213141654479,-0.032907644561766425
533,2010-03-30,Olympique Lyonnais,Bordeaux,3,1,round : quarterfinals,,Olympique Lyon,Girondins Bordeaux,3,1,False,2009,quarterfinals,Knockout,H,1,2,detailed_2005_2021,1581.412,1550.746,30.666,0.544,21,136,0.4264705882352941,1.5441176470588236,1.588235294117647,1.2279411764705883,0.3602941176470588,1535.8,52,50,0.42,1.58,1.08,1.08,0.0,1539.9,-4.100000000000136,0.006470588235294117,-0.035882352941176476,0.5082352941176469,0.14794117647058824
534,2010-03-31,Arsenal,Barcelona,2,2,round : quarterfinals,,Arsenal FC,FC Barcelona,2,2,False,2009,quarterfinals,Knockout,D,0,0,detailed_2005_2021,1591.905,1643.982,-52.078,0.426,13,197,0.4720812182741117,1.6395939086294415,1.6446700507614214,1.1472081218274113,0.49746192893401014,1553.2,3,341,0.5747800586510264,1.9501466275659824,1.9794721407624636,1.0439882697947214,0.9354838709677419,1628.8,-75.59999999999991,-0.10269884037691474,-0.3105527189365409,-0.3348020900010422,0.10321985203268991
535,2010-03-31,Inter,CSKA Moscow,1,0,round : quarterfinals,,Inter Milan,CSKA Moskva,1,0,False,2009,quarterfinals,Knockout,H,1,1,detailed_2005_2021,1561.552,1498.449,63.103,0.59,12,203,0.47783251231527096,1.6945812807881773,1.4088669950738917,1.0295566502463054,0.3793103448275862,1569.5,47,86,0.26744186046511625,1.0348837209302326,1.1395348837209305,1.6395348837209305,-0.5,1433.7,135.79999999999995,0.2103906518501547,0.6596975598579446,0.2693321113529612,-0.6099782334746251
536,2010-04-06,CSKA Moscow,Inter,0,1,round : quarterfinals,,CSKA Moskva,Inter Milan,0,1,False,2009,quarterfinals,Knockout,A,0,-1,detailed_2005_2021,1490.245,1569.756,-79.51,0.388,47,86,0.26744186046511625,1.0348837209302326,1.1395348837209305,1.6395348837209305,-0.5,1433.7,12,203,0.47783251231527096,1.6945812807881773,1.4088669950738917,1.0295566502463054,0.3793103448275862,1569.5,-135.79999999999995,-0.2103906518501547,-0.6596975598579446,-0.2693321113529612,0.6099782334746251
537,2010-04-06,Barcelona,Arsenal,4,1,round : quarterfinals,,FC Barcelona,Arsenal FC,4,1,False,2009,quarterfinals,Knockout,H,1,3,detailed_2005_2021,1642.495,1593.392,49.102,0.57,3,341,0.5747800586510264,1.9501466275659824,1.9794721407624636,1.0439882697947214,0.9354838709677419,1628.8,13,197,0.4720812182741117,1.6395939086294415,1.6446700507614214,1.1472081218274113,0.49746192893401014,1553.2,75.59999999999991,0.10269884037691474,0.3105527189365409,0.3348020900010422,-0.10321985203268991
538,2010-04-07,Bordeaux,Olympique Lyonnais,1,0,round : quarterfinals,,Girondins Bordeaux,Olympique Lyon,1,0,False,2009,quarterfinals,Knockout,H,1,1,detailed_2005_2021,1541.626,1590.532,-48.905,0.43,52,50,0.42,1.58,1.08,1.08,0.0,1539.9,21,136,0.4264705882352941,1.5441176470588236,1.588235294117647,1.2279411764705883,0.3602941176470588,1535.8,4.100000000000136,-0.006470588235294117,0.035882352941176476,-0.5082352941176469,-0.14794117647058824
539,2010-04-07,Manchester United,Bayern München,3,2,round : quarterfinals,,Manchester United,Bayern Munich,3,2,False,2009,quarterfinals,Knockout,H,1,1,detailed_2005_2021,1630.358,1565.364,64.994,0.592,4,289,0.5294117647058824,1.8269896193771626,1.813148788927336,1.038062283737024,0.7750865051903114,1599.3,2,388,0.595360824742268,1.9871134020618557,2.105670103092784,1.0051546391752575,1.1005154639175259,1636.0,-36.700000000000045,-0.06594906003638568,-0.16012378268469307,-0.2925213141654479,0.032907644561766425
540,2010-04-20,Inter,Barcelona,3,1,round : semifinals,,Inter Milan,FC Barcelona,3,1,False,2009,semifinals,Knockout,H,1,2,detailed_2005_2021,1577.506,1651.091,-73.584,0.396,12,203,0.47783251231527096,1.6945812807881773,1.4088669950738917,1.0295566502463054,0.3793103448275862,1569.5,3,341,0.5747800586510264,1.9501466275659824,1.9794721407624636,1.0439882697947214,0.9354838709677419,1628.8,-59.299999999999955,-0.09694754633575547,-0.2555653467778052,-0.5706051456885719,-0.014431619548415986
541,2010-04-21,Bayern München,Olympique Lyonnais,1,0,round : semifinals,,Bayern Munich,Olympique Lyon,1,0,False,2009,semifinals,Knockout,H,1,1,detailed_2005_2021,1557.213,1579.133,-21.921,0.468,2,388,0.595360824742268,1.9871134020618557,2.105670103092784,1.0051546391752575,1.1005154639175259,1636.0,21,136,0.4264705882352941,1.5441176470588236,1.588235294117647,1.2279411764705883,0.3602941176470588,1535.8,100.20000000000005,0.16889023650697393,0.4429957550030321,0.517434808975137,-0.22278653729533082
542,2010-04-27,Olympique Lyonnais,Bayern München,0,3,round : semifinals,,Olympique Lyon,Bayern Munich,0,3,False,2009,semifinals,Knockout,A,0,-3,detailed_2005_2021,1568.503,1567.843,0.66,0.501,21,136,0.4264705882352941,1.5441176470588236,1.588235294117647,1.2279411764705883,0.3602941176470588,1535.8,2,388,0.595360824742268,1.9871134020618557,2.105670103092784,1.0051546391752575,1.1005154639175259,1636.0,-100.20000000000005,-0.16889023650697393,-0.4429957550030321,-0.517434808975137,0.22278653729533082
543,2010-04-28,Barcelona,Inter,1,0,round : semifinals,,FC Barcelona,Inter Milan,1,0,False,2009,semifinals,Knockout,H,1,1,detailed_2005_2021,1639.004,1589.593,49.411,0.571,3,341,0.5747800586510264,1.9501466275659824,1.9794721407624636,1.0439882697947214,0.9354838709677419,1628.8,12,203,0.47783251231527096,1.6945812807881773,1.4088669950738917,1.0295566502463054,0.3793103448275862,1569.5,59.299999999999955,0.09694754633575547,0.2555653467778052,0.5706051456885719,0.014431619548415986
544,2010-05-22,Bayern München,Inter,0,2,round : final,,Bayern Munich,Inter Milan,0,2,False,2009,final,Knockout,A,0,-2,detailed_2005_2021,1577.862,1581.006,-3.144,0.495,2,388,0.595360824742268,1.9871134020618557,2.105670103092784,1.0051546391752575,1.1005154639175259,1636.0,12,203,0.47783251231527096,1.6945812807881773,1.4088669950738917,1.0295566502463054,0.3793103448275862,1569.5,66.5,0.11752831242699707,0.29253212127367845,0.6968031080188923,-0.02440201107104789
545,2010-09-14,FC Twente,Inter,2,2,round : 1,A,FC Twente,Inter Milan,2,2,False,2010,1,Group,D,0,0,detailed_2005_2021,1500.0,1590.915,-90.915,0.372,212,6,0.16666666666666666,1.0,1.5,1.8333333333333333,-0.3333333333333333,1486.6,12,203,0.47783251231527096,1.6945812807881773,1.4088669950738917,1.0295566502463054,0.3793103448275862,1569.5,-82.90000000000009,-0.3111658456486043,-0.6945812807881773,0.09113300492610832,0.8037766830870279
546,2010-09-14,Werder Bremen,Tottenham,2,2,round : 1,A,Werder Bremen,Tottenham Hotspur,2,2,False,2010,1,Group,D,0,0,detailed_2005_2021,1489.392,1500.0,-10.608,0.485,51,60,0.38333333333333336,1.3833333333333333,1.6,1.65,-0.05,1500.0,46,61,0.4426229508196721,1.540983606557377,1.819672131147541,1.4426229508196722,0.3770491803278688,1525.8,-25.799999999999955,-0.059289617486338764,-0.15765027322404368,-0.21967213114754092,0.20737704918032773
547,2010-09-14,Olympique Lyonnais,FC Schalke 04,1,0,round : 1,B,Olympique Lyon,FC Schalke 04,1,0,False,2010,1,Group,H,1,1,detailed_2005_2021,1558.484,1490.14,68.344,0.597,21,136,0.4264705882352941,1.5441176470588236,1.588235294117647,1.2279411764705883,0.3602941176470588,1535.8,40,73,0.3972602739726027,1.4246575342465753,1.4383561643835616,1.5205479452054795,-0.0821917808219178,1507.5,28.299999999999955,0.029210314262691384,0.11946011281224833,0.14987912973408535,-0.2926067687348912
548,2010-09-14,SL Benfica,Hapoel Tel Aviv,2,0,round : 1,B,SL Benfica,Hapoel Tel Aviv,2,0,False,2010,1,Group,H,1,2,detailed_2005_2021,1489.247,1500.0,-10.753,0.485,9,266,0.43609022556390975,1.537593984962406,1.6466165413533835,1.218045112781955,0.42857142857142855,1532.9,219,6,0.16666666666666666,0.8333333333333334,1.1666666666666667,1.6666666666666667,-0.5,1473.2,59.700000000000045,0.2694235588972431,0.7042606516290727,0.4799498746867168,-0.4486215538847118
549,2010-09-14,Bursaspor,Valencia,0,4,round : 1,C,Bursaspor,Valencia CF,0,4,False,2010,1,Group,A,0,-4,detailed_2005_2021,1500.0,1502.676,-2.676,0.496,299,6,0.0,0.16666666666666666,0.3333333333333333,2.6666666666666665,-2.3333333333333335,1432.3,23,116,0.41379310344827586,1.5344827586206897,1.456896551724138,1.0775862068965518,0.3793103448275862,1535.9,-103.60000000000014,-0.41379310344827586,-1.367816091954023,-1.1235632183908046,1.5890804597701147
550,2010-09-14,Manchester United,Rangers,0,0,round : 1,C,Manchester United,Rangers FC,0,0,False,2010,1,Group,D,0,0,detailed_2005_2021,1638.509,1473.86,164.649,0.721,4,289,0.5294117647058824,1.8269896193771626,1.813148788927336,1.038062283737024,0.7750865051903114,1599.3,26,131,0.3282442748091603,1.2213740458015268,1.3206106870229009,1.6564885496183206,-0.33587786259541985,1467.7,131.5999999999999,0.20116748989672206,0.6056155735756359,0.49253810190443525,-0.6184262658812967
551,2010-09-14,Barcelona,Panathinaikos,5,1,round : 1,D,FC Barcelona,Panathinaikos,5,1,False,2010,1,Group,H,1,4,detailed_2005_2021,1647.591,1480.242,167.349,0.724,3,341,0.5747800586510264,1.9501466275659824,1.9794721407624636,1.0439882697947214,0.9354838709677419,1628.8,30,127,0.28346456692913385,1.141732283464567,1.0866141732283463,1.3937007874015748,-0.30708661417322836,1457.2,171.5999999999999,0.2913154917218926,0.8084143441014155,0.8928579675341173,-0.3497125176068534
552,2010-09-14,FC København,Rubin Kazan,1,0,round : 1,D,FC København,Rubin Kazan,1,0,False,2010,1,Group,H,1,1,detailed_2005_2021,1482.094,1505.476,-23.381,0.466,79,44,0.25,1.0227272727272727,0.8863636363636364,1.5227272727272727,-0.6363636363636364,1445.3,155,12,0.16666666666666666,1.0,0.5,0.9166666666666666,-0.4166666666666667,1478.3,-33.0,0.08333333333333334,0.022727272727272707,0.38636363636363635,0.6060606060606061
553,2010-09-15,Bayern München,Roma,2,0,round : 1,E,Bayern Munich,AS Roma,2,0,False,2010,1,Group,H,1,2,detailed_2005_2021,1567.952,1541.277,26.676,0.538,2,388,0.595360824742268,1.9871134020618557,2.105670103092784,1.0051546391752575,1.1005154639175259,1636.0,28,109,0.3761467889908257,1.3669724770642202,1.3669724770642202,1.4587155963302751,-0.09174311926605505,1497.3,138.70000000000005,0.21921403575144233,0.6201409249976355,0.7386976260285638,-0.45356095715501765
554,2010-09-15,CFR Cluj,FC Basel,2,1,round : 1,E,CFR Cluj,FC Basel,2,1,False,2010,1,Group,H,1,1,detailed_2005_2021,1481.796,1467.004,14.792,0.521,128,18,0.2777777777777778,1.0,1.1111111111111112,1.5555555555555556,-0.4444444444444444,1454.0,41,82,0.35365853658536583,1.2439024390243902,1.3780487804878048,1.8170731707317076,-0.43902439024390244,1469.3,-15.299999999999955,-0.07588075880758804,-0.24390243902439024,-0.2669376693766936,-0.261517615176152
555,2010-09-15,MŠK Žilina,Chelsea,1,4,round : 1,F,MŠK Žilina,Chelsea FC,1,4,False,2010,1,Group,A,0,-3,detailed_2005_2021,1500.0,1596.837,-96.837,0.364,345,6,0.0,0.0,0.5,3.1666666666666665,-2.6666666666666665,1418.4,10,197,0.5126903553299492,1.8020304568527918,1.7106598984771573,0.934010152284264,0.7766497461928934,1593.5,-175.0999999999999,-0.5126903553299492,-1.8020304568527918,-1.2106598984771573,2.2326565143824024
556,2010-09-15,Olympique de Marseille,Spartak Moscow,0,1,round : 1,F,Olympique Marseille,Spartak Moskva,0,1,False,2010,1,Group,A,0,-1,detailed_2005_2021,1483.411,1474.928,8.483,0.512,29,110,0.39090909090909093,1.3363636363636364,1.4636363636363636,1.2727272727272727,0.19090909090909092,1484.0,34,104,0.3269230769230769,1.2019230769230769,1.4038461538461535,1.625,-0.22115384615384615,1463.4,20.59999999999991,0.063986013986014,0.13444055944055955,0.0597902097902101,-0.3522727272727273
557,2010-09-15,Milan,AJ Auxerre,2,0,round : 1,G,AC Milan,AJ Auxerre,2,0,False,2010,1,Group,H,1,2,detailed_2005_2021,1541.883,1500.0,41.883,0.56,6,265,0.47924528301886793,1.6981132075471699,1.6264150943396227,0.981132075471698,0.6452830188679245,1571.7,115,20,0.35,1.1,0.8,1.5,-0.7,1456.3,115.40000000000009,0.12924528301886795,0.5981132075471698,0.8264150943396227,-0.518867924528302
558,2010-09-15,Real Madrid,Ajax,2,0,round : 1,G,Real Madrid,AFC Ajax,2,0,False,2010,1,Group,H,1,2,detailed_2005_2021,1519.09,1509.656,9.434,0.514,1,486,0.5987654320987654,1.97119341563786,2.213991769547325,1.117283950617284,1.0967078189300412,1630.0,11,215,0.46511627906976744,1.627906976744186,1.613953488372093,1.1255813953488372,0.4883720930232558,1552.1,77.90000000000009,0.133649153028998,0.34328643889367405,0.6000382811752321,-0.008297444731553139
559,2010-09-15,Arsenal,Sporting Braga,6,0,round : 1,H,Arsenal FC,Sporting Braga,6,0,False,2010,1,Group,H,1,6,detailed_2005_2021,1584.796,1500.0,84.796,0.62,13,197,0.4720812182741117,1.6395939086294415,1.6446700507614214,1.1472081218274113,0.49746192893401014,1553.2,140,18,0.2777777777777778,0.8888888888888888,1.0,2.0,-1.0,1435.3,117.90000000000009,0.1943034404963339,0.7507050197405527,0.6446700507614214,-0.8527918781725887
560,2010-09-15,Shakhtar Donetsk,FK Partizan,1,0,round : 1,H,Shakhtar Donetsk,Partizan,1,0,False,2010,1,Group,H,1,1,detailed_2005_2021,1479.656,1500.0,-20.344,0.471,31,118,0.3305084745762712,1.2118644067796611,1.3644067796610169,1.7627118644067796,-0.3983050847457627,1464.6,76,45,0.28888888888888886,1.0222222222222221,1.3555555555555556,1.6444444444444444,-0.28888888888888886,1435.1,29.5,0.04161958568738233,0.18964218455743898,0.008851224105461242,0.11826741996233525
569,2010-09-28,FC Basel,Bayern München,1,2,round : 2,E,FC Basel,Bayern Munich,1,2,False,2010,2,Group,A,0,-1,detailed_2005_2021,1457.429,1577.186,-119.757,0.334,41,82,0.35365853658536583,1.2439024390243902,1.3780487804878048,1.8170731707317076,-0.43902439024390244,1469.3,2,388,0.595360824742268,1.9871134020618557,2.105670103092784,1.0051546391752575,1.1005154639175259,1636.0,-166.70000000000005,-0.2417022881569022,-0.7432109630374655,-0.7276213226049792,0.8119185315564501
570,2010-09-28,Roma,CFR Cluj,2,1,round : 2,E,AS Roma,CFR Cluj,2,1,False,2010,2,Group,H,1,1,detailed_2005_2021,1532.043,1491.37,40.673,0.558,28,109,0.3761467889908257,1.3669724770642202,1.3669724770642202,1.4587155963302751,-0.09174311926605505,1497.3,128,18,0.2777777777777778,1.0,1.1111111111111112,1.5555555555555556,-0.4444444444444444,1454.0,43.299999999999955,0.09836901121304792,0.3669724770642202,0.25586136595310904,-0.09683995922528044
571,2010-09-28,Spartak Moscow,MŠK Žilina,3,0,round : 2,F,Spartak Moskva,MŠK Žilina,3,0,False,2010,2,Group,H,1,3,detailed_2005_2021,1485.172,1492.717,-7.545,0.489,34,104,0.3269230769230769,1.2019230769230769,1.4038461538461535,1.625,-0.22115384615384615,1463.4,345,6,0.0,0.0,0.5,3.1666666666666665,-2.6666666666666665,1418.4,45.0,0.3269230769230769,1.2019230769230769,0.9038461538461535,-1.5416666666666665
572,2010-09-28,Chelsea,Olympique de Marseille,2,0,round : 2,F,Chelsea FC,Olympique Marseille,2,0,False,2010,2,Group,H,1,2,detailed_2005_2021,1604.12,1473.167,130.953,0.68,10,197,0.5126903553299492,1.8020304568527918,1.7106598984771573,0.934010152284264,0.7766497461928934,1593.5,29,110,0.39090909090909093,1.3363636363636364,1.4636363636363636,1.2727272727272727,0.19090909090909092,1484.0,109.5,0.12178126442085829,0.4656668204891554,0.24702353484079365,-0.3387171204430087
573,2010-09-28,AJ Auxerre,Real Madrid,0,1,round : 2,G,AJ Auxerre,Real Madrid,0,1,False,2010,2,Group,A,0,-1,detailed_2005_2021,1491.2,1528.818,-37.618,0.446,115,20,0.35,1.1,0.8,1.5,-0.7,1456.3,1,486,0.5987654320987654,1.97119341563786,2.213991769547325,1.117283950617284,1.0967078189300412,1630.0,-173.70000000000005,-0.24876543209876545,-0.87119341563786,-1.413991769547325,0.382716049382716
574,2010-09-28,Ajax,Milan,1,1,round : 2,G,AFC Ajax,AC Milan,1,1,False,2010,2,Group,D,0,0,detailed_2005_2021,1499.927,1550.683,-50.756,0.427,11,215,0.46511627906976744,1.627906976744186,1.613953488372093,1.1255813953488372,0.4883720930232558,1552.1,6,265,0.47924528301886793,1.6981132075471699,1.6264150943396227,0.981132075471698,0.6452830188679245,1571.7,-19.600000000000136,-0.014129003949100494,-0.07020623080298383,-0.012461605967529765,0.14444931987713916
575,2010-09-28,FK Partizan,Arsenal,1,3,round : 2,H,Partizan,Arsenal FC,1,3,False,2010,2,Group,A,0,-2,detailed_2005_2021,1489.415,1592.403,-102.988,0.356,76,45,0.28888888888888886,1.0222222222222221,1.3555555555555556,1.6444444444444444,-0.28888888888888886,1435.1,13,197,0.4720812182741117,1.6395939086294415,1.6446700507614214,1.1472081218274113,0.49746192893401014,1553.2,-118.10000000000014,-0.18319232938522284,-0.6173716864072194,-0.28911449520586574,0.4972363226170331
576,2010-09-28,Sporting Braga,Shakhtar Donetsk,0,3,round : 2,H,Sporting Braga,Shakhtar Donetsk,0,3,False,2010,2,Group,A,0,-3,detailed_2005_2021,1492.393,1490.241,2.152,0.503,140,18,0.2777777777777778,0.8888888888888888,1.0,2.0,-1.0,1435.3,31,118,0.3305084745762712,1.2118644067796611,1.3644067796610169,1.7627118644067796,-0.3983050847457627,1464.6,-29.299999999999955,-0.052730696798493404,-0.3229755178907723,-0.36440677966101687,0.23728813559322037
561,2010-09-29,Inter,Werder Bremen,4,0,round : 2,A,Inter Milan,Werder Bremen,4,0,False,2010,2,Group,H,1,4,detailed_2005_2021,1588.357,1489.697,98.659,0.638,12,203,0.47783251231527096,1.6945812807881773,1.4088669950738917,1.0295566502463054,0.3793103448275862,1569.5,51,60,0.38333333333333336,1.3833333333333333,1.6,1.65,-0.05,1500.0,69.5,0.0944991789819376,0.31124794745484397,-0.1911330049261084,-0.6204433497536945
562,2010-09-29,Tottenham,FC Twente,4,1,round : 2,A,Tottenham Hotspur,FC Twente,4,1,False,2010,2,Group,H,1,3,detailed_2005_2021,1499.695,1502.559,-2.864,0.496,46,61,0.4426229508196721,1.540983606557377,1.819672131147541,1.4426229508196722,0.3770491803278688,1525.8,212,6,0.16666666666666666,1.0,1.5,1.8333333333333333,-0.3333333333333333,1486.6,39.200000000000045,0.27595628415300544,0.540983606557377,0.319672131147541,-0.3907103825136611
563,2010-09-29,FC Schalke 04,SL Benfica,2,0,round : 2,B,FC Schalke 04,SL Benfica,2,0,False,2010,2,Group,H,1,2,detailed_2005_2021,1482.082,1499.556,-17.474,0.475,40,73,0.3972602739726027,1.4246575342465753,1.4383561643835616,1.5205479452054795,-0.0821917808219178,1507.5,9,266,0.43609022556390975,1.537593984962406,1.6466165413533835,1.218045112781955,0.42857142857142855,1532.9,-25.40000000000009,-0.03882995159130703,-0.1129364507158308,-0.20826037696982191,0.3025028324235246
564,2010-09-29,Hapoel Tel Aviv,Olympique Lyonnais,1,3,round : 2,B,Hapoel Tel Aviv,Olympique Lyon,1,3,False,2010,2,Group,A,0,-2,detailed_2005_2021,1489.691,1566.542,-76.851,0.391,219,6,0.16666666666666666,0.8333333333333334,1.1666666666666667,1.6666666666666667,-0.5,1473.2,21,136,0.4264705882352941,1.5441176470588236,1.588235294117647,1.2279411764705883,0.3602941176470588,1535.8,-62.59999999999991,-0.2598039215686274,-0.7107843137254902,-0.4215686274509802,0.4387254901960784
565,2010-09-29,Rangers,Bursaspor,1,0,round : 2,C,Rangers FC,Bursaspor,1,0,False,2010,2,Group,H,1,1,detailed_2005_2021,1478.274,1490.077,-11.803,0.483,26,131,0.3282442748091603,1.2213740458015268,1.3206106870229009,1.6564885496183206,-0.33587786259541985,1467.7,299,6,0.0,0.16666666666666666,0.3333333333333333,2.6666666666666665,-2.3333333333333335,1432.3,35.40000000000009,0.3282442748091603,1.05470737913486,0.9872773536895676,-1.010178117048346
566,2010-09-29,Valencia,Manchester United,0,1,round : 2,C,Valencia CF,Manchester United,0,1,False,2010,2,Group,A,0,-1,detailed_2005_2021,1512.599,1634.095,-121.496,0.332,23,116,0.41379310344827586,1.5344827586206897,1.456896551724138,1.0775862068965518,0.3793103448275862,1535.9,4,289,0.5294117647058824,1.8269896193771626,1.813148788927336,1.038062283737024,0.7750865051903114,1599.3,-63.399999999999864,-0.1156186612576065,-0.2925068607564729,-0.3562522372031982,0.03952392315952791
567,2010-09-29,Rubin Kazan,Barcelona,1,1,round : 2,D,Rubin Kazan,FC Barcelona,1,1,False,2010,2,Group,D,0,0,detailed_2005_2021,1494.804,1653.115,-158.312,0.287,155,12,0.16666666666666666,1.0,0.5,0.9166666666666666,-0.4166666666666667,1478.3,3,341,0.5747800586510264,1.9501466275659824,1.9794721407624636,1.0439882697947214,0.9354838709677419,1628.8,-150.5,-0.4081133919843598,-0.9501466275659824,-1.4794721407624636,-0.12732160312805474
568,2010-09-29,Panathinaikos,FC København,0,2,round : 2,D,Panathinaikos,FC København,0,2,False,2010,2,Group,A,0,-2,detailed_2005_2021,1474.718,1492.766,-18.048,0.474,30,127,0.28346456692913385,1.141732283464567,1.0866141732283463,1.3937007874015748,-0.30708661417322836,1457.2,79,44,0.25,1.0227272727272727,0.8863636363636364,1.5227272727272727,-0.6363636363636364,1445.3,11.900000000000091,0.033464566929133854,0.11900501073729419,0.20025053686470995,-0.12902648532569794
585,2010-10-19,Bayern München,CFR Cluj,3,2,round : 3,E,Bayern Munich,CFR Cluj,3,2,False,2010,3,Group,H,1,1,detailed_2005_2021,1583.869,1482.535,101.334,0.642,2,388,0.595360824742268,1.9871134020618557,2.105670103092784,1.0051546391752575,1.1005154639175259,1636.0,128,18,0.2777777777777778,1.0,1.1111111111111112,1.5555555555555556,-0.4444444444444444,1454.0,182.0,0.31758304696449025,0.9871134020618557,0.9945589919816729,-0.5504009163802981
586,2010-10-19,Roma,FC Basel,1,3,round : 3,E,AS Roma,FC Basel,1,3,False,2010,3,Group,A,0,-2,detailed_2005_2021,1540.877,1450.746,90.132,0.627,28,109,0.3761467889908257,1.3669724770642202,1.3669724770642202,1.4587155963302751,-0.09174311926605505,1497.3,41,82,0.35365853658536583,1.2439024390243902,1.3780487804878048,1.8170731707317076,-0.43902439024390244,1469.3,28.0,0.022488252405459874,0.12307003803982997,-0.011076303423584566,-0.35835757440143245
587,2010-10-19,Spartak Moscow,Chelsea,0,2,round : 3,F,Spartak Moskva,Chelsea FC,0,2,False,2010,3,Group,A,0,-2,detailed_2005_2021,1495.389,1610.52,-115.13,0.34,34,104,0.3269230769230769,1.2019230769230769,1.4038461538461535,1.625,-0.22115384615384615,1463.4,10,197,0.5126903553299492,1.8020304568527918,1.7106598984771573,0.934010152284264,0.7766497461928934,1593.5,-130.0999999999999,-0.1857672784068723,-0.600107379929715,-0.30681374463100375,0.690989847715736
588,2010-10-19,Olympique de Marseille,MŠK Žilina,1,0,round : 3,F,Olympique Marseille,MŠK Žilina,1,0,False,2010,3,Group,H,1,1,detailed_2005_2021,1466.767,1482.5,-15.733,0.477,29,110,0.39090909090909093,1.3363636363636364,1.4636363636363636,1.2727272727272727,0.19090909090909092,1484.0,345,6,0.0,0.0,0.5,3.1666666666666665,-2.6666666666666665,1418.4,65.59999999999991,0.39090909090909093,1.3363636363636364,0.9636363636363636,-1.8939393939393938
589,2010-10-19,Ajax,AJ Auxerre,2,1,round : 3,G,AFC Ajax,AJ Auxerre,2,1,False,2010,3,Group,H,1,1,detailed_2005_2021,1501.378,1482.278,19.1,0.527,11,215,0.46511627906976744,1.627906976744186,1.613953488372093,1.1255813953488372,0.4883720930232558,1552.1,115,20,0.35,1.1,0.8,1.5,-0.7,1456.3,95.79999999999995,0.11511627906976746,0.527906976744186,0.8139534883720929,-0.37441860465116283
590,2010-10-19,Real Madrid,Milan,2,0,round : 3,G,Real Madrid,AC Milan,2,0,False,2010,3,Group,H,1,2,detailed_2005_2021,1537.74,1549.233,-11.493,0.483,1,486,0.5987654320987654,1.97119341563786,2.213991769547325,1.117283950617284,1.0967078189300412,1630.0,6,265,0.47924528301886793,1.6981132075471699,1.6264150943396227,0.981132075471698,0.6452830188679245,1571.7,58.299999999999955,0.1195201490798975,0.2730802080906902,0.5875766752077023,0.13615187514558602
591,2010-10-19,Arsenal,Shakhtar Donetsk,5,1,round : 3,H,Arsenal FC,Shakhtar Donetsk,5,1,False,2010,3,Group,H,1,4,detailed_2005_2021,1599.523,1500.303,99.22,0.639,13,197,0.4720812182741117,1.6395939086294415,1.6446700507614214,1.1472081218274113,0.49746192893401014,1553.2,31,118,0.3305084745762712,1.2118644067796611,1.3644067796610169,1.7627118644067796,-0.3983050847457627,1464.6,88.60000000000014,0.1415727436978405,0.4277295018497804,0.2802632711004045,-0.6155037425793684
592,2010-10-19,Sporting Braga,FK Partizan,2,0,round : 3,H,Sporting Braga,Partizan,2,0,False,2010,3,Group,H,1,2,detailed_2005_2021,1482.331,1482.295,0.036,0.5,140,18,0.2777777777777778,0.8888888888888888,1.0,2.0,-1.0,1435.3,76,45,0.28888888888888886,1.0222222222222221,1.3555555555555556,1.6444444444444444,-0.28888888888888886,1435.1,0.20000000000004547,-0.011111111111111072,-0.1333333333333333,-0.3555555555555556,0.3555555555555556
577,2010-10-20,FC Twente,Werder Bremen,1,1,round : 3,A,FC Twente,Werder Bremen,1,1,False,2010,3,Group,D,0,0,detailed_2005_2021,1492.476,1482.463,10.013,0.514,212,6,0.16666666666666666,1.0,1.5,1.8333333333333333,-0.3333333333333333,1486.6,51,60,0.38333333333333336,1.3833333333333333,1.6,1.65,-0.05,1500.0,-13.400000000000091,-0.2166666666666667,-0.3833333333333333,-0.10000000000000009,0.18333333333333335
578,2010-10-20,Inter,Tottenham,4,3,round : 3,A,Inter Milan,Tottenham Hotspur,4,3,False,2010,3,Group,H,1,1,detailed_2005_2021,1595.591,1509.777,85.814,0.621,12,203,0.47783251231527096,1.6945812807881773,1.4088669950738917,1.0295566502463054,0.3793103448275862,1569.5,46,61,0.4426229508196721,1.540983606557377,1.819672131147541,1.4426229508196722,0.3770491803278688,1525.8,43.700000000000045,0.03520956149559884,0.15359767423080029,-0.4108051360736493,-0.4130663005733668
579,2010-10-20,FC Schalke 04,Hapoel Tel Aviv,3,1,round : 3,B,FC Schalke 04,Hapoel Tel Aviv,3,1,False,2010,3,Group,H,1,2,detailed_2005_2021,1492.584,1481.867,10.717,0.515,40,73,0.3972602739726027,1.4246575342465753,1.4383561643835616,1.5205479452054795,-0.0821917808219178,1507.5,219,6,0.16666666666666666,0.8333333333333334,1.1666666666666667,1.6666666666666667,-0.5,1473.2,34.299999999999955,0.23059360730593606,0.5913242009132419,0.2716894977168949,-0.1461187214611872
580,2010-10-20,Olympique Lyonnais,SL Benfica,2,0,round : 3,B,Olympique Lyon,SL Benfica,2,0,False,2010,3,Group,H,1,2,detailed_2005_2021,1574.365,1489.053,85.312,0.62,21,136,0.4264705882352941,1.5441176470588236,1.588235294117647,1.2279411764705883,0.3602941176470588,1535.8,9,266,0.43609022556390975,1.537593984962406,1.6466165413533835,1.218045112781955,0.42857142857142855,1532.9,2.8999999999998636,-0.009619637328615649,0.006523662096417526,-0.058381247235736566,0.009896063688633383
581,2010-10-20,Manchester United,Bursaspor,1,0,round : 3,C,Manchester United,Bursaspor,1,0,False,2010,3,Group,H,1,1,detailed_2005_2021,1640.734,1479.737,160.997,0.716,4,289,0.5294117647058824,1.8269896193771626,1.813148788927336,1.038062283737024,0.7750865051903114,1599.3,299,6,0.0,0.16666666666666666,0.3333333333333333,2.6666666666666665,-2.3333333333333335,1432.3,167.0,0.5294117647058824,1.660322952710496,1.4798154555940028,-1.6286043829296426
582,2010-10-20,Rangers,Valencia,1,1,round : 3,C,Rangers FC,Valencia CF,1,1,False,2010,3,Group,D,0,0,detailed_2005_2021,1488.613,1505.96,-17.347,0.475,26,131,0.3282442748091603,1.2213740458015268,1.3206106870229009,1.6564885496183206,-0.33587786259541985,1467.7,23,116,0.41379310344827586,1.5344827586206897,1.456896551724138,1.0775862068965518,0.3793103448275862,1535.9,-68.20000000000005,-0.08554882863911556,-0.31310871281916297,-0.13628586470123705,0.5789023427217688
583,2010-10-20,Barcelona,FC København,2,0,round : 3,D,FC Barcelona,FC København,2,0,False,2010,3,Group,H,1,2,detailed_2005_2021,1648.85,1502.247,146.603,0.699,3,341,0.5747800586510264,1.9501466275659824,1.9794721407624636,1.0439882697947214,0.9354838709677419,1628.8,79,44,0.25,1.0227272727272727,0.8863636363636364,1.5227272727272727,-0.6363636363636364,1445.3,183.5,0.32478005865102644,0.9274193548387097,1.0931085043988271,-0.47873900293255134
584,2010-10-20,Panathinaikos,Rubin Kazan,0,0,round : 3,D,Panathinaikos,Rubin Kazan,0,0,False,2010,3,Group,D,0,0,detailed_2005_2021,1465.237,1499.069,-33.832,0.451,30,127,0.28346456692913385,1.141732283464567,1.0866141732283463,1.3937007874015748,-0.30708661417322836,1457.2,155,12,0.16666666666666666,1.0,0.5,0.9166666666666666,-0.4166666666666667,1478.3,-21.09999999999991,0.1167979002624672,0.1417322834645669,0.5866141732283463,0.47703412073490814
593,2010-11-02,Tottenham,Inter,3,1,round : 4,A,Tottenham Hotspur,Inter Milan,3,1,False,2010,4,Group,H,1,2,detailed_2005_2021,1502.198,1603.17,-100.972,0.359,46,61,0.4426229508196721,1.540983606557377,1.819672131147541,1.4426229508196722,0.3770491803278688,1525.8,12,203,0.47783251231527096,1.6945812807881773,1.4088669950738917,1.0295566502463054,0.3793103448275862,1569.5,-43.700000000000045,-0.03520956149559884,-0.15359767423080029,0.4108051360736493,0.4130663005733668
594,2010-11-02,Werder Bremen,FC Twente,0,2,round : 4,A,Werder Bremen,FC Twente,0,2,False,2010,4,Group,A,0,-2,detailed_2005_2021,1482.751,1492.188,-9.437,0.486,51,60,0.38333333333333336,1.3833333333333333,1.6,1.65,-0.05,1500.0,212,6,0.16666666666666666,1.0,1.5,1.8333333333333333,-0.3333333333333333,1486.6,13.400000000000091,0.2166666666666667,0.3833333333333333,0.10000000000000009,-0.18333333333333335
595,2010-11-02,Hapoel Tel Aviv,FC Schalke 04,0,0,round : 4,B,Hapoel Tel Aviv,FC Schalke 04,0,0,False,2010,4,Group,D,0,0,detailed_2005_2021,1472.176,1502.276,-30.1,0.457,219,6,0.16666666666666666,0.8333333333333334,1.1666666666666667,1.6666666666666667,-0.5,1473.2,40,73,0.3972602739726027,1.4246575342465753,1.4383561643835616,1.5205479452054795,-0.0821917808219178,1507.5,-34.299999999999955,-0.23059360730593606,-0.5913242009132419,-0.2716894977168949,0.1461187214611872
596,2010-11-02,SL Benfica,Olympique Lyonnais,4,3,round : 4,B,SL Benfica,Olympique Lyon,4,3,False,2010,4,Group,H,1,1,detailed_2005_2021,1481.461,1581.958,-100.497,0.359,9,266,0.43609022556390975,1.537593984962406,1.6466165413533835,1.218045112781955,0.42857142857142855,1532.9,21,136,0.4264705882352941,1.5441176470588236,1.588235294117647,1.2279411764705883,0.3602941176470588,1535.8,-2.8999999999998636,0.009619637328615649,-0.006523662096417526,0.058381247235736566,-0.009896063688633383
597,2010-11-02,Bursaspor,Manchester United,0,3,round : 4,C,Bursaspor,Manchester United,0,3,False,2010,4,Group,A,0,-3,detailed_2005_2021,1474.066,1646.406,-172.34,0.271,299,6,0.0,0.16666666666666666,0.3333333333333333,2.6666666666666665,-2.3333333333333335,1432.3,4,289,0.5294117647058824,1.8269896193771626,1.813148788927336,1.038062283737024,0.7750865051903114,1599.3,-167.0,-0.5294117647058824,-1.660322952710496,-1.4798154555940028,1.6286043829296426
598,2010-11-02,Valencia,Rangers,3,0,round : 4,C,Valencia CF,Rangers FC,3,0,False,2010,4,Group,H,1,3,detailed_2005_2021,1505.461,1489.112,16.349,0.524,23,116,0.41379310344827586,1.5344827586206897,1.456896551724138,1.0775862068965518,0.3793103448275862,1535.9,26,131,0.3282442748091603,1.2213740458015268,1.3206106870229009,1.6564885496183206,-0.33587786259541985,1467.7,68.20000000000005,0.08554882863911556,0.31310871281916297,0.13628586470123705,-0.5789023427217688
599,2010-11-02,Rubin Kazan,Panathinaikos,0,0,round : 4,D,Rubin Kazan,Panathinaikos,0,0,False,2010,4,Group,D,0,0,detailed_2005_2021,1498.098,1466.208,31.891,0.546,155,12,0.16666666666666666,1.0,0.5,0.9166666666666666,-0.4166666666666667,1478.3,30,127,0.28346456692913385,1.141732283464567,1.0866141732283463,1.3937007874015748,-0.30708661417322836,1457.2,21.09999999999991,-0.1167979002624672,-0.1417322834645669,-0.5866141732283463,-0.47703412073490814
600,2010-11-02,FC København,Barcelona,1,1,round : 4,D,FC København,FC Barcelona,1,1,False,2010,4,Group,D,0,0,detailed_2005_2021,1496.233,1654.864,-158.631,0.286,79,44,0.25,1.0227272727272727,0.8863636363636364,1.5227272727272727,-0.6363636363636364,1445.3,3,341,0.5747800586510264,1.9501466275659824,1.9794721407624636,1.0439882697947214,0.9354838709677419,1628.8,-183.5,-0.32478005865102644,-0.9274193548387097,-1.0931085043988271,0.47873900293255134
601,2010-11-03,CFR Cluj,Bayern München,0,4,round : 4,E,CFR Cluj,Bayern Munich,0,4,False,2010,4,Group,A,0,-4,detailed_2005_2021,1475.372,1591.033,-115.661,0.339,128,18,0.2777777777777778,1.0,1.1111111111111112,1.5555555555555556,-0.4444444444444444,1454.0,2,388,0.595360824742268,1.9871134020618557,2.105670103092784,1.0051546391752575,1.1005154639175259,1636.0,-182.0,-0.31758304696449025,-0.9871134020618557,-0.9945589919816729,0.5504009163802981
602,2010-11-03,FC Basel,Roma,2,3,round : 4,E,FC Basel,AS Roma,2,3,False,2010,4,Group,A,0,-1,detailed_2005_2021,1463.283,1528.34,-65.057,0.407,41,82,0.35365853658536583,1.2439024390243902,1.3780487804878048,1.8170731707317076,-0.43902439024390244,1469.3,28,109,0.3761467889908257,1.3669724770642202,1.3669724770642202,1.4587155963302751,-0.09174311926605505,1497.3,-28.0,-0.022488252405459874,-0.12307003803982997,0.011076303423584566,0.35835757440143245
603,2010-11-03,Chelsea,Spartak Moscow,4,1,round : 4,F,Chelsea FC,Spartak Moskva,4,1,False,2010,4,Group,H,1,3,detailed_2005_2021,1617.322,1488.587,128.735,0.677,10,197,0.5126903553299492,1.8020304568527918,1.7106598984771573,0.934010152284264,0.7766497461928934,1593.5,34,104,0.3269230769230769,1.2019230769230769,1.4038461538461535,1.625,-0.22115384615384615,1463.4,130.0999999999999,0.1857672784068723,0.600107379929715,0.30681374463100375,-0.690989847715736
604,2010-11-03,MŠK Žilina,Olympique de Marseille,0,7,round : 4,F,MŠK Žilina,Olympique Marseille,0,7,False,2010,4,Group,A,0,-7,detailed_2005_2021,1472.048,1477.22,-5.172,0.493,345,6,0.0,0.0,0.5,3.1666666666666665,-2.6666666666666665,1418.4,29,110,0.39090909090909093,1.3363636363636364,1.4636363636363636,1.2727272727272727,0.19090909090909092,1484.0,-65.59999999999991,-0.39090909090909093,-1.3363636363636364,-0.9636363636363636,1.8939393939393938
605,2010-11-03,AJ Auxerre,Ajax,2,1,round : 4,G,AJ Auxerre,AFC Ajax,2,1,False,2010,4,Group,H,1,1,detailed_2005_2021,1472.827,1510.829,-38.001,0.446,115,20,0.35,1.1,0.8,1.5,-0.7,1456.3,11,215,0.46511627906976744,1.627906976744186,1.613953488372093,1.1255813953488372,0.4883720930232558,1552.1,-95.79999999999995,-0.11511627906976746,-0.527906976744186,-0.8139534883720929,0.37441860465116283
606,2010-11-03,Milan,Real Madrid,2,2,round : 4,G,AC Milan,Real Madrid,2,2,False,2010,4,Group,D,0,0,detailed_2005_2021,1538.902,1548.07,-9.168,0.487,6,265,0.47924528301886793,1.6981132075471699,1.6264150943396227,0.981132075471698,0.6452830188679245,1571.7,1,486,0.5987654320987654,1.97119341563786,2.213991769547325,1.117283950617284,1.0967078189300412,1630.0,-58.299999999999955,-0.1195201490798975,-0.2730802080906902,-0.5875766752077023,-0.13615187514558602
607,2010-11-03,FK Partizan,Sporting Braga,0,1,round : 4,H,Partizan,Sporting Braga,0,1,False,2010,4,Group,A,0,-1,detailed_2005_2021,1472.297,1492.33,-20.034,0.471,76,45,0.28888888888888886,1.0222222222222221,1.3555555555555556,1.6444444444444444,-0.28888888888888886,1435.1,140,18,0.2777777777777778,0.8888888888888888,1.0,2.0,-1.0,1435.3,-0.20000000000004547,0.011111111111111072,0.1333333333333333,0.3555555555555556,-0.3555555555555556
608,2010-11-03,Shakhtar Donetsk,Arsenal,2,1,round : 4,H,Shakhtar Donetsk,Arsenal FC,2,1,False,2010,4,Group,H,1,1,detailed_2005_2021,1493.083,1606.742,-113.659,0.342,31,118,0.3305084745762712,1.2118644067796611,1.3644067796610169,1.7627118644067796,-0.3983050847457627,1464.6,13,197,0.4720812182741117,1.6395939086294415,1.6446700507614214,1.1472081218274113,0.49746192893401014,1553.2,-88.60000000000014,-0.1415727436978405,-0.4277295018497804,-0.2802632711004045,0.6155037425793684
617,2010-11-23,FC Basel,CFR Cluj,1,0,round : 5,E,FC Basel,CFR Cluj,1,0,False,2010,5,Group,H,1,1,detailed_2005_2021,1455.134,1468.583,-13.449,0.481,41,82,0.35365853658536583,1.2439024390243902,1.3780487804878048,1.8170731707317076,-0.43902439024390244,1469.3,128,18,0.2777777777777778,1.0,1.1111111111111112,1.5555555555555556,-0.4444444444444444,1454.0,15.299999999999955,0.07588075880758804,0.24390243902439024,0.2669376693766936,0.261517615176152
618,2010-11-23,Roma,Bayern München,3,2,round : 5,E,AS Roma,Bayern Munich,3,2,False,2010,5,Group,H,1,1,detailed_2005_2021,1536.489,1597.822,-61.333,0.413,28,109,0.3761467889908257,1.3669724770642202,1.3669724770642202,1.4587155963302751,-0.09174311926605505,1497.3,2,388,0.595360824742268,1.9871134020618557,2.105670103092784,1.0051546391752575,1.1005154639175259,1636.0,-138.70000000000005,-0.21921403575144233,-0.6201409249976355,-0.7386976260285638,0.45356095715501765
619,2010-11-23,Spartak Moscow,Olympique de Marseille,0,3,round : 5,F,Spartak Moskva,Olympique Marseille,0,3,False,2010,5,Group,A,0,-3,detailed_2005_2021,1482.131,1487.071,-4.94,0.493,34,104,0.3269230769230769,1.2019230769230769,1.4038461538461535,1.625,-0.22115384615384615,1463.4,29,110,0.39090909090909093,1.3363636363636364,1.4636363636363636,1.2727272727272727,0.19090909090909092,1484.0,-20.59999999999991,-0.063986013986014,-0.13444055944055955,-0.0597902097902101,0.3522727272727273
620,2010-11-23,Chelsea,MŠK Žilina,2,1,round : 5,F,Chelsea FC,MŠK Žilina,2,1,False,2010,5,Group,H,1,1,detailed_2005_2021,1623.778,1462.196,161.581,0.717,10,197,0.5126903553299492,1.8020304568527918,1.7106598984771573,0.934010152284264,0.7766497461928934,1593.5,345,6,0.0,0.0,0.5,3.1666666666666665,-2.6666666666666665,1418.4,175.0999999999999,0.5126903553299492,1.8020304568527918,1.2106598984771573,-2.2326565143824024
621,2010-11-23,AJ Auxerre,Milan,0,2,round : 5,G,AJ Auxerre,AC Milan,0,2,False,2010,5,Group,A,0,-2,detailed_2005_2021,1483.917,1539.166,-55.249,0.421,115,20,0.35,1.1,0.8,1.5,-0.7,1456.3,6,265,0.47924528301886793,1.6981132075471699,1.6264150943396227,0.981132075471698,0.6452830188679245,1571.7,-115.40000000000009,-0.12924528301886795,-0.5981132075471698,-0.8264150943396227,0.518867924528302
622,2010-11-23,Ajax,Real Madrid,0,4,round : 5,G,AFC Ajax,Real Madrid,0,4,False,2010,5,Group,A,0,-4,detailed_2005_2021,1499.739,1547.806,-48.067,0.431,11,215,0.46511627906976744,1.627906976744186,1.613953488372093,1.1255813953488372,0.4883720930232558,1552.1,1,486,0.5987654320987654,1.97119341563786,2.213991769547325,1.117283950617284,1.0967078189300412,1630.0,-77.90000000000009,-0.133649153028998,-0.34328643889367405,-0.6000382811752321,0.008297444731553139
623,2010-11-23,FK Partizan,Shakhtar Donetsk,0,3,round : 5,H,Partizan,Shakhtar Donetsk,0,3,False,2010,5,Group,A,0,-3,detailed_2005_2021,1462.872,1506.243,-43.37,0.438,76,45,0.28888888888888886,1.0222222222222221,1.3555555555555556,1.6444444444444444,-0.28888888888888886,1435.1,31,118,0.3305084745762712,1.2118644067796611,1.3644067796610169,1.7627118644067796,-0.3983050847457627,1464.6,-29.5,-0.04161958568738233,-0.18964218455743898,-0.008851224105461242,-0.11826741996233525
624,2010-11-23,Sporting Braga,Arsenal,2,0,round : 5,H,Sporting Braga,Arsenal FC,2,0,False,2010,5,Group,H,1,2,detailed_2005_2021,1501.754,1593.583,-91.828,0.371,140,18,0.2777777777777778,0.8888888888888888,1.0,2.0,-1.0,1435.3,13,197,0.4720812182741117,1.6395939086294415,1.6446700507614214,1.1472081218274113,0.49746192893401014,1553.2,-117.90000000000009,-0.1943034404963339,-0.7507050197405527,-0.6446700507614214,0.8527918781725887
609,2010-11-24,Inter,FC Twente,1,0,round : 5,A,Inter Milan,FC Twente,1,0,False,2010,5,Group,H,1,1,detailed_2005_2021,1590.343,1501.917,88.426,0.625,12,203,0.47783251231527096,1.6945812807881773,1.4088669950738917,1.0295566502463054,0.3793103448275862,1569.5,212,6,0.16666666666666666,1.0,1.5,1.8333333333333333,-0.3333333333333333,1486.6,82.90000000000009,0.3111658456486043,0.6945812807881773,-0.09113300492610832,-0.8037766830870279
610,2010-11-24,Tottenham,Werder Bremen,3,0,round : 5,A,Tottenham Hotspur,Werder Bremen,3,0,False,2010,5,Group,H,1,3,detailed_2005_2021,1515.025,1473.023,42.002,0.56,46,61,0.4426229508196721,1.540983606557377,1.819672131147541,1.4426229508196722,0.3770491803278688,1525.8,51,60,0.38333333333333336,1.3833333333333333,1.6,1.65,-0.05,1500.0,25.799999999999955,0.059289617486338764,0.15765027322404368,0.21967213114754092,-0.20737704918032773
611,2010-11-24,FC Schalke 04,Olympique Lyonnais,3,0,round : 5,B,FC Schalke 04,Olympique Lyon,3,0,False,2010,5,Group,H,1,3,detailed_2005_2021,1501.412,1569.144,-67.732,0.404,40,73,0.3972602739726027,1.4246575342465753,1.4383561643835616,1.5205479452054795,-0.0821917808219178,1507.5,21,136,0.4264705882352941,1.5441176470588236,1.588235294117647,1.2279411764705883,0.3602941176470588,1535.8,-28.299999999999955,-0.029210314262691384,-0.11946011281224833,-0.14987912973408535,0.2926067687348912
612,2010-11-24,Hapoel Tel Aviv,SL Benfica,3,0,round : 5,B,Hapoel Tel Aviv,SL Benfica,3,0,False,2010,5,Group,H,1,3,detailed_2005_2021,1473.04,1494.275,-21.236,0.469,219,6,0.16666666666666666,0.8333333333333334,1.1666666666666667,1.6666666666666667,-0.5,1473.2,9,266,0.43609022556390975,1.537593984962406,1.6466165413533835,1.218045112781955,0.42857142857142855,1532.9,-59.700000000000045,-0.2694235588972431,-0.7042606516290727,-0.4799498746867168,0.4486215538847118
613,2010-11-24,Rangers,Manchester United,0,1,round : 5,C,Rangers FC,Manchester United,0,1,False,2010,5,Group,A,0,-1,detailed_2005_2021,1479.582,1651.816,-172.234,0.271,26,131,0.3282442748091603,1.2213740458015268,1.3206106870229009,1.6564885496183206,-0.33587786259541985,1467.7,4,289,0.5294117647058824,1.8269896193771626,1.813148788927336,1.038062283737024,0.7750865051903114,1599.3,-131.5999999999999,-0.20116748989672206,-0.6056155735756359,-0.49253810190443525,0.6184262658812967
614,2010-11-24,Valencia,Bursaspor,6,1,round : 5,C,Valencia CF,Bursaspor,6,1,False,2010,5,Group,H,1,5,detailed_2005_2021,1514.991,1468.656,46.335,0.566,23,116,0.41379310344827586,1.5344827586206897,1.456896551724138,1.0775862068965518,0.3793103448275862,1535.9,299,6,0.0,0.16666666666666666,0.3333333333333333,2.6666666666666665,-2.3333333333333335,1432.3,103.60000000000014,0.41379310344827586,1.367816091954023,1.1235632183908046,-1.5890804597701147
615,2010-11-24,Rubin Kazan,FC København,1,0,round : 5,D,Rubin Kazan,FC København,1,0,False,2010,5,Group,H,1,1,detailed_2005_2021,1497.183,1500.506,-3.323,0.495,155,12,0.16666666666666666,1.0,0.5,0.9166666666666666,-0.4166666666666667,1478.3,79,44,0.25,1.0227272727272727,0.8863636363636364,1.5227272727272727,-0.6363636363636364,1445.3,33.0,-0.08333333333333334,-0.022727272727272707,-0.38636363636363635,-0.6060606060606061
616,2010-11-24,Panathinaikos,Barcelona,0,3,round : 5,D,Panathinaikos,FC Barcelona,0,3,False,2010,5,Group,A,0,-3,detailed_2005_2021,1467.123,1650.591,-183.468,0.258,30,127,0.28346456692913385,1.141732283464567,1.0866141732283463,1.3937007874015748,-0.30708661417322836,1457.2,3,341,0.5747800586510264,1.9501466275659824,1.9794721407624636,1.0439882697947214,0.9354838709677419,1628.8,-171.5999999999999,-0.2913154917218926,-0.8084143441014155,-0.8928579675341173,0.3497125176068534
625,2011-02-15,Milan,Tottenham,0,1,round : 18,,AC Milan,Tottenham Hotspur,0,1,False,2010,18,Knockout,A,0,-1,detailed_2005_2021,1547.589,1523.822,23.767,0.534,6,265,0.47924528301886793,1.6981132075471699,1.6264150943396227,0.981132075471698,0.6452830188679245,1571.7,46,61,0.4426229508196721,1.540983606557377,1.819672131147541,1.4426229508196722,0.3770491803278688,1525.8,45.90000000000009,0.036622332199195806,0.1571296009897929,-0.19325703680791828,-0.46149087534797417
626,2011-02-15,Valencia,FC Schalke 04,1,1,round : 18,,Valencia CF,FC Schalke 04,1,1,False,2010,18,Knockout,D,0,0,detailed_2005_2021,1523.665,1513.337,10.328,0.515,23,116,0.41379310344827586,1.5344827586206897,1.456896551724138,1.0775862068965518,0.3793103448275862,1535.9,40,73,0.3972602739726027,1.4246575342465753,1.4383561643835616,1.5205479452054795,-0.0821917808219178,1507.5,28.40000000000009,0.01653282947567314,0.10982522437411446,0.01854038734057628,-0.4429617383089277
627,2011-02-16,Arsenal,Barcelona,2,1,round : 18,,Arsenal FC,FC Barcelona,2,1,False,2010,18,Knockout,H,1,1,detailed_2005_2021,1581.0,1655.752,-74.753,0.394,13,197,0.4720812182741117,1.6395939086294415,1.6446700507614214,1.1472081218274113,0.49746192893401014,1553.2,3,341,0.5747800586510264,1.9501466275659824,1.9794721407624636,1.0439882697947214,0.9354838709677419,1628.8,-75.59999999999991,-0.10269884037691474,-0.3105527189365409,-0.3348020900010422,0.10321985203268991
628,2011-02-16,Roma,Shakhtar Donetsk,2,3,round : 18,,AS Roma,Shakhtar Donetsk,2,3,False,2010,18,Knockout,A,0,-1,detailed_2005_2021,1548.236,1515.001,33.235,0.548,28,109,0.3761467889908257,1.3669724770642202,1.3669724770642202,1.4587155963302751,-0.09174311926605505,1497.3,31,118,0.3305084745762712,1.2118644067796611,1.3644067796610169,1.7627118644067796,-0.3983050847457627,1464.6,32.700000000000045,0.045638314414554515,0.15510807028455909,0.0025656974032033375,-0.3039962680765045
629,2011-02-22,FC København,Chelsea,0,2,round : 18,,FC København,Chelsea FC,0,2,False,2010,18,Knockout,A,0,-2,detailed_2005_2021,1490.41,1629.435,-139.025,0.31,79,44,0.25,1.0227272727272727,0.8863636363636364,1.5227272727272727,-0.6363636363636364,1445.3,10,197,0.5126903553299492,1.8020304568527918,1.7106598984771573,0.934010152284264,0.7766497461928934,1593.5,-148.20000000000005,-0.2626903553299492,-0.7793031841255191,-0.8242962621135209,0.5887171204430087
630,2011-02-22,Olympique Lyonnais,Real Madrid,1,1,round : 18,,Olympique Lyon,Real Madrid,1,1,False,2010,18,Knockout,D,0,0,detailed_2005_2021,1557.219,1556.432,0.787,0.501,21,136,0.4264705882352941,1.5441176470588236,1.588235294117647,1.2279411764705883,0.3602941176470588,1535.8,1,486,0.5987654320987654,1.97119341563786,2.213991769547325,1.117283950617284,1.0967078189300412,1630.0,-94.20000000000005,-0.17229484386347133,-0.4270757685790365,-0.625756475429678,0.11065722585330429
631,2011-02-23,Inter,Bayern München,0,1,round : 18,,Inter Milan,Bayern Munich,0,1,False,2010,18,Knockout,A,0,-1,detailed_2005_2021,1597.851,1586.074,11.777,0.517,12,203,0.47783251231527096,1.6945812807881773,1.4088669950738917,1.0295566502463054,0.3793103448275862,1569.5,2,388,0.595360824742268,1.9871134020618557,2.105670103092784,1.0051546391752575,1.1005154639175259,1636.0,-66.5,-0.11752831242699707,-0.29253212127367845,-0.6968031080188923,0.02440201107104789
632,2011-02-23,Olympique de Marseille,Manchester United,0,0,round : 18,,Olympique Marseille,Manchester United,0,0,False,2010,18,Knockout,D,0,0,detailed_2005_2021,1496.929,1657.228,-160.3,0.284,29,110,0.39090909090909093,1.3363636363636364,1.4636363636363636,1.2727272727272727,0.19090909090909092,1484.0,4,289,0.5294117647058824,1.8269896193771626,1.813148788927336,1.038062283737024,0.7750865051903114,1599.3,-115.29999999999995,-0.13850267379679143,-0.4906259830135262,-0.3495124252909725,0.2346649889902488
633,2011-03-08,Barcelona,Arsenal,3,1,round : 18,,FC Barcelona,Arsenal FC,3,1,False,2010,18,Knockout,H,1,2,detailed_2005_2021,1643.633,1593.119,50.515,0.572,3,341,0.5747800586510264,1.9501466275659824,1.9794721407624636,1.0439882697947214,0.9354838709677419,1628.8,13,197,0.4720812182741117,1.6395939086294415,1.6446700507614214,1.1472081218274113,0.49746192893401014,1553.2,75.59999999999991,0.10269884037691474,0.3105527189365409,0.3348020900010422,-0.10321985203268991
634,2011-03-08,Shakhtar Donetsk,Roma,3,0,round : 18,,Shakhtar Donetsk,AS Roma,3,0,False,2010,18,Knockout,H,1,3,detailed_2005_2021,1525.955,1537.283,-11.328,0.484,31,118,0.3305084745762712,1.2118644067796611,1.3644067796610169,1.7627118644067796,-0.3983050847457627,1464.6,28,109,0.3761467889908257,1.3669724770642202,1.3669724770642202,1.4587155963302751,-0.09174311926605505,1497.3,-32.700000000000045,-0.045638314414554515,-0.15510807028455909,-0.0025656974032033375,0.3039962680765045
635,2011-03-09,FC Schalke 04,Valencia,3,1,round : 18,,FC Schalke 04,Valencia CF,3,1,False,2010,18,Knockout,H,1,2,detailed_2005_2021,1513.634,1523.368,-9.734,0.486,40,73,0.3972602739726027,1.4246575342465753,1.4383561643835616,1.5205479452054795,-0.0821917808219178,1507.5,23,116,0.41379310344827586,1.5344827586206897,1.456896551724138,1.0775862068965518,0.3793103448275862,1535.9,-28.40000000000009,-0.01653282947567314,-0.10982522437411446,-0.01854038734057628,0.4429617383089277
636,2011-03-09,Tottenham,Milan,0,0,round : 18,,Tottenham Hotspur,AC Milan,0,0,False,2010,18,Knockout,D,0,0,detailed_2005_2021,1534.505,1536.906,-2.401,0.497,46,61,0.4426229508196721,1.540983606557377,1.819672131147541,1.4426229508196722,0.3770491803278688,1525.8,6,265,0.47924528301886793,1.6981132075471699,1.6264150943396227,0.981132075471698,0.6452830188679245,1571.7,-45.90000000000009,-0.036622332199195806,-0.1571296009897929,0.19325703680791828,0.46149087534797417
637,2011-03-15,Bayern München,Inter,2,3,round : 18,,Bayern Munich,Inter Milan,2,3,False,2010,18,Knockout,A,0,-1,detailed_2005_2021,1596.413,1587.513,8.901,0.513,2,388,0.595360824742268,1.9871134020618557,2.105670103092784,1.0051546391752575,1.1005154639175259,1636.0,12,203,0.47783251231527096,1.6945812807881773,1.4088669950738917,1.0295566502463054,0.3793103448275862,1569.5,66.5,0.11752831242699707,0.29253212127367845,0.6968031080188923,-0.02440201107104789
638,2011-03-15,Manchester United,Olympique de Marseille,2,1,round : 18,,Manchester United,Olympique Marseille,2,1,False,2010,18,Knockout,H,1,1,detailed_2005_2021,1652.916,1501.241,151.675,0.705,4,289,0.5294117647058824,1.8269896193771626,1.813148788927336,1.038062283737024,0.7750865051903114,1599.3,29,110,0.39090909090909093,1.3363636363636364,1.4636363636363636,1.2727272727272727,0.19090909090909092,1484.0,115.29999999999995,0.13850267379679143,0.4906259830135262,0.3495124252909725,-0.2346649889902488
639,2011-03-16,Chelsea,FC København,0,0,round : 18,,Chelsea FC,FC København,0,0,False,2010,18,Knockout,D,0,0,detailed_2005_2021,1635.635,1484.211,151.424,0.705,10,197,0.5126903553299492,1.8020304568527918,1.7106598984771573,0.934010152284264,0.7766497461928934,1593.5,79,44,0.25,1.0227272727272727,0.8863636363636364,1.5227272727272727,-0.6363636363636364,1445.3,148.20000000000005,0.2626903553299492,0.7793031841255191,0.8242962621135209,-0.5887171204430087
640,2011-03-16,Real Madrid,Olympique Lyonnais,3,0,round : 18,,Real Madrid,Olympique Lyon,3,0,False,2010,18,Knockout,H,1,3,detailed_2005_2021,1556.454,1557.196,-0.742,0.499,1,486,0.5987654320987654,1.97119341563786,2.213991769547325,1.117283950617284,1.0967078189300412,1630.0,21,136,0.4264705882352941,1.5441176470588236,1.588235294117647,1.2279411764705883,0.3602941176470588,1535.8,94.20000000000005,0.17229484386347133,0.4270757685790365,0.625756475429678,-0.11065722585330429
641,2011-04-05,Inter,FC Schalke 04,2,5,round : quarterfinals,,Inter Milan,FC Schalke 04,2,5,False,2010,quarterfinals,Knockout,A,0,-3,detailed_2005_2021,1597.769,1523.914,73.854,0.605,12,203,0.47783251231527096,1.6945812807881773,1.4088669950738917,1.0295566502463054,0.3793103448275862,1569.5,40,73,0.3972602739726027,1.4246575342465753,1.4383561643835616,1.5205479452054795,-0.0821917808219178,1507.5,62.0,0.08057223834266825,0.269923746541602,-0.029489169309669938,-0.49099129495917415
642,2011-04-05,Real Madrid,Tottenham,4,0,round : quarterfinals,,Real Madrid,Tottenham Hotspur,4,0,False,2010,quarterfinals,Knockout,H,1,4,detailed_2005_2021,1566.476,1534.574,31.902,0.546,1,486,0.5987654320987654,1.97119341563786,2.213991769547325,1.117283950617284,1.0967078189300412,1630.0,46,61,0.4426229508196721,1.540983606557377,1.819672131147541,1.4426229508196722,0.3770491803278688,1525.8,104.20000000000005,0.1561424812790933,0.4302098090804831,0.394319638399784,-0.32533900020238815
643,2011-04-06,Barcelona,Shakhtar Donetsk,5,1,round : quarterfinals,,FC Barcelona,Shakhtar Donetsk,5,1,False,2010,quarterfinals,Knockout,H,1,4,detailed_2005_2021,1652.19,1536.281,115.909,0.661,3,341,0.5747800586510264,1.9501466275659824,1.9794721407624636,1.0439882697947214,0.9354838709677419,1628.8,31,118,0.3305084745762712,1.2118644067796611,1.3644067796610169,1.7627118644067796,-0.3983050847457627,1464.6,164.20000000000005,0.24427158407475524,0.7382822207863213,0.6150653611014467,-0.7187235946120583
644,2011-04-06,Chelsea,Manchester United,0,1,round : quarterfinals,,Chelsea FC,Manchester United,0,1,False,2010,quarterfinals,Knockout,A,0,-1,detailed_2005_2021,1631.533,1658.809,-27.276,0.461,10,197,0.5126903553299492,1.8020304568527918,1.7106598984771573,0.934010152284264,0.7766497461928934,1593.5,4,289,0.5294117647058824,1.8269896193771626,1.813148788927336,1.038062283737024,0.7750865051903114,1599.3,-5.7999999999999545,-0.01672140937593314,-0.024959162524370804,-0.10248889045017884,-0.10405213145275993
645,2011-04-12,Manchester United,Chelsea,2,1,round : quarterfinals,,Manchester United,Chelsea FC,2,1,False,2010,quarterfinals,Knockout,H,1,1,detailed_2005_2021,1668.025,1622.316,45.709,0.565,4,289,0.5294117647058824,1.8269896193771626,1.813148788927336,1.038062283737024,0.7750865051903114,1599.3,10,197,0.5126903553299492,1.8020304568527918,1.7106598984771573,0.934010152284264,0.7766497461928934,1593.5,5.7999999999999545,0.01672140937593314,0.024959162524370804,0.10248889045017884,0.10405213145275993
646,2011-04-12,Shakhtar Donetsk,Barcelona,0,1,round : quarterfinals,,Shakhtar Donetsk,FC Barcelona,0,1,False,2010,quarterfinals,Knockout,A,0,-1,detailed_2005_2021,1529.498,1658.972,-129.474,0.322,31,118,0.3305084745762712,1.2118644067796611,1.3644067796610169,1.7627118644067796,-0.3983050847457627,1464.6,3,341,0.5747800586510264,1.9501466275659824,1.9794721407624636,1.0439882697947214,0.9354838709677419,1628.8,-164.20000000000005,-0.24427158407475524,-0.7382822207863213,-0.6150653611014467,0.7187235946120583
647,2011-04-13,FC Schalke 04,Inter,2,1,round : quarterfinals,,FC Schalke 04,Inter Milan,2,1,False,2010,quarterfinals,Knockout,H,1,1,detailed_2005_2021,1536.008,1585.674,-49.666,0.429,40,73,0.3972602739726027,1.4246575342465753,1.4383561643835616,1.5205479452054795,-0.0821917808219178,1507.5,12,203,0.47783251231527096,1.6945812807881773,1.4088669950738917,1.0295566502463054,0.3793103448275862,1569.5,-62.0,-0.08057223834266825,-0.269923746541602,0.029489169309669938,0.49099129495917415
648,2011-04-13,Tottenham,Real Madrid,0,1,round : quarterfinals,,Tottenham Hotspur,Real Madrid,0,1,False,2010,quarterfinals,Knockout,A,0,-1,detailed_2005_2021,1525.49,1575.56,-50.07,0.428,46,61,0.4426229508196721,1.540983606557377,1.819672131147541,1.4426229508196722,0.3770491803278688,1525.8,1,486,0.5987654320987654,1.97119341563786,2.213991769547325,1.117283950617284,1.0967078189300412,1630.0,-104.20000000000005,-0.1561424812790933,-0.4302098090804831,-0.394319638399784,0.32533900020238815
649,2011-04-26,FC Schalke 04,Manchester United,0,2,round : semifinals,,FC Schalke 04,Manchester United,0,2,False,2010,semifinals,Knockout,A,0,-2,detailed_2005_2021,1547.428,1676.717,-129.289,0.322,40,73,0.3972602739726027,1.4246575342465753,1.4383561643835616,1.5205479452054795,-0.0821917808219178,1507.5,4,289,0.5294117647058824,1.8269896193771626,1.813148788927336,1.038062283737024,0.7750865051903114,1599.3,-91.79999999999995,-0.13215149073327964,-0.4023320851305874,-0.3747926245437745,0.4824856614684556
650,2011-04-27,Real Madrid,Barcelona,0,2,round : semifinals,,Real Madrid,FC Barcelona,0,2,False,2010,semifinals,Knockout,A,0,-2,detailed_2005_2021,1584.129,1665.409,-81.28,0.385,1,486,0.5987654320987654,1.97119341563786,2.213991769547325,1.117283950617284,1.0967078189300412,1630.0,3,341,0.5747800586510264,1.9501466275659824,1.9794721407624636,1.0439882697947214,0.9354838709677419,1628.8,1.2000000000000455,0.02398537344773899,0.021046788071877653,0.23451962878486143,0.07329568082256266
651,2011-05-03,Barcelona,Real Madrid,1,1,round : semifinals,,FC Barcelona,Real Madrid,1,1,False,2010,semifinals,Knockout,D,0,0,detailed_2005_2021,1673.111,1576.427,96.685,0.636,3,341,0.5747800586510264,1.9501466275659824,1.9794721407624636,1.0439882697947214,0.9354838709677419,1628.8,1,486,0.5987654320987654,1.97119341563786,2.213991769547325,1.117283950617284,1.0967078189300412,1630.0,-1.2000000000000455,-0.02398537344773899,-0.021046788071877653,-0.23451962878486143,-0.07329568082256266
652,2011-05-04,Manchester United,FC Schalke 04,4,1,round : semifinals,,Manchester United,FC Schalke 04,4,1,False,2010,semifinals,Knockout,H,1,3,detailed_2005_2021,1683.159,1540.987,142.172,0.694,4,289,0.5294117647058824,1.8269896193771626,1.813148788927336,1.038062283737024,0.7750865051903114,1599.3,40,73,0.3972602739726027,1.4246575342465753,1.4383561643835616,1.5205479452054795,-0.0821917808219178,1507.5,91.79999999999995,0.13215149073327964,0.4023320851305874,0.3747926245437745,-0.4824856614684556
653,2011-05-28,Barcelona,Manchester United,3,1,round : final,,FC Barcelona,Manchester United,3,1,False,2010,final,Knockout,H,1,2,detailed_2005_2021,1670.398,1689.281,-18.883,0.473,3,341,0.5747800586510264,1.9501466275659824,1.9794721407624636,1.0439882697947214,0.9354838709677419,1628.8,4,289,0.5294117647058824,1.8269896193771626,1.813148788927336,1.038062283737024,0.7750865051903114,1599.3,29.5,0.04536829394514408,0.1231570081888198,0.16632335183512748,0.005925986057697452
662,2011-09-13,Chelsea,Bayer 04 Leverkusen,2,0,round : 1,E,Chelsea FC,Bayer Leverkusen,2,0,False,2011,1,Group,H,1,2,detailed_2005_2021,1613.624,1500.0,113.624,0.658,10,197,0.5126903553299492,1.8020304568527918,1.7106598984771573,0.934010152284264,0.7766497461928934,1593.5,32,107,0.34579439252336447,1.2710280373831775,1.383177570093458,1.6355140186915889,-0.2523364485981308,1478.1,115.40000000000009,0.16689596280658475,0.5310024194696144,0.3274823283836992,-0.7015038664073249
663,2011-09-13,KRC Genk,Valencia,0,0,round : 1,E,KRC Genk,Valencia CF,0,0,False,2011,1,Group,D,0,0,detailed_2005_2021,1500.0,1513.088,-13.088,0.481,191,18,0.0,0.4444444444444444,0.5,2.5,-2.0,1406.4,23,116,0.41379310344827586,1.5344827586206897,1.456896551724138,1.0775862068965518,0.3793103448275862,1535.9,-129.5,-0.41379310344827586,-1.0900383141762453,-0.9568965517241379,1.4224137931034482
664,2011-09-13,Borussia Dortmund,Arsenal,1,1,round : 1,F,Borussia Dortmund,Arsenal FC,1,1,False,2011,1,Group,D,0,0,detailed_2005_2021,1500.0,1584.562,-84.562,0.381,14,176,0.4715909090909091,1.6193181818181819,1.6875,1.2613636363636365,0.42613636363636365,1546.4,13,197,0.4720812182741117,1.6395939086294415,1.6446700507614214,1.1472081218274113,0.49746192893401014,1553.2,-6.7999999999999545,-0.0004903091832025863,-0.020275726811259664,0.042829949238578635,0.11415551453622519
665,2011-09-13,Olympiacos,Olympique de Marseille,0,1,round : 1,F,Olympiakos Piraeus,Olympique Marseille,0,1,False,2011,1,Group,A,0,-1,detailed_2005_2021,1447.231,1495.349,-48.118,0.431,25,156,0.30128205128205127,1.0833333333333333,1.1282051282051282,1.698717948717949,-0.5705128205128205,1432.0,29,110,0.39090909090909093,1.3363636363636364,1.4636363636363636,1.2727272727272727,0.19090909090909092,1484.0,-52.0,-0.08962703962703966,-0.25303030303030316,-0.33543123543123543,0.4259906759906762
666,2011-09-13,APOEL Nicosia,Zenit St. Petersburg,2,1,round : 1,G,APOEL Nikosia,Zenit St. Petersburg,2,1,False,2011,1,Group,H,1,1,detailed_2005_2021,1476.629,1493.639,-17.01,0.476,103,40,0.125,0.65,0.675,2.05,-1.375,1386.1,56,64,0.328125,1.203125,1.1875,1.421875,-0.234375,1466.8,-80.70000000000005,-0.203125,-0.553125,-0.5125,0.6281249999999998
667,2011-09-13,FC Porto,Shakhtar Donetsk,2,1,round : 1,G,FC Porto,Shakhtar Donetsk,2,1,False,2011,1,Group,H,1,1,detailed_2005_2021,1529.175,1523.061,6.114,0.509,8,265,0.4528301886792453,1.5773584905660378,1.4792452830188678,1.1547169811320754,0.32452830188679244,1540.4,31,118,0.3305084745762712,1.2118644067796611,1.3644067796610169,1.7627118644067796,-0.3983050847457627,1464.6,75.80000000000018,0.1223217141029741,0.3654940837863767,0.11483850335785095,-0.6079948832747042
668,2011-09-13,Barcelona,Milan,2,2,round : 1,H,FC Barcelona,AC Milan,2,2,False,2011,1,Group,D,0,0,detailed_2005_2021,1680.941,1536.837,144.104,0.696,3,341,0.5747800586510264,1.9501466275659824,1.9794721407624636,1.0439882697947214,0.9354838709677419,1628.8,6,265,0.47924528301886793,1.6981132075471699,1.6264150943396227,0.981132075471698,0.6452830188679245,1571.7,57.09999999999991,0.09553477563215851,0.25203342001881257,0.35305704642284086,0.06285619432302336
669,2011-09-13,Viktoria Plzeň,BATE Borisov,1,1,round : 1,H,Viktoria Plzeň,BATE Borisov,1,1,False,2011,1,Group,D,0,0,detailed_2005_2021,1500.0,1471.852,28.148,0.54,145,24,0.16666666666666666,0.625,0.9583333333333334,2.875,-1.9166666666666667,1394.2,125,30,0.13333333333333333,0.6333333333333333,0.7333333333333333,2.466666666666667,-1.7333333333333334,1392.5,1.7000000000000455,0.033333333333333326,-0.008333333333333304,0.2250000000000001,0.4083333333333332
654,2011-09-14,Manchester City,Napoli,1,1,round : 1,A,Manchester City,SSC Napoli,1,1,False,2011,1,Group,D,0,0,detailed_2005_2021,1500.0,1500.0,0.0,0.5,17,127,0.5669291338582677,1.905511811023622,2.118110236220472,1.1496062992125984,0.968503937007874,1604.7,39,66,0.45454545454545453,1.621212121212121,1.7121212121212122,1.2575757575757576,0.45454545454545453,1544.7,60.0,0.11238367931281318,0.2842996898115009,0.40598902409925963,-0.10796945836315919
655,2011-09-14,Villarreal,Bayern München,0,2,round : 1,A,Villarreal CF,Bayern Munich,0,2,False,2011,1,Group,A,0,-2,detailed_2005_2021,1527.822,1586.157,-58.335,0.417,72,40,0.275,1.2,1.075,1.25,-0.175,1482.6,2,388,0.595360824742268,1.9871134020618557,2.105670103092784,1.0051546391752575,1.1005154639175259,1636.0,-153.4000000000001,-0.320360824742268,-0.7871134020618558,-1.030670103092784,0.2448453608247425
656,2011-09-14,Inter,Trabzonspor,0,1,round : 1,B,Inter Milan,Trabzonspor,0,1,False,2011,1,Group,A,0,-1,detailed_2005_2021,1574.255,1500.0,74.255,0.605,12,203,0.47783251231527096,1.6945812807881773,1.4088669950738917,1.0295566502463054,0.3793103448275862,1569.5,101,20,0.35,1.3,0.75,1.2,-0.45,1491.3,78.20000000000005,0.12783251231527099,0.3945812807881772,0.6588669950738917,-0.17044334975369457
657,2011-09-14,Lille OSC,CSKA Moscow,2,2,round : 1,B,Lille OSC,CSKA Moskva,2,2,False,2011,1,Group,D,0,0,detailed_2005_2021,1478.858,1482.495,-3.637,0.495,82,46,0.1956521739130435,0.9130434782608695,0.8260869565217391,1.2391304347826086,-0.41304347826086957,1430.7,47,86,0.26744186046511625,1.0348837209302326,1.1395348837209305,1.6395348837209305,-0.5,1433.7,-3.0,-0.07178968655207277,-0.12184024266936311,-0.31344792719919135,-0.40040444893832183
658,2011-09-14,FC Basel,SC Oțelul Galați,2,1,round : 1,C,FC Basel,Oţelul Galaţi,2,1,False,2011,1,Group,H,1,1,detailed_2005_2021,1465.521,1500.0,-34.479,0.451,41,82,0.35365853658536583,1.2439024390243902,1.3780487804878048,1.8170731707317076,-0.43902439024390244,1469.3,336,6,0.0,0.0,0.5,1.8333333333333333,-1.3333333333333333,1418.4,50.899999999999864,0.35365853658536583,1.2439024390243902,0.8780487804878048,-0.01626016260162566
659,2011-09-14,SL Benfica,Manchester United,1,1,round : 1,C,SL Benfica,Manchester United,1,1,False,2011,1,Group,D,0,0,detailed_2005_2021,1483.665,1678.738,-195.073,0.245,9,266,0.43609022556390975,1.537593984962406,1.6466165413533835,1.218045112781955,0.42857142857142855,1532.9,4,289,0.5294117647058824,1.8269896193771626,1.813148788927336,1.038062283737024,0.7750865051903114,1599.3,-66.39999999999986,-0.09332153914197261,-0.2893956344147566,-0.16653224757395257,0.17998282904493101
660,2011-09-14,Ajax,Olympique Lyonnais,0,0,round : 1,D,AFC Ajax,Olympique Lyon,0,0,False,2011,1,Group,D,0,0,detailed_2005_2021,1491.114,1547.175,-56.06,0.42,11,215,0.46511627906976744,1.627906976744186,1.613953488372093,1.1255813953488372,0.4883720930232558,1552.1,21,136,0.4264705882352941,1.5441176470588236,1.588235294117647,1.2279411764705883,0.3602941176470588,1535.8,16.299999999999955,0.038645690834473334,0.08378932968536246,0.025718194254445992,-0.10235978112175115
661,2011-09-14,GNK Dinamo Zagreb,Real Madrid,0,1,round : 1,D,Dinamo Zagreb,Real Madrid,0,1,False,2011,1,Group,A,0,-1,detailed_2005_2021,1500.0,1579.14,-79.14,0.388,94,54,0.14814814814814814,0.6111111111111112,0.7777777777777778,2.1296296296296298,-1.3518518518518519,1356.2,1,486,0.5987654320987654,1.97119341563786,2.213991769547325,1.117283950617284,1.0967078189300412,1630.0,-273.79999999999995,-0.4506172839506173,-1.360082304526749,-1.4362139917695473,1.0123456790123457
670,2011-09-27,Bayern München,Manchester City,2,0,round : 2,A,Bayern Munich,Manchester City,2,0,False,2011,2,Group,H,1,2,detailed_2005_2021,1594.494,1500.0,94.494,0.633,2,388,0.595360824742268,1.9871134020618557,2.105670103092784,1.0051546391752575,1.1005154639175259,1636.0,17,127,0.5669291338582677,1.905511811023622,2.118110236220472,1.1496062992125984,0.968503937007874,1604.7,31.299999999999955,0.028431690884000327,0.08160159103823372,-0.012440133127687769,-0.1444516600373409
671,2011-09-27,Napoli,Villarreal,2,0,round : 2,A,SSC Napoli,Villarreal CF,2,0,False,2011,2,Group,H,1,2,detailed_2005_2021,1500.0,1519.485,-19.485,0.472,39,66,0.45454545454545453,1.621212121212121,1.7121212121212122,1.2575757575757576,0.45454545454545453,1544.7,72,40,0.275,1.2,1.075,1.25,-0.175,1482.6,62.100000000000136,0.1795454545454545,0.42121212121212115,0.6371212121212122,0.007575757575757569
672,2011-09-27,CSKA Moscow,Inter,2,3,round : 2,B,CSKA Moskva,Inter Milan,2,3,False,2011,2,Group,A,0,-1,detailed_2005_2021,1482.39,1562.149,-79.759,0.387,47,86,0.26744186046511625,1.0348837209302326,1.1395348837209305,1.6395348837209305,-0.5,1433.7,12,203,0.47783251231527096,1.6945812807881773,1.4088669950738917,1.0295566502463054,0.3793103448275862,1569.5,-135.79999999999995,-0.2103906518501547,-0.6596975598579446,-0.2693321113529612,0.6099782334746251
673,2011-09-27,Trabzonspor,Lille OSC,1,1,round : 2,B,Trabzonspor,Lille OSC,1,1,False,2011,2,Group,D,0,0,detailed_2005_2021,1512.105,1478.963,33.143,0.548,101,20,0.35,1.3,0.75,1.2,-0.45,1491.3,82,46,0.1956521739130435,0.9130434782608695,0.8260869565217391,1.2391304347826086,-0.41304347826086957,1430.7,60.59999999999991,0.1543478260869565,0.38695652173913053,-0.07608695652173914,-0.03913043478260869
674,2011-09-27,Manchester United,FC Basel,3,3,round : 2,C,Manchester United,FC Basel,3,3,False,2011,2,Group,D,0,0,detailed_2005_2021,1673.647,1476.51,197.137,0.757,4,289,0.5294117647058824,1.8269896193771626,1.813148788927336,1.038062283737024,0.7750865051903114,1599.3,41,82,0.35365853658536583,1.2439024390243902,1.3780487804878048,1.8170731707317076,-0.43902439024390244,1469.3,130.0,0.17575322812051652,0.5830871803527724,0.43510000843953134,-0.7790108869946837
675,2011-09-27,SC Oțelul Galați,SL Benfica,0,1,round : 2,C,Oţelul Galaţi,SL Benfica,0,1,False,2011,2,Group,A,0,-1,detailed_2005_2021,1489.011,1488.755,0.255,0.5,336,6,0.0,0.0,0.5,1.8333333333333333,-1.3333333333333333,1418.4,9,266,0.43609022556390975,1.537593984962406,1.6466165413533835,1.218045112781955,0.42857142857142855,1532.9,-114.5,-0.43609022556390975,-1.537593984962406,-1.1466165413533835,0.6152882205513783
676,2011-09-27,Olympique Lyonnais,GNK Dinamo Zagreb,2,0,round : 2,D,Olympique Lyon,Dinamo Zagreb,2,0,False,2011,2,Group,H,1,2,detailed_2005_2021,1545.575,1492.239,53.336,0.576,21,136,0.4264705882352941,1.5441176470588236,1.588235294117647,1.2279411764705883,0.3602941176470588,1535.8,94,54,0.14814814814814814,0.6111111111111112,0.7777777777777778,2.1296296296296298,-1.3518518518518519,1356.2,179.5999999999999,0.27832244008714596,0.9330065359477124,0.8104575163398692,-0.9016884531590414
677,2011-09-27,Real Madrid,Ajax,3,0,round : 2,D,Real Madrid,AFC Ajax,3,0,False,2011,2,Group,H,1,3,detailed_2005_2021,1586.9,1492.714,94.187,0.632,1,486,0.5987654320987654,1.97119341563786,2.213991769547325,1.117283950617284,1.0967078189300412,1630.0,11,215,0.46511627906976744,1.627906976744186,1.613953488372093,1.1255813953488372,0.4883720930232558,1552.1,77.90000000000009,0.133649153028998,0.34328643889367405,0.6000382811752321,-0.008297444731553139
678,2011-09-28,Bayer 04 Leverkusen,KRC Genk,2,0,round : 2,E,Bayer Leverkusen,KRC Genk,2,0,False,2011,2,Group,H,1,2,detailed_2005_2021,1493.159,1500.377,-7.218,0.49,32,107,0.34579439252336447,1.2710280373831775,1.383177570093458,1.6355140186915889,-0.2523364485981308,1478.1,191,18,0.0,0.4444444444444444,0.5,2.5,-2.0,1406.4,71.69999999999982,0.34579439252336447,0.8265835929387331,0.8831775700934581,-0.8644859813084111
679,2011-09-28,Valencia,Chelsea,1,1,round : 2,E,Valencia CF,Chelsea FC,1,1,False,2011,2,Group,D,0,0,detailed_2005_2021,1512.711,1620.466,-107.754,0.35,23,116,0.41379310344827586,1.5344827586206897,1.456896551724138,1.0775862068965518,0.3793103448275862,1535.9,10,197,0.5126903553299492,1.8020304568527918,1.7106598984771573,0.934010152284264,0.7766497461928934,1593.5,-57.59999999999991,-0.09889725188167336,-0.2675476982321021,-0.25376334675301937,0.14357605461228784
680,2011-09-28,Arsenal,Olympiacos,2,1,round : 2,F,Arsenal FC,Olympiakos Piraeus,2,1,False,2011,2,Group,H,1,1,detailed_2005_2021,1582.175,1438.607,143.569,0.696,13,197,0.4720812182741117,1.6395939086294415,1.6446700507614214,1.1472081218274113,0.49746192893401014,1553.2,25,156,0.30128205128205127,1.0833333333333333,1.1282051282051282,1.698717948717949,-0.5705128205128205,1432.0,121.20000000000005,0.17079916699206044,0.5562605752961083,0.5164649225562932,-0.5515098268905376
681,2011-09-28,Olympique de Marseille,Borussia Dortmund,3,0,round : 2,F,Olympique Marseille,Borussia Dortmund,3,0,False,2011,2,Group,H,1,3,detailed_2005_2021,1503.973,1502.387,1.586,0.502,29,110,0.39090909090909093,1.3363636363636364,1.4636363636363636,1.2727272727272727,0.19090909090909092,1484.0,14,176,0.4715909090909091,1.6193181818181819,1.6875,1.2613636363636365,0.42613636363636365,1546.4,-62.40000000000009,-0.08068181818181819,-0.28295454545454546,-0.22386363636363638,0.011363636363636243
682,2011-09-28,Zenit St. Petersburg,FC Porto,3,1,round : 2,G,Zenit St. Petersburg,FC Porto,3,1,False,2011,2,Group,H,1,2,detailed_2005_2021,1483.15,1538.999,-55.85,0.42,56,64,0.328125,1.203125,1.1875,1.421875,-0.234375,1466.8,8,265,0.4528301886792453,1.5773584905660378,1.4792452830188678,1.1547169811320754,0.32452830188679244,1540.4,-73.60000000000014,-0.1247051886792453,-0.37423349056603783,-0.2917452830188678,0.26715801886792456
683,2011-09-28,Shakhtar Donetsk,APOEL Nicosia,1,1,round : 2,G,Shakhtar Donetsk,APOEL Nikosia,1,1,False,2011,2,Group,D,0,0,detailed_2005_2021,1513.237,1487.118,26.12,0.538,31,118,0.3305084745762712,1.2118644067796611,1.3644067796610169,1.7627118644067796,-0.3983050847457627,1464.6,103,40,0.125,0.65,0.675,2.05,-1.375,1386.1,78.5,0.2055084745762712,0.5618644067796611,0.6894067796610168,-0.2872881355932202
684,2011-09-28,BATE Borisov,Barcelona,0,5,round : 2,H,BATE Borisov,FC Barcelona,0,5,False,2011,2,Group,A,0,-5,detailed_2005_2021,1472.66,1677.016,-204.356,0.236,125,30,0.13333333333333333,0.6333333333333333,0.7333333333333333,2.466666666666667,-1.7333333333333334,1392.5,3,341,0.5747800586510264,1.9501466275659824,1.9794721407624636,1.0439882697947214,0.9354838709677419,1628.8,-236.29999999999995,-0.44144672531769313,-1.3168132942326491,-1.2461388074291304,1.4226783968719454
685,2011-09-28,Milan,Viktoria Plzeň,2,0,round : 2,H,AC Milan,Viktoria Plzeň,2,0,False,2011,2,Group,H,1,2,detailed_2005_2021,1540.762,1499.192,41.57,0.56,6,265,0.47924528301886793,1.6981132075471699,1.6264150943396227,0.981132075471698,0.6452830188679245,1571.7,145,24,0.16666666666666666,0.625,0.9583333333333334,2.875,-1.9166666666666667,1394.2,177.5,0.3125786163522013,1.0731132075471699,0.6680817610062894,-1.893867924528302
686,2011-10-18,Manchester City,Villarreal,2,1,round : 3,A,Manchester City,Villarreal CF,2,1,False,2011,3,Group,H,1,1,detailed_2005_2021,1492.655,1508.925,-16.27,0.477,17,127,0.5669291338582677,1.905511811023622,2.118110236220472,1.1496062992125984,0.968503937007874,1604.7,72,40,0.275,1.2,1.075,1.25,-0.175,1482.6,122.10000000000014,0.2919291338582677,0.705511811023622,1.0431102362204718,-0.10039370078740162
687,2011-10-18,Napoli,Bayern München,1,1,round : 3,A,SSC Napoli,Bayern Munich,1,1,False,2011,3,Group,D,0,0,detailed_2005_2021,1510.56,1601.839,-91.279,0.372,39,66,0.45454545454545453,1.621212121212121,1.7121212121212122,1.2575757575757576,0.45454545454545453,1544.7,2,388,0.595360824742268,1.9871134020618557,2.105670103092784,1.0051546391752575,1.1005154639175259,1636.0,-91.29999999999995,-0.1408153701968135,-0.3659012808497346,-0.39354889097157186,0.2524211184005001
688,2011-10-18,CSKA Moscow,Trabzonspor,3,0,round : 3,B,CSKA Moskva,Trabzonspor,3,0,False,2011,3,Group,H,1,3,detailed_2005_2021,1474.646,1511.154,-36.508,0.448,47,86,0.26744186046511625,1.0348837209302326,1.1395348837209305,1.6395348837209305,-0.5,1433.7,101,20,0.35,1.3,0.75,1.2,-0.45,1491.3,-57.59999999999991,-0.08255813953488372,-0.2651162790697674,0.3895348837209305,0.4395348837209305
689,2011-10-18,Lille OSC,Inter,0,1,round : 3,B,Lille OSC,Inter Milan,0,1,False,2011,3,Group,A,0,-1,detailed_2005_2021,1479.914,1569.893,-89.979,0.373,82,46,0.1956521739130435,0.9130434782608695,0.8260869565217391,1.2391304347826086,-0.41304347826086957,1430.7,12,203,0.47783251231527096,1.6945812807881773,1.4088669950738917,1.0295566502463054,0.3793103448275862,1569.5,-138.79999999999995,-0.28218033840222745,-0.7815378025273078,-0.5827800385521525,0.20957378453630326
690,2011-10-18,FC Basel,SL Benfica,0,2,round : 3,C,FC Basel,SL Benfica,0,2,False,2011,3,Group,A,0,-2,detailed_2005_2021,1481.645,1498.763,-17.118,0.475,41,82,0.35365853658536583,1.2439024390243902,1.3780487804878048,1.8170731707317076,-0.43902439024390244,1469.3,9,266,0.43609022556390975,1.537593984962406,1.6466165413533835,1.218045112781955,0.42857142857142855,1532.9,-63.600000000000136,-0.08243168897854392,-0.29369154593801583,-0.26856776086557876,0.5990280579497527
691,2011-10-18,SC Oțelul Galați,Manchester United,0,2,round : 3,C,Oţelul Galaţi,Manchester United,0,2,False,2011,3,Group,A,0,-2,detailed_2005_2021,1479.004,1668.512,-189.509,0.251,336,6,0.0,0.0,0.5,1.8333333333333333,-1.3333333333333333,1418.4,4,289,0.5294117647058824,1.8269896193771626,1.813148788927336,1.038062283737024,0.7750865051903114,1599.3,-180.89999999999986,-0.5294117647058824,-1.8269896193771626,-1.313148788927336,0.7952710495963093
692,2011-10-18,GNK Dinamo Zagreb,Ajax,0,2,round : 3,D,Dinamo Zagreb,AFC Ajax,0,2,False,2011,3,Group,A,0,-2,detailed_2005_2021,1483.762,1485.36,-1.598,0.498,94,54,0.14814814814814814,0.6111111111111112,0.7777777777777778,2.1296296296296298,-1.3518518518518519,1356.2,11,215,0.46511627906976744,1.627906976744186,1.613953488372093,1.1255813953488372,0.4883720930232558,1552.1,-195.89999999999986,-0.3169681309216193,-1.016795865633075,-0.8361757105943152,1.0040482342807926
693,2011-10-18,Real Madrid,Olympique Lyonnais,4,0,round : 3,D,Real Madrid,Olympique Lyon,4,0,False,2011,3,Group,H,1,4,detailed_2005_2021,1594.254,1554.052,40.202,0.558,1,486,0.5987654320987654,1.97119341563786,2.213991769547325,1.117283950617284,1.0967078189300412,1630.0,21,136,0.4264705882352941,1.5441176470588236,1.588235294117647,1.2279411764705883,0.3602941176470588,1535.8,94.20000000000005,0.17229484386347133,0.4270757685790365,0.625756475429678,-0.11065722585330429
694,2011-10-19,Bayer 04 Leverkusen,Valencia,2,1,round : 3,E,Bayer Leverkusen,Valencia CF,2,1,False,2011,3,Group,H,1,1,detailed_2005_2021,1503.366,1515.717,-12.351,0.482,32,107,0.34579439252336447,1.2710280373831775,1.383177570093458,1.6355140186915889,-0.2523364485981308,1478.1,23,116,0.41379310344827586,1.5344827586206897,1.456896551724138,1.0775862068965518,0.3793103448275862,1535.9,-57.80000000000018,-0.06799871092491139,-0.26345472123751223,-0.0737189816306798,0.557927811795037
695,2011-10-19,Chelsea,KRC Genk,5,0,round : 3,E,Chelsea FC,KRC Genk,5,0,False,2011,3,Group,H,1,5,detailed_2005_2021,1617.46,1490.169,127.291,0.675,10,197,0.5126903553299492,1.8020304568527918,1.7106598984771573,0.934010152284264,0.7766497461928934,1593.5,191,18,0.0,0.4444444444444444,0.5,2.5,-2.0,1406.4,187.0999999999999,0.5126903553299492,1.3575860124083474,1.2106598984771573,-1.565989847715736
696,2011-10-19,Olympiacos,Borussia Dortmund,3,1,round : 3,F,Olympiakos Piraeus,Borussia Dortmund,3,1,False,2011,3,Group,H,1,2,detailed_2005_2021,1432.519,1492.433,-59.914,0.415,25,156,0.30128205128205127,1.0833333333333333,1.1282051282051282,1.698717948717949,-0.5705128205128205,1432.0,14,176,0.4715909090909091,1.6193181818181819,1.6875,1.2613636363636365,0.42613636363636365,1546.4,-114.40000000000009,-0.17030885780885785,-0.5359848484848486,-0.5592948717948718,0.43735431235431244
697,2011-10-19,Olympique de Marseille,Arsenal,0,1,round : 3,F,Olympique Marseille,Arsenal FC,0,1,False,2011,3,Group,A,0,-1,detailed_2005_2021,1513.927,1588.263,-74.336,0.395,29,110,0.39090909090909093,1.3363636363636364,1.4636363636363636,1.2727272727272727,0.19090909090909092,1484.0,13,197,0.4720812182741117,1.6395939086294415,1.6446700507614214,1.1472081218274113,0.49746192893401014,1553.2,-69.20000000000005,-0.08117212736502077,-0.3032302722658051,-0.18103368712505774,0.12551915089986143
698,2011-10-19,FC Porto,APOEL Nicosia,1,1,round : 3,G,FC Porto,APOEL Nikosia,1,1,False,2011,3,Group,D,0,0,detailed_2005_2021,1527.406,1487.868,39.537,0.557,8,265,0.4528301886792453,1.5773584905660378,1.4792452830188678,1.1547169811320754,0.32452830188679244,1540.4,103,40,0.125,0.65,0.675,2.05,-1.375,1386.1,154.30000000000018,0.3278301886792453,0.9273584905660378,0.8042452830188678,-0.8952830188679244
699,2011-10-19,Shakhtar Donetsk,Zenit St. Petersburg,2,2,round : 3,G,Shakhtar Donetsk,Zenit St. Petersburg,2,2,False,2011,3,Group,D,0,0,detailed_2005_2021,1512.487,1494.743,17.744,0.526,31,118,0.3305084745762712,1.2118644067796611,1.3644067796610169,1.7627118644067796,-0.3983050847457627,1464.6,56,64,0.328125,1.203125,1.1875,1.421875,-0.234375,1466.8,-2.2000000000000455,0.002383474576271194,0.008739406779661119,0.17690677966101687,0.3408368644067796
700,2011-10-19,Barcelona,Viktoria Plzeň,2,0,round : 3,H,FC Barcelona,Viktoria Plzeň,2,0,False,2011,3,Group,H,1,2,detailed_2005_2021,1681.73,1490.382,191.348,0.751,3,341,0.5747800586510264,1.9501466275659824,1.9794721407624636,1.0439882697947214,0.9354838709677419,1628.8,145,24,0.16666666666666666,0.625,0.9583333333333334,2.875,-1.9166666666666667,1394.2,234.5999999999999,0.4081133919843598,1.3251466275659824,1.0211388074291303,-1.8310117302052786
701,2011-10-19,Milan,BATE Borisov,2,0,round : 3,H,AC Milan,BATE Borisov,2,0,False,2011,3,Group,H,1,2,detailed_2005_2021,1549.571,1467.946,81.625,0.615,6,265,0.47924528301886793,1.6981132075471699,1.6264150943396227,0.981132075471698,0.6452830188679245,1571.7,125,30,0.13333333333333333,0.6333333333333333,0.7333333333333333,2.466666666666667,-1.7333333333333334,1392.5,179.20000000000005,0.3459119496855346,1.0647798742138366,0.8930817610062894,-1.485534591194969
710,2011-11-01,KRC Genk,Chelsea,1,1,round : 4,E,KRC Genk,Chelsea FC,1,1,False,2011,4,Group,D,0,0,detailed_2005_2021,1483.677,1623.952,-140.275,0.308,191,18,0.0,0.4444444444444444,0.5,2.5,-2.0,1406.4,10,197,0.5126903553299492,1.8020304568527918,1.7106598984771573,0.934010152284264,0.7766497461928934,1593.5,-187.0999999999999,-0.5126903553299492,-1.3575860124083474,-1.2106598984771573,1.565989847715736
711,2011-11-01,Valencia,Bayer 04 Leverkusen,3,1,round : 4,E,Valencia CF,Bayer Leverkusen,3,1,False,2011,4,Group,H,1,2,detailed_2005_2021,1505.362,1513.722,-8.36,0.488,23,116,0.41379310344827586,1.5344827586206897,1.456896551724138,1.0775862068965518,0.3793103448275862,1535.9,32,107,0.34579439252336447,1.2710280373831775,1.383177570093458,1.6355140186915889,-0.2523364485981308,1478.1,57.80000000000018,0.06799871092491139,0.26345472123751223,0.0737189816306798,-0.557927811795037
712,2011-11-01,Arsenal,Olympique de Marseille,0,0,round : 4,F,Arsenal FC,Olympique Marseille,0,0,False,2011,4,Group,D,0,0,detailed_2005_2021,1596.156,1506.035,90.121,0.627,13,197,0.4720812182741117,1.6395939086294415,1.6446700507614214,1.1472081218274113,0.49746192893401014,1553.2,29,110,0.39090909090909093,1.3363636363636364,1.4636363636363636,1.2727272727272727,0.19090909090909092,1484.0,69.20000000000005,0.08117212736502077,0.3032302722658051,0.18103368712505774,-0.12551915089986143
713,2011-11-01,Borussia Dortmund,Olympiacos,1,0,round : 4,F,Borussia Dortmund,Olympiakos Piraeus,1,0,False,2011,4,Group,H,1,1,detailed_2005_2021,1480.725,1444.226,36.499,0.552,14,176,0.4715909090909091,1.6193181818181819,1.6875,1.2613636363636365,0.42613636363636365,1546.4,25,156,0.30128205128205127,1.0833333333333333,1.1282051282051282,1.698717948717949,-0.5705128205128205,1432.0,114.40000000000009,0.17030885780885785,0.5359848484848486,0.5592948717948718,-0.43735431235431244
714,2011-11-01,Zenit St. Petersburg,Shakhtar Donetsk,1,0,round : 4,G,Zenit St. Petersburg,Shakhtar Donetsk,1,0,False,2011,4,Group,H,1,1,detailed_2005_2021,1495.254,1511.977,-16.723,0.476,56,64,0.328125,1.203125,1.1875,1.421875,-0.234375,1466.8,31,118,0.3305084745762712,1.2118644067796611,1.3644067796610169,1.7627118644067796,-0.3983050847457627,1464.6,2.2000000000000455,-0.002383474576271194,-0.008739406779661119,-0.17690677966101687,-0.3408368644067796
715,2011-11-01,APOEL Nicosia,FC Porto,2,1,round : 4,G,APOEL Nikosia,FC Porto,2,1,False,2011,4,Group,H,1,1,detailed_2005_2021,1489.001,1526.272,-37.271,0.447,103,40,0.125,0.65,0.675,2.05,-1.375,1386.1,8,265,0.4528301886792453,1.5773584905660378,1.4792452830188678,1.1547169811320754,0.32452830188679244,1540.4,-154.30000000000018,-0.3278301886792453,-0.9273584905660378,-0.8042452830188678,0.8952830188679244
716,2011-11-01,BATE Borisov,Milan,1,1,round : 4,H,BATE Borisov,AC Milan,1,1,False,2011,4,Group,D,0,0,detailed_2005_2021,1460.253,1557.264,-97.011,0.364,125,30,0.13333333333333333,0.6333333333333333,0.7333333333333333,2.466666666666667,-1.7333333333333334,1392.5,6,265,0.47924528301886793,1.6981132075471699,1.6264150943396227,0.981132075471698,0.6452830188679245,1571.7,-179.20000000000005,-0.3459119496855346,-1.0647798742138366,-0.8930817610062894,1.485534591194969
717,2011-11-01,Viktoria Plzeň,Barcelona,0,4,round : 4,H,Viktoria Plzeň,FC Barcelona,0,4,False,2011,4,Group,A,0,-4,detailed_2005_2021,1485.393,1686.719,-201.326,0.239,145,24,0.16666666666666666,0.625,0.9583333333333334,2.875,-1.9166666666666667,1394.2,3,341,0.5747800586510264,1.9501466275659824,1.9794721407624636,1.0439882697947214,0.9354838709677419,1628.8,-234.5999999999999,-0.4081133919843598,-1.3251466275659824,-1.0211388074291303,1.8310117302052786
702,2011-11-02,Bayern München,Napoli,3,2,round : 4,A,Bayern Munich,SSC Napoli,3,2,False,2011,4,Group,H,1,1,detailed_2005_2021,1599.271,1513.129,86.142,0.621,2,388,0.595360824742268,1.9871134020618557,2.105670103092784,1.0051546391752575,1.1005154639175259,1636.0,39,66,0.45454545454545453,1.621212121212121,1.7121212121212122,1.2575757575757576,0.45454545454545453,1544.7,91.29999999999995,0.1408153701968135,0.3659012808497346,0.39354889097157186,-0.2524211184005001
703,2011-11-02,Villarreal,Manchester City,0,3,round : 4,A,Villarreal CF,Manchester City,0,3,False,2011,4,Group,A,0,-3,detailed_2005_2021,1498.457,1503.123,-4.666,0.493,72,40,0.275,1.2,1.075,1.25,-0.175,1482.6,17,127,0.5669291338582677,1.905511811023622,2.118110236220472,1.1496062992125984,0.968503937007874,1604.7,-122.10000000000014,-0.2919291338582677,-0.705511811023622,-1.0431102362204718,0.10039370078740162
704,2011-11-02,Inter,Lille OSC,2,1,round : 4,B,Inter Milan,Lille OSC,2,1,False,2011,4,Group,H,1,1,detailed_2005_2021,1577.36,1472.447,104.913,0.647,12,203,0.47783251231527096,1.6945812807881773,1.4088669950738917,1.0295566502463054,0.3793103448275862,1569.5,82,46,0.1956521739130435,0.9130434782608695,0.8260869565217391,1.2391304347826086,-0.41304347826086957,1430.7,138.79999999999995,0.28218033840222745,0.7815378025273078,0.5827800385521525,-0.20957378453630326
705,2011-11-02,Trabzonspor,CSKA Moscow,0,0,round : 4,B,Trabzonspor,CSKA Moskva,0,0,False,2011,4,Group,D,0,0,detailed_2005_2021,1500.107,1485.693,14.414,0.521,101,20,0.35,1.3,0.75,1.2,-0.45,1491.3,47,86,0.26744186046511625,1.0348837209302326,1.1395348837209305,1.6395348837209305,-0.5,1433.7,57.59999999999991,0.08255813953488372,0.2651162790697674,-0.3895348837209305,-0.4395348837209305
706,2011-11-02,Manchester United,SC Oțelul Galați,2,0,round : 4,C,Manchester United,Oţelul Galaţi,2,0,False,2011,4,Group,H,1,2,detailed_2005_2021,1673.541,1473.975,199.567,0.759,4,289,0.5294117647058824,1.8269896193771626,1.813148788927336,1.038062283737024,0.7750865051903114,1599.3,336,6,0.0,0.0,0.5,1.8333333333333333,-1.3333333333333333,1418.4,180.89999999999986,0.5294117647058824,1.8269896193771626,1.313148788927336,-0.7952710495963093
707,2011-11-02,SL Benfica,FC Basel,1,1,round : 4,C,SL Benfica,FC Basel,1,1,False,2011,4,Group,D,0,0,detailed_2005_2021,1508.271,1472.137,36.133,0.552,9,266,0.43609022556390975,1.537593984962406,1.6466165413533835,1.218045112781955,0.42857142857142855,1532.9,41,82,0.35365853658536583,1.2439024390243902,1.3780487804878048,1.8170731707317076,-0.43902439024390244,1469.3,63.600000000000136,0.08243168897854392,0.29369154593801583,0.26856776086557876,-0.5990280579497527
708,2011-11-02,Ajax,GNK Dinamo Zagreb,4,0,round : 4,D,AFC Ajax,Dinamo Zagreb,4,0,False,2011,4,Group,H,1,4,detailed_2005_2021,1495.314,1473.808,21.506,0.531,11,215,0.46511627906976744,1.627906976744186,1.613953488372093,1.1255813953488372,0.4883720930232558,1552.1,94,54,0.14814814814814814,0.6111111111111112,0.7777777777777778,2.1296296296296298,-1.3518518518518519,1356.2,195.89999999999986,0.3169681309216193,1.016795865633075,0.8361757105943152,-1.0040482342807926
709,2011-11-02,Olympique Lyonnais,Real Madrid,0,2,round : 4,D,Olympique Lyon,Real Madrid,0,2,False,2011,4,Group,A,0,-2,detailed_2005_2021,1545.204,1603.102,-57.898,0.417,21,136,0.4264705882352941,1.5441176470588236,1.588235294117647,1.2279411764705883,0.3602941176470588,1535.8,1,486,0.5987654320987654,1.97119341563786,2.213991769547325,1.117283950617284,1.0967078189300412,1630.0,-94.20000000000005,-0.17229484386347133,-0.4270757685790365,-0.625756475429678,0.11065722585330429
718,2011-11-22,Bayern München,Villarreal,3,1,round : 5,A,Bayern Munich,Villarreal CF,3,1,False,2011,5,Group,H,1,2,detailed_2005_2021,1606.841,1488.591,118.25,0.664,2,388,0.595360824742268,1.9871134020618557,2.105670103092784,1.0051546391752575,1.1005154639175259,1636.0,72,40,0.275,1.2,1.075,1.25,-0.175,1482.6,153.4000000000001,0.320360824742268,0.7871134020618558,1.030670103092784,-0.2448453608247425
719,2011-11-22,Napoli,Manchester City,2,1,round : 5,A,SSC Napoli,Manchester City,2,1,False,2011,5,Group,H,1,1,detailed_2005_2021,1505.558,1512.988,-7.43,0.489,39,66,0.45454545454545453,1.621212121212121,1.7121212121212122,1.2575757575757576,0.45454545454545453,1544.7,17,127,0.5669291338582677,1.905511811023622,2.118110236220472,1.1496062992125984,0.968503937007874,1604.7,-60.0,-0.11238367931281318,-0.2842996898115009,-0.40598902409925963,0.10796945836315919
720,2011-11-22,CSKA Moscow,Lille OSC,0,2,round : 5,B,CSKA Moskva,Lille OSC,0,2,False,2011,5,Group,A,0,-2,detailed_2005_2021,1486.108,1465.378,20.73,0.53,47,86,0.26744186046511625,1.0348837209302326,1.1395348837209305,1.6395348837209305,-0.5,1433.7,82,46,0.1956521739130435,0.9130434782608695,0.8260869565217391,1.2391304347826086,-0.41304347826086957,1430.7,3.0,0.07178968655207277,0.12184024266936311,0.31344792719919135,0.40040444893832183
721,2011-11-22,Trabzonspor,Inter,1,1,round : 5,B,Trabzonspor,Inter Milan,1,1,False,2011,5,Group,D,0,0,detailed_2005_2021,1499.693,1584.429,-84.736,0.38,101,20,0.35,1.3,0.75,1.2,-0.45,1491.3,12,203,0.47783251231527096,1.6945812807881773,1.4088669950738917,1.0295566502463054,0.3793103448275862,1569.5,-78.20000000000005,-0.12783251231527099,-0.3945812807881772,-0.6588669950738917,0.17044334975369457
722,2011-11-22,Manchester United,SL Benfica,2,2,round : 5,C,Manchester United,SL Benfica,2,2,False,2011,5,Group,D,0,0,detailed_2005_2021,1678.356,1507.234,171.121,0.728,4,289,0.5294117647058824,1.8269896193771626,1.813148788927336,1.038062283737024,0.7750865051903114,1599.3,9,266,0.43609022556390975,1.537593984962406,1.6466165413533835,1.218045112781955,0.42857142857142855,1532.9,66.39999999999986,0.09332153914197261,0.2893956344147566,0.16653224757395257,-0.17998282904493101
723,2011-11-22,SC Oțelul Galați,FC Basel,2,3,round : 5,C,Oţelul Galaţi,FC Basel,2,3,False,2011,5,Group,A,0,-1,detailed_2005_2021,1469.16,1473.173,-4.013,0.494,336,6,0.0,0.0,0.5,1.8333333333333333,-1.3333333333333333,1418.4,41,82,0.35365853658536583,1.2439024390243902,1.3780487804878048,1.8170731707317076,-0.43902439024390244,1469.3,-50.899999999999864,-0.35365853658536583,-1.2439024390243902,-0.8780487804878048,0.01626016260162566
724,2011-11-22,Olympique Lyonnais,Ajax,0,0,round : 5,D,Olympique Lyon,AFC Ajax,0,0,False,2011,5,Group,D,0,0,detailed_2005_2021,1536.855,1504.696,32.159,0.546,21,136,0.4264705882352941,1.5441176470588236,1.588235294117647,1.2279411764705883,0.3602941176470588,1535.8,11,215,0.46511627906976744,1.627906976744186,1.613953488372093,1.1255813953488372,0.4883720930232558,1552.1,-16.299999999999955,-0.038645690834473334,-0.08378932968536246,-0.025718194254445992,0.10235978112175115
725,2011-11-22,Real Madrid,GNK Dinamo Zagreb,6,2,round : 5,D,Real Madrid,Dinamo Zagreb,6,2,False,2011,5,Group,H,1,4,detailed_2005_2021,1611.451,1464.427,147.024,0.7,1,486,0.5987654320987654,1.97119341563786,2.213991769547325,1.117283950617284,1.0967078189300412,1630.0,94,54,0.14814814814814814,0.6111111111111112,0.7777777777777778,2.1296296296296298,-1.3518518518518519,1356.2,273.79999999999995,0.4506172839506173,1.360082304526749,1.4362139917695473,-1.0123456790123457
726,2011-11-23,Bayer 04 Leverkusen,Chelsea,2,1,round : 5,E,Bayer Leverkusen,Chelsea FC,2,1,False,2011,5,Group,H,1,1,detailed_2005_2021,1503.481,1620.121,-116.639,0.338,32,107,0.34579439252336447,1.2710280373831775,1.383177570093458,1.6355140186915889,-0.2523364485981308,1478.1,10,197,0.5126903553299492,1.8020304568527918,1.7106598984771573,0.934010152284264,0.7766497461928934,1593.5,-115.40000000000009,-0.16689596280658475,-0.5310024194696144,-0.3274823283836992,0.7015038664073249
727,2011-11-23,Valencia,KRC Genk,7,0,round : 5,E,Valencia CF,KRC Genk,7,0,False,2011,5,Group,H,1,7,detailed_2005_2021,1515.602,1487.508,28.094,0.54,23,116,0.41379310344827586,1.5344827586206897,1.456896551724138,1.0775862068965518,0.3793103448275862,1535.9,191,18,0.0,0.4444444444444444,0.5,2.5,-2.0,1406.4,129.5,0.41379310344827586,1.0900383141762453,0.9568965517241379,-1.4224137931034482
728,2011-11-23,Arsenal,Borussia Dortmund,2,1,round : 5,F,Arsenal FC,Borussia Dortmund,2,1,False,2011,5,Group,H,1,1,detailed_2005_2021,1593.619,1489.678,103.94,0.645,13,197,0.4720812182741117,1.6395939086294415,1.6446700507614214,1.1472081218274113,0.49746192893401014,1553.2,14,176,0.4715909090909091,1.6193181818181819,1.6875,1.2613636363636365,0.42613636363636365,1546.4,6.7999999999999545,0.0004903091832025863,0.020275726811259664,-0.042829949238578635,-0.11415551453622519
729,2011-11-23,Olympique de Marseille,Olympiacos,0,1,round : 5,F,Olympique Marseille,Olympiakos Piraeus,0,1,False,2011,5,Group,A,0,-1,detailed_2005_2021,1508.572,1435.273,73.299,0.604,29,110,0.39090909090909093,1.3363636363636364,1.4636363636363636,1.2727272727272727,0.19090909090909092,1484.0,25,156,0.30128205128205127,1.0833333333333333,1.1282051282051282,1.698717948717949,-0.5705128205128205,1432.0,52.0,0.08962703962703966,0.25303030303030316,0.33543123543123543,-0.4259906759906762
730,2011-11-23,Zenit St. Petersburg,APOEL Nicosia,0,0,round : 5,G,Zenit St. Petersburg,APOEL Nikosia,0,0,False,2011,5,Group,D,0,0,detailed_2005_2021,1505.735,1500.07,5.665,0.508,56,64,0.328125,1.203125,1.1875,1.421875,-0.234375,1466.8,103,40,0.125,0.65,0.675,2.05,-1.375,1386.1,80.70000000000005,0.203125,0.553125,0.5125,-0.6281249999999998
731,2011-11-23,Shakhtar Donetsk,FC Porto,0,2,round : 5,G,Shakhtar Donetsk,FC Porto,0,2,False,2011,5,Group,A,0,-2,detailed_2005_2021,1501.496,1515.204,-13.708,0.48,31,118,0.3305084745762712,1.2118644067796611,1.3644067796610169,1.7627118644067796,-0.3983050847457627,1464.6,8,265,0.4528301886792453,1.5773584905660378,1.4792452830188678,1.1547169811320754,0.32452830188679244,1540.4,-75.80000000000018,-0.1223217141029741,-0.3654940837863767,-0.11483850335785095,0.6079948832747042
732,2011-11-23,BATE Borisov,Viktoria Plzeň,0,1,round : 5,H,BATE Borisov,Viktoria Plzeň,0,1,False,2011,5,Group,A,0,-1,detailed_2005_2021,1462.975,1480.616,-17.641,0.475,125,30,0.13333333333333333,0.6333333333333333,0.7333333333333333,2.466666666666667,-1.7333333333333334,1392.5,145,24,0.16666666666666666,0.625,0.9583333333333334,2.875,-1.9166666666666667,1394.2,-1.7000000000000455,-0.033333333333333326,0.008333333333333304,-0.2250000000000001,-0.4083333333333332
733,2011-11-23,Milan,Barcelona,2,3,round : 5,H,AC Milan,FC Barcelona,2,3,False,2011,5,Group,A,0,-1,detailed_2005_2021,1554.542,1691.496,-136.954,0.313,6,265,0.47924528301886793,1.6981132075471699,1.6264150943396227,0.981132075471698,0.6452830188679245,1571.7,3,341,0.5747800586510264,1.9501466275659824,1.9794721407624636,1.0439882697947214,0.9354838709677419,1628.8,-57.09999999999991,-0.09553477563215851,-0.25203342001881257,-0.35305704642284086,-0.06285619432302336
734,2012-02-14,Bayer 04 Leverkusen,Barcelona,1,3,round : 18,,Bayer Leverkusen,FC Barcelona,1,3,False,2011,18,Knockout,A,0,-2,detailed_2005_2021,1516.718,1697.747,-181.029,0.261,32,107,0.34579439252336447,1.2710280373831775,1.383177570093458,1.6355140186915889,-0.2523364485981308,1478.1,3,341,0.5747800586510264,1.9501466275659824,1.9794721407624636,1.0439882697947214,0.9354838709677419,1628.8,-150.70000000000005,-0.22898566612766197,-0.679118590182805,-0.5962945706690055,0.5915257488968675
735,2012-02-14,Olympique Lyonnais,APOEL Nicosia,1,0,round : 18,,Olympique Lyon,APOEL Nikosia,1,0,False,2011,18,Knockout,H,1,1,detailed_2005_2021,1535.932,1500.233,35.699,0.551,21,136,0.4264705882352941,1.5441176470588236,1.588235294117647,1.2279411764705883,0.3602941176470588,1535.8,103,40,0.125,0.65,0.675,2.05,-1.375,1386.1,149.70000000000005,0.3014705882352941,0.8941176470588236,0.9132352941176469,-0.8220588235294115
736,2012-02-15,Zenit St. Petersburg,SL Benfica,3,2,round : 18,,Zenit St. Petersburg,SL Benfica,3,2,False,2011,18,Knockout,H,1,1,detailed_2005_2021,1505.572,1511.796,-6.225,0.491,56,64,0.328125,1.203125,1.1875,1.421875,-0.234375,1466.8,9,266,0.43609022556390975,1.537593984962406,1.6466165413533835,1.218045112781955,0.42857142857142855,1532.9,-66.10000000000014,-0.10796522556390975,-0.33446898496240607,-0.45911654135338353,0.20382988721804507
737,2012-02-15,Milan,Arsenal,4,0,round : 18,,AC Milan,Arsenal FC,4,0,False,2011,18,Knockout,H,1,4,detailed_2005_2021,1548.292,1600.713,-52.421,0.425,6,265,0.47924528301886793,1.6981132075471699,1.6264150943396227,0.981132075471698,0.6452830188679245,1571.7,13,197,0.4720812182741117,1.6395939086294415,1.6446700507614214,1.1472081218274113,0.49746192893401014,1553.2,18.5,0.007164064744756227,0.058519298917728335,-0.01825495642179864,-0.16607604635571327
738,2012-02-21,CSKA Moscow,Real Madrid,1,1,round : 18,,CSKA Moskva,Real Madrid,1,1,False,2011,18,Knockout,D,0,0,detailed_2005_2021,1475.512,1617.455,-141.943,0.306,47,86,0.26744186046511625,1.0348837209302326,1.1395348837209305,1.6395348837209305,-0.5,1433.7,1,486,0.5987654320987654,1.97119341563786,2.213991769547325,1.117283950617284,1.0967078189300412,1630.0,-196.29999999999995,-0.33132357163364917,-0.9363096947076275,-1.0744568858263945,0.5222509331036465
739,2012-02-21,Napoli,Chelsea,3,1,round : 18,,SSC Napoli,Chelsea FC,3,1,False,2011,18,Knockout,H,1,2,detailed_2005_2021,1515.772,1606.884,-91.112,0.372,39,66,0.45454545454545453,1.621212121212121,1.7121212121212122,1.2575757575757576,0.45454545454545453,1544.7,10,197,0.5126903553299492,1.8020304568527918,1.7106598984771573,0.934010152284264,0.7766497461928934,1593.5,-48.799999999999955,-0.05814490078449469,-0.18081833564067074,0.0014613136440548846,0.3235656052914936
740,2012-02-22,FC Basel,Bayern München,1,0,round : 18,,FC Basel,Bayern Munich,1,0,False,2011,18,Knockout,H,1,1,detailed_2005_2021,1483.058,1613.563,-130.505,0.321,41,82,0.35365853658536583,1.2439024390243902,1.3780487804878048,1.8170731707317076,-0.43902439024390244,1469.3,2,388,0.595360824742268,1.9871134020618557,2.105670103092784,1.0051546391752575,1.1005154639175259,1636.0,-166.70000000000005,-0.2417022881569022,-0.7432109630374655,-0.7276213226049792,0.8119185315564501
741,2012-02-22,Olympique de Marseille,Inter,1,0,round : 18,,Olympique Marseille,Inter Milan,1,0,False,2011,18,Knockout,H,1,1,detailed_2005_2021,1496.493,1582.037,-85.544,0.379,29,110,0.39090909090909093,1.3363636363636364,1.4636363636363636,1.2727272727272727,0.19090909090909092,1484.0,12,203,0.47783251231527096,1.6945812807881773,1.4088669950738917,1.0295566502463054,0.3793103448275862,1569.5,-85.5,-0.08692342140618003,-0.35821764442454085,0.05476936856247194,0.24317062248096732
742,2012-03-06,Arsenal,Milan,3,0,round : 18,,Arsenal FC,AC Milan,3,0,False,2011,18,Knockout,H,1,3,detailed_2005_2021,1589.216,1559.789,29.426,0.542,13,197,0.4720812182741117,1.6395939086294415,1.6446700507614214,1.1472081218274113,0.49746192893401014,1553.2,6,265,0.47924528301886793,1.6981132075471699,1.6264150943396227,0.981132075471698,0.6452830188679245,1571.7,-18.5,-0.007164064744756227,-0.058519298917728335,0.01825495642179864,0.16607604635571327
743,2012-03-06,SL Benfica,Zenit St. Petersburg,2,0,round : 18,,SL Benfica,Zenit St. Petersburg,2,0,False,2011,18,Knockout,H,1,2,detailed_2005_2021,1501.617,1515.751,-14.133,0.48,9,266,0.43609022556390975,1.537593984962406,1.6466165413533835,1.218045112781955,0.42857142857142855,1532.9,56,64,0.328125,1.203125,1.1875,1.421875,-0.234375,1466.8,66.10000000000014,0.10796522556390975,0.33446898496240607,0.45911654135338353,-0.20382988721804507
744,2012-03-07,APOEL Nicosia,Olympique Lyonnais,1(0) (4),0(0) (3),round : 18,,APOEL Nikosia,Olympique Lyon,1,0,True,2011,18,Knockout,H,1,1,detailed_2005_2021,1491.257,1544.908,-53.651,0.423,103,40,0.125,0.65,0.675,2.05,-1.375,1386.1,21,136,0.4264705882352941,1.5441176470588236,1.588235294117647,1.2279411764705883,0.3602941176470588,1535.8,-149.70000000000005,-0.3014705882352941,-0.8941176470588236,-0.9132352941176469,0.8220588235294115
745,2012-03-07,Barcelona,Bayer 04 Leverkusen,7,1,round : 18,,FC Barcelona,Bayer Leverkusen,7,1,False,2011,18,Knockout,H,1,6,detailed_2005_2021,1702.962,1511.503,191.459,0.751,3,341,0.5747800586510264,1.9501466275659824,1.9794721407624636,1.0439882697947214,0.9354838709677419,1628.8,32,107,0.34579439252336447,1.2710280373831775,1.383177570093458,1.6355140186915889,-0.2523364485981308,1478.1,150.70000000000005,0.22898566612766197,0.679118590182805,0.5962945706690055,-0.5915257488968675
746,2012-03-13,Bayern München,FC Basel,7,0,round : 18,,Bayern Munich,FC Basel,7,0,False,2011,18,Knockout,H,1,7,detailed_2005_2021,1599.974,1496.647,103.327,0.644,2,388,0.595360824742268,1.9871134020618557,2.105670103092784,1.0051546391752575,1.1005154639175259,1636.0,41,82,0.35365853658536583,1.2439024390243902,1.3780487804878048,1.8170731707317076,-0.43902439024390244,1469.3,166.70000000000005,0.2417022881569022,0.7432109630374655,0.7276213226049792,-0.8119185315564501
747,2012-03-13,Inter,Olympique de Marseille,2,1,round : 18,,Inter Milan,Olympique Marseille,2,1,False,2011,18,Knockout,H,1,1,detailed_2005_2021,1569.623,1508.906,60.717,0.586,12,203,0.47783251231527096,1.6945812807881773,1.4088669950738917,1.0295566502463054,0.3793103448275862,1569.5,29,110,0.39090909090909093,1.3363636363636364,1.4636363636363636,1.2727272727272727,0.19090909090909092,1484.0,85.5,0.08692342140618003,0.35821764442454085,-0.05476936856247194,-0.24317062248096732
748,2012-03-14,Chelsea,Napoli,3(1),1(0),round : 18,,Chelsea FC,SSC Napoli,3,1,True,2011,18,Knockout,H,1,2,detailed_2005_2021,1594.32,1528.336,65.984,0.594,10,197,0.5126903553299492,1.8020304568527918,1.7106598984771573,0.934010152284264,0.7766497461928934,1593.5,39,66,0.45454545454545453,1.621212121212121,1.7121212121212122,1.2575757575757576,0.45454545454545453,1544.7,48.799999999999955,0.05814490078449469,0.18081833564067074,-0.0014613136440548846,-0.3235656052914936
749,2012-03-14,Real Madrid,CSKA Moscow,4,1,round : 18,,Real Madrid,CSKA Moskva,4,1,False,2011,18,Knockout,H,1,3,detailed_2005_2021,1613.583,1479.384,134.198,0.684,1,486,0.5987654320987654,1.97119341563786,2.213991769547325,1.117283950617284,1.0967078189300412,1630.0,47,86,0.26744186046511625,1.0348837209302326,1.1395348837209305,1.6395348837209305,-0.5,1433.7,196.29999999999995,0.33132357163364917,0.9363096947076275,1.0744568858263945,-0.5222509331036465
750,2012-03-27,APOEL Nicosia,Real Madrid,0,3,round : quarterfinals,,APOEL Nikosia,Real Madrid,0,3,False,2011,quarterfinals,Knockout,A,0,-3,detailed_2005_2021,1502.789,1619.901,-117.112,0.338,103,40,0.125,0.65,0.675,2.05,-1.375,1386.1,1,486,0.5987654320987654,1.97119341563786,2.213991769547325,1.117283950617284,1.0967078189300412,1630.0,-243.9000000000001,-0.4737654320987654,-1.3211934156378602,-1.538991769547325,0.9327160493827158
751,2012-03-27,SL Benfica,Chelsea,0,1,round : quarterfinals,,SL Benfica,Chelsea FC,0,1,False,2011,quarterfinals,Knockout,A,0,-1,detailed_2005_2021,1512.024,1602.443,-90.42,0.373,9,266,0.43609022556390975,1.537593984962406,1.6466165413533835,1.218045112781955,0.42857142857142855,1532.9,10,197,0.5126903553299492,1.8020304568527918,1.7106598984771573,0.934010152284264,0.7766497461928934,1593.5,-60.59999999999991,-0.07660012976603947,-0.26443647189038577,-0.06404335712377374,0.28403496049769095
752,2012-03-28,Milan,Barcelona,0,0,round : quarterfinals,,AC Milan,FC Barcelona,0,0,False,2011,quarterfinals,Knockout,D,0,0,detailed_2005_2021,1550.634,1707.949,-157.314,0.288,6,265,0.47924528301886793,1.6981132075471699,1.6264150943396227,0.981132075471698,0.6452830188679245,1571.7,3,341,0.5747800586510264,1.9501466275659824,1.9794721407624636,1.0439882697947214,0.9354838709677419,1628.8,-57.09999999999991,-0.09553477563215851,-0.25203342001881257,-0.35305704642284086,-0.06285619432302336
753,2012-03-28,Olympique de Marseille,Bayern München,0,2,round : quarterfinals,,Olympique Marseille,Bayern Munich,0,2,False,2011,quarterfinals,Knockout,A,0,-2,detailed_2005_2021,1500.636,1607.085,-106.448,0.351,29,110,0.39090909090909093,1.3363636363636364,1.4636363636363636,1.2727272727272727,0.19090909090909092,1484.0,2,388,0.595360824742268,1.9871134020618557,2.105670103092784,1.0051546391752575,1.1005154639175259,1636.0,-152.0,-0.2044517338331771,-0.6507497656982193,-0.6420337394564204,0.2675726335520152
754,2012-04-03,Barcelona,Milan,3,1,round : quarterfinals,,FC Barcelona,AC Milan,3,1,False,2011,quarterfinals,Knockout,H,1,2,detailed_2005_2021,1703.707,1554.876,148.831,0.702,3,341,0.5747800586510264,1.9501466275659824,1.9794721407624636,1.0439882697947214,0.9354838709677419,1628.8,6,265,0.47924528301886793,1.6981132075471699,1.6264150943396227,0.981132075471698,0.6452830188679245,1571.7,57.09999999999991,0.09553477563215851,0.25203342001881257,0.35305704642284086,0.06285619432302336
755,2012-04-03,Bayern München,Olympique de Marseille,2,0,round : quarterfinals,,Bayern Munich,Olympique Marseille,2,0,False,2011,quarterfinals,Knockout,H,1,2,detailed_2005_2021,1614.113,1493.608,120.505,0.667,2,388,0.595360824742268,1.9871134020618557,2.105670103092784,1.0051546391752575,1.1005154639175259,1636.0,29,110,0.39090909090909093,1.3363636363636364,1.4636363636363636,1.2727272727272727,0.19090909090909092,1484.0,152.0,0.2044517338331771,0.6507497656982193,0.6420337394564204,-0.2675726335520152
756,2012-04-04,Chelsea,SL Benfica,2,1,round : quarterfinals,,Chelsea FC,SL Benfica,2,1,False,2011,quarterfinals,Knockout,H,1,1,detailed_2005_2021,1609.898,1504.569,105.329,0.647,10,197,0.5126903553299492,1.8020304568527918,1.7106598984771573,0.934010152284264,0.7766497461928934,1593.5,9,266,0.43609022556390975,1.537593984962406,1.6466165413533835,1.218045112781955,0.42857142857142855,1532.9,60.59999999999991,0.07660012976603947,0.26443647189038577,0.06404335712377374,-0.28403496049769095
757,2012-04-04,Real Madrid,APOEL Nicosia,5,2,round : quarterfinals,,Real Madrid,APOEL Nikosia,5,2,False,2011,quarterfinals,Knockout,H,1,3,detailed_2005_2021,1626.653,1496.038,130.615,0.68,1,486,0.5987654320987654,1.97119341563786,2.213991769547325,1.117283950617284,1.0967078189300412,1630.0,103,40,0.125,0.65,0.675,2.05,-1.375,1386.1,243.9000000000001,0.4737654320987654,1.3211934156378602,1.538991769547325,-0.9327160493827158
758,2012-04-17,Bayern München,Real Madrid,2,1,round : semifinals,,Bayern Munich,Real Madrid,2,1,False,2011,semifinals,Knockout,H,1,1,detailed_2005_2021,1620.778,1633.061,-12.283,0.482,2,388,0.595360824742268,1.9871134020618557,2.105670103092784,1.0051546391752575,1.1005154639175259,1636.0,1,486,0.5987654320987654,1.97119341563786,2.213991769547325,1.117283950617284,1.0967078189300412,1630.0,6.0,-0.003404607356497391,0.015919986423995613,-0.108321666454541,-0.11212931144202654
759,2012-04-18,Chelsea,Barcelona,1,0,round : semifinals,,Chelsea FC,FC Barcelona,1,0,False,2011,semifinals,Knockout,H,1,1,detailed_2005_2021,1616.956,1709.667,-92.711,0.37,10,197,0.5126903553299492,1.8020304568527918,1.7106598984771573,0.934010152284264,0.7766497461928934,1593.5,3,341,0.5747800586510264,1.9501466275659824,1.9794721407624636,1.0439882697947214,0.9354838709677419,1628.8,-35.299999999999955,-0.062089703321077216,-0.1481161707131906,-0.2688122422853063,-0.10997811751045738
760,2012-04-24,Barcelona,Chelsea,2,2,round : semifinals,,FC Barcelona,Chelsea FC,2,2,False,2011,semifinals,Knockout,D,0,0,detailed_2005_2021,1697.06,1629.563,67.497,0.596,3,341,0.5747800586510264,1.9501466275659824,1.9794721407624636,1.0439882697947214,0.9354838709677419,1628.8,10,197,0.5126903553299492,1.8020304568527918,1.7106598984771573,0.934010152284264,0.7766497461928934,1593.5,35.299999999999955,0.062089703321077216,0.1481161707131906,0.2688122422853063,0.10997811751045738
761,2012-04-25,Real Madrid,Bayern München,2(0) (1),1(0) (3),round : semifinals,,Real Madrid,Bayern Munich,2,1,True,2011,semifinals,Knockout,H,1,1,detailed_2005_2021,1622.707,1631.131,-8.423,0.488,1,486,0.5987654320987654,1.97119341563786,2.213991769547325,1.117283950617284,1.0967078189300412,1630.0,2,388,0.595360824742268,1.9871134020618557,2.105670103092784,1.0051546391752575,1.1005154639175259,1636.0,-6.0,0.003404607356497391,-0.015919986423995613,0.108321666454541,0.11212931144202654
762,2012-05-19,Bayern München,Chelsea,1(0) (3),1(0) (4),round : final,,Bayern Munich,Chelsea FC,1,1,True,2011,final,Knockout,D,0,0,detailed_2005_2021,1620.889,1631.482,-10.593,0.485,2,388,0.595360824742268,1.9871134020618557,2.105670103092784,1.0051546391752575,1.1005154639175259,1636.0,10,197,0.5126903553299492,1.8020304568527918,1.7106598984771573,0.934010152284264,0.7766497461928934,1593.5,42.5,0.08267046941231881,0.18508294520906388,0.39501020461562675,0.07114448689099351
763,2012-09-18,GNK Dinamo Zagreb,FC Porto,0,2,round : 1,A,Dinamo Zagreb,FC Porto,0,2,False,2012,1,Group,A,0,-2,detailed_2005_2021,1458.423,1524.809,-66.387,0.406,94,54,0.14814814814814814,0.6111111111111112,0.7777777777777778,2.1296296296296298,-1.3518518518518519,1356.2,8,265,0.4528301886792453,1.5773584905660378,1.4792452830188678,1.1547169811320754,0.32452830188679244,1540.4,-184.20000000000005,-0.30468204053109715,-0.9662473794549267,-0.70146750524109,0.9749126484975543
764,2012-09-18,Paris Saint-Germain,Dynamo Kyiv,4,1,round : 1,A,Paris Saint-Germain,Dinamo Kiev,4,1,False,2012,1,Group,H,1,3,detailed_2005_2021,1500.0,1434.306,65.694,0.593,16,151,0.5231788079470199,1.7615894039735098,1.9470198675496688,1.185430463576159,0.7615894039735099,1574.3,18,186,0.34946236559139787,1.2688172043010753,1.2311827956989247,1.3494623655913978,-0.11827956989247312,1474.7,99.59999999999991,0.173716442355622,0.4927721996724346,0.7158370718507441,-0.16403190201523876
765,2012-09-18,Montpellier,Arsenal,1,2,round : 1,B,Montpellier HSC,Arsenal FC,1,2,False,2012,1,Group,A,0,-1,detailed_2005_2021,1500.0,1598.371,-98.371,0.362,273,6,0.0,0.3333333333333333,1.0,2.0,-1.0,1446.1,13,197,0.4720812182741117,1.6395939086294415,1.6446700507614214,1.1472081218274113,0.49746192893401014,1553.2,-107.10000000000014,-0.4720812182741117,-1.3062605752961083,-0.6446700507614214,0.8527918781725887
766,2012-09-18,Olympiacos,FC Schalke 04,1,2,round : 1,B,Olympiakos Piraeus,FC Schalke 04,1,2,False,2012,1,Group,A,0,-1,detailed_2005_2021,1447.352,1534.865,-87.513,0.377,25,156,0.30128205128205127,1.0833333333333333,1.1282051282051282,1.698717948717949,-0.5705128205128205,1432.0,40,73,0.3972602739726027,1.4246575342465753,1.4383561643835616,1.5205479452054795,-0.0821917808219178,1507.5,-75.5,-0.09597822269055145,-0.341324200913242,-0.3101510361784334,0.17817000351246937
767,2012-09-18,Málaga,Zenit St. Petersburg,3,0,round : 1,C,Málaga CF,Zenit St. Petersburg,3,0,False,2012,1,Group,H,1,3,detailed_2005_2021,1500.0,1505.344,-5.344,0.492,134,10,0.4,1.6,1.6,0.9,0.7,1523.2,56,64,0.328125,1.203125,1.1875,1.421875,-0.234375,1466.8,56.40000000000009,0.07187500000000002,0.3968750000000001,0.4125000000000001,-0.521875
768,2012-09-18,Milan,RSC Anderlecht,0,0,round : 1,C,AC Milan,RSC Anderlecht,0,0,False,2012,1,Group,D,0,0,detailed_2005_2021,1548.916,1442.359,106.557,0.649,6,265,0.47924528301886793,1.6981132075471699,1.6264150943396227,0.981132075471698,0.6452830188679245,1571.7,22,163,0.32515337423312884,1.1901840490797546,1.3312883435582823,1.7239263803680982,-0.39263803680981596,1458.0,113.70000000000005,0.15409190878573908,0.5079291584674153,0.29512675078134043,-0.7427943048964002
769,2012-09-18,Borussia Dortmund,Ajax,1,0,round : 1,D,Borussia Dortmund,AFC Ajax,1,0,False,2012,1,Group,H,1,1,detailed_2005_2021,1482.584,1505.619,-23.035,0.467,14,176,0.4715909090909091,1.6193181818181819,1.6875,1.2613636363636365,0.42613636363636365,1546.4,11,215,0.46511627906976744,1.627906976744186,1.613953488372093,1.1255813953488372,0.4883720930232558,1552.1,-5.699999999999818,0.006474630021141681,-0.008588794926004173,0.07354651162790704,0.1357822410147993
770,2012-09-18,Real Madrid,Manchester City,3,2,round : 1,D,Real Madrid,Manchester City,3,2,False,2012,1,Group,H,1,1,detailed_2005_2021,1632.95,1502.774,130.175,0.679,1,486,0.5987654320987654,1.97119341563786,2.213991769547325,1.117283950617284,1.0967078189300412,1630.0,17,127,0.5669291338582677,1.905511811023622,2.118110236220472,1.1496062992125984,0.968503937007874,1604.7,25.299999999999955,0.03183629824049772,0.06568160461423811,0.09588153332685323,-0.032322348595314354
771,2012-09-19,Chelsea,Juventus,2,2,round : 1,E,Chelsea FC,Juventus,2,2,False,2012,1,Group,D,0,0,detailed_2005_2021,1631.177,1543.012,88.165,0.624,10,197,0.5126903553299492,1.8020304568527918,1.7106598984771573,0.934010152284264,0.7766497461928934,1593.5,5,297,0.5084175084175084,1.754208754208754,1.589225589225589,1.0134680134680134,0.5757575757575758,1581.5,12.0,0.004272846912440786,0.047821702644037734,0.12143430925156817,-0.07945786118374942
772,2012-09-19,Shakhtar Donetsk,FC Nordsjælland,2,0,round : 1,E,Shakhtar Donetsk,FC Nordsjælland,2,0,False,2012,1,Group,H,1,2,detailed_2005_2021,1491.89,1500.0,-8.11,0.488,31,118,0.3305084745762712,1.2118644067796611,1.3644067796610169,1.7627118644067796,-0.3983050847457627,1464.6,305,6,0.0,0.16666666666666666,0.6666666666666666,3.6666666666666665,-3.0,1432.3,32.299999999999955,0.3305084745762712,1.0451977401129944,0.6977401129943502,-1.903954802259887
773,2012-09-19,Bayern München,Valencia,2,1,round : 1,F,Bayern Munich,Valencia CF,2,1,False,2012,1,Group,H,1,1,detailed_2005_2021,1621.193,1524.796,96.398,0.635,2,388,0.595360824742268,1.9871134020618557,2.105670103092784,1.0051546391752575,1.1005154639175259,1636.0,23,116,0.41379310344827586,1.5344827586206897,1.456896551724138,1.0775862068965518,0.3793103448275862,1535.9,100.09999999999991,0.18156772129399218,0.452630643441166,0.6487735513686461,-0.07243156772129433
774,2012-09-19,Lille OSC,BATE Borisov,1,3,round : 1,F,Lille OSC,BATE Borisov,1,3,False,2012,1,Group,A,0,-2,detailed_2005_2021,1475.974,1453.482,22.492,0.532,82,46,0.1956521739130435,0.9130434782608695,0.8260869565217391,1.2391304347826086,-0.41304347826086957,1430.7,125,30,0.13333333333333333,0.6333333333333333,0.7333333333333333,2.466666666666667,-1.7333333333333334,1392.5,38.200000000000045,0.062318840579710155,0.2797101449275362,0.09275362318840585,-1.2275362318840581
775,2012-09-19,Barcelona,Spartak Moscow,3,2,round : 1,G,FC Barcelona,Spartak Moskva,3,2,False,2012,1,Group,H,1,1,detailed_2005_2021,1695.142,1472.273,222.868,0.783,3,341,0.5747800586510264,1.9501466275659824,1.9794721407624636,1.0439882697947214,0.9354838709677419,1628.8,34,104,0.3269230769230769,1.2019230769230769,1.4038461538461535,1.625,-0.22115384615384615,1463.4,165.39999999999986,0.2478569817279495,0.7482235506429056,0.5756259869163101,-0.5810117302052786
776,2012-09-19,Celtic,SL Benfica,0,0,round : 1,G,Celtic FC,SL Benfica,0,0,False,2012,1,Group,D,0,0,detailed_2005_2021,1481.974,1497.511,-15.537,0.478,20,156,0.391025641025641,1.3525641025641026,1.3846153846153846,1.4230769230769231,-0.038461538461538464,1488.2,9,266,0.43609022556390975,1.537593984962406,1.6466165413533835,1.218045112781955,0.42857142857142855,1532.9,-44.700000000000045,-0.045064584538268726,-0.18502988239830342,-0.26200115673799895,0.2050318102949682
777,2012-09-19,Manchester United,Galatasaray,1,0,round : 1,H,Manchester United,Galatasaray,1,0,False,2012,1,Group,H,1,1,detailed_2005_2021,1673.793,1460.919,212.874,0.773,4,289,0.5294117647058824,1.8269896193771626,1.813148788927336,1.038062283737024,0.7750865051903114,1599.3,24,161,0.2670807453416149,1.0559006211180124,1.0807453416149069,1.6832298136645962,-0.6024844720496895,1434.0,165.29999999999995,0.26233101936426745,0.7710889982591502,0.7324034473124292,-0.6451675299275723
778,2012-09-19,Sporting Braga,CFR Cluj,0,2,round : 1,H,Sporting Braga,CFR Cluj,0,2,False,2012,1,Group,A,0,-2,detailed_2005_2021,1514.338,1458.196,56.141,0.58,140,18,0.2777777777777778,0.8888888888888888,1.0,2.0,-1.0,1435.3,128,18,0.2777777777777778,1.0,1.1111111111111112,1.5555555555555556,-0.4444444444444444,1454.0,-18.700000000000045,0.0,-0.11111111111111116,-0.11111111111111116,0.4444444444444444
787,2012-10-02,FC Nordsjælland,Chelsea,0,4,round : 2,E,FC Nordsjælland,Chelsea FC,0,4,False,2012,2,Group,A,0,-4,detailed_2005_2021,1489.767,1628.692,-138.926,0.31,305,6,0.0,0.16666666666666666,0.6666666666666666,3.6666666666666665,-3.0,1432.3,10,197,0.5126903553299492,1.8020304568527918,1.7106598984771573,0.934010152284264,0.7766497461928934,1593.5,-161.20000000000005,-0.5126903553299492,-1.635363790186125,-1.0439932318104908,2.7326565143824024
788,2012-10-02,Juventus,Shakhtar Donetsk,1,1,round : 2,E,Juventus,Shakhtar Donetsk,1,1,False,2012,2,Group,D,0,0,detailed_2005_2021,1545.496,1502.124,43.373,0.562,5,297,0.5084175084175084,1.754208754208754,1.589225589225589,1.0134680134680134,0.5757575757575758,1581.5,31,118,0.3305084745762712,1.2118644067796611,1.3644067796610169,1.7627118644067796,-0.3983050847457627,1464.6,116.90000000000009,0.17790903384123724,0.542344347429093,0.22481880956457223,-0.7492438509387662
789,2012-10-02,BATE Borisov,Bayern München,3,1,round : 2,F,BATE Borisov,Bayern Munich,3,1,False,2012,2,Group,H,1,2,detailed_2005_2021,1464.129,1628.488,-164.359,0.28,125,30,0.13333333333333333,0.6333333333333333,0.7333333333333333,2.466666666666667,-1.7333333333333334,1392.5,2,388,0.595360824742268,1.9871134020618557,2.105670103092784,1.0051546391752575,1.1005154639175259,1636.0,-243.5,-0.46202749140893473,-1.3537800687285224,-1.3723367697594506,1.4615120274914093
790,2012-10-02,Valencia,Lille OSC,2,0,round : 2,F,Valencia CF,Lille OSC,2,0,False,2012,2,Group,H,1,2,detailed_2005_2021,1517.501,1465.328,52.173,0.575,23,116,0.41379310344827586,1.5344827586206897,1.456896551724138,1.0775862068965518,0.3793103448275862,1535.9,82,46,0.1956521739130435,0.9130434782608695,0.8260869565217391,1.2391304347826086,-0.41304347826086957,1430.7,105.20000000000005,0.21814092953523237,0.6214392803598202,0.6308095952023988,-0.16154422788605682
791,2012-10-02,Spartak Moscow,Celtic,2,3,round : 2,G,Spartak Moskva,Celtic FC,2,3,False,2012,2,Group,A,0,-1,detailed_2005_2021,1467.932,1482.421,-14.489,0.479,34,104,0.3269230769230769,1.2019230769230769,1.4038461538461535,1.625,-0.22115384615384615,1463.4,20,156,0.391025641025641,1.3525641025641026,1.3846153846153846,1.4230769230769231,-0.038461538461538464,1488.2,-24.799999999999955,-0.0641025641025641,-0.15064102564102577,0.01923076923076894,0.20192307692307687
792,2012-10-02,SL Benfica,Barcelona,0,2,round : 2,G,SL Benfica,FC Barcelona,0,2,False,2012,2,Group,A,0,-2,detailed_2005_2021,1497.064,1699.483,-202.418,0.238,9,266,0.43609022556390975,1.537593984962406,1.6466165413533835,1.218045112781955,0.42857142857142855,1532.9,3,341,0.5747800586510264,1.9501466275659824,1.9794721407624636,1.0439882697947214,0.9354838709677419,1628.8,-95.89999999999986,-0.1386898330871167,-0.4125526426035764,-0.33285559940908005,0.17405684298723356
793,2012-10-02,CFR Cluj,Manchester United,1,2,round : 2,H,CFR Cluj,Manchester United,1,2,False,2012,2,Group,A,0,-1,detailed_2005_2021,1469.798,1678.333,-208.535,0.231,128,18,0.2777777777777778,1.0,1.1111111111111112,1.5555555555555556,-0.4444444444444444,1454.0,4,289,0.5294117647058824,1.8269896193771626,1.813148788927336,1.038062283737024,0.7750865051903114,1599.3,-145.29999999999995,-0.25163398692810457,-0.8269896193771626,-0.702037677816225,0.5174932718185317
794,2012-10-02,Galatasaray,Sporting Braga,0,2,round : 2,H,Galatasaray,Sporting Braga,0,2,False,2012,2,Group,A,0,-2,detailed_2005_2021,1456.379,1502.736,-46.356,0.434,24,161,0.2670807453416149,1.0559006211180124,1.0807453416149069,1.6832298136645962,-0.6024844720496895,1434.0,140,18,0.2777777777777778,0.8888888888888888,1.0,2.0,-1.0,1435.3,-1.2999999999999545,-0.010697032436162879,0.16701173222912358,0.08074534161490687,-0.31677018633540377
779,2012-10-03,Dynamo Kyiv,GNK Dinamo Zagreb,2,0,round : 2,A,Dinamo Kiev,Dinamo Zagreb,2,0,False,2012,2,Group,H,1,2,detailed_2005_2021,1426.175,1450.31,-24.136,0.465,18,186,0.34946236559139787,1.2688172043010753,1.2311827956989247,1.3494623655913978,-0.11827956989247312,1474.7,94,54,0.14814814814814814,0.6111111111111112,0.7777777777777778,2.1296296296296298,-1.3518518518518519,1356.2,118.5,0.20131421744324973,0.6577060931899641,0.45340501792114696,-0.780167264038232
780,2012-10-03,FC Porto,Paris Saint-Germain,1,0,round : 2,A,FC Porto,Paris Saint-Germain,1,0,False,2012,2,Group,H,1,1,detailed_2005_2021,1532.922,1508.131,24.79,0.536,8,265,0.4528301886792453,1.5773584905660378,1.4792452830188678,1.1547169811320754,0.32452830188679244,1540.4,16,151,0.5231788079470199,1.7615894039735098,1.9470198675496688,1.185430463576159,0.7615894039735099,1574.3,-33.899999999999864,-0.07034861926777458,-0.184230913407472,-0.467774584530801,-0.030713482444083562
781,2012-10-03,Arsenal,Olympiacos,3,1,round : 2,B,Arsenal FC,Olympiakos Piraeus,3,1,False,2012,2,Group,H,1,2,detailed_2005_2021,1605.613,1439.819,165.794,0.722,13,197,0.4720812182741117,1.6395939086294415,1.6446700507614214,1.1472081218274113,0.49746192893401014,1553.2,25,156,0.30128205128205127,1.0833333333333333,1.1282051282051282,1.698717948717949,-0.5705128205128205,1432.0,121.20000000000005,0.17079916699206044,0.5562605752961083,0.5164649225562932,-0.5515098268905376
782,2012-10-03,FC Schalke 04,Montpellier,2,2,round : 2,B,FC Schalke 04,Montpellier HSC,2,2,False,2012,2,Group,D,0,0,detailed_2005_2021,1542.398,1492.758,49.64,0.571,40,73,0.3972602739726027,1.4246575342465753,1.4383561643835616,1.5205479452054795,-0.0821917808219178,1507.5,273,6,0.0,0.3333333333333333,1.0,2.0,-1.0,1446.1,61.40000000000009,0.3972602739726027,1.091324200913242,0.4383561643835616,-0.47945205479452047
783,2012-10-03,Zenit St. Petersburg,Milan,2,3,round : 2,C,Zenit St. Petersburg,AC Milan,2,3,False,2012,2,Group,A,0,-1,detailed_2005_2021,1495.19,1545.941,-50.751,0.427,56,64,0.328125,1.203125,1.1875,1.421875,-0.234375,1466.8,6,265,0.47924528301886793,1.6981132075471699,1.6264150943396227,0.981132075471698,0.6452830188679245,1571.7,-104.90000000000009,-0.15112028301886793,-0.4949882075471699,-0.4389150943396227,0.440742924528302
784,2012-10-03,RSC Anderlecht,Málaga,0,3,round : 2,C,RSC Anderlecht,Málaga CF,0,3,False,2012,2,Group,A,0,-3,detailed_2005_2021,1445.333,1510.154,-64.821,0.408,22,163,0.32515337423312884,1.1901840490797546,1.3312883435582823,1.7239263803680982,-0.39263803680981596,1458.0,134,10,0.4,1.6,1.6,0.9,0.7,1523.2,-65.20000000000005,-0.07484662576687118,-0.4098159509202455,-0.2687116564417178,0.8239263803680982
785,2012-10-03,Ajax,Real Madrid,1,4,round : 2,D,AFC Ajax,Real Madrid,1,4,False,2012,2,Group,A,0,-3,detailed_2005_2021,1494.957,1639.369,-144.412,0.303,11,215,0.46511627906976744,1.627906976744186,1.613953488372093,1.1255813953488372,0.4883720930232558,1552.1,1,486,0.5987654320987654,1.97119341563786,2.213991769547325,1.117283950617284,1.0967078189300412,1630.0,-77.90000000000009,-0.133649153028998,-0.34328643889367405,-0.6000382811752321,0.008297444731553139
786,2012-10-03,Manchester City,Borussia Dortmund,1,1,round : 2,D,Manchester City,Borussia Dortmund,1,1,False,2012,2,Group,D,0,0,detailed_2005_2021,1496.355,1493.246,3.109,0.504,17,127,0.5669291338582677,1.905511811023622,2.118110236220472,1.1496062992125984,0.968503937007874,1604.7,14,176,0.4715909090909091,1.6193181818181819,1.6875,1.2613636363636365,0.42613636363636365,1546.4,58.299999999999955,0.09533822476735859,0.2861936292054401,0.4306102362204718,-0.11175733715103808
803,2012-10-23,FC Nordsjælland,Juventus,1,1,round : 3,E,FC Nordsjælland,Juventus,1,1,False,2012,3,Group,D,0,0,detailed_2005_2021,1483.565,1544.255,-60.69,0.414,305,6,0.0,0.16666666666666666,0.6666666666666666,3.6666666666666665,-3.0,1432.3,5,297,0.5084175084175084,1.754208754208754,1.589225589225589,1.0134680134680134,0.5757575757575758,1581.5,-149.20000000000005,-0.5084175084175084,-1.5875420875420874,-0.9225589225589225,2.653198653198653
804,2012-10-23,Shakhtar Donetsk,Chelsea,2,1,round : 3,E,Shakhtar Donetsk,Chelsea FC,2,1,False,2012,3,Group,H,1,1,detailed_2005_2021,1503.365,1634.894,-131.529,0.319,31,118,0.3305084745762712,1.2118644067796611,1.3644067796610169,1.7627118644067796,-0.3983050847457627,1464.6,10,197,0.5126903553299492,1.8020304568527918,1.7106598984771573,0.934010152284264,0.7766497461928934,1593.5,-128.9000000000001,-0.18218188075367803,-0.5901660500731307,-0.3462531188161404,0.8287017121225156
805,2012-10-23,BATE Borisov,Valencia,0,3,round : 3,F,BATE Borisov,Valencia CF,0,3,False,2012,3,Group,A,0,-3,detailed_2005_2021,1478.535,1526.011,-47.475,0.432,125,30,0.13333333333333333,0.6333333333333333,0.7333333333333333,2.466666666666667,-1.7333333333333334,1392.5,23,116,0.41379310344827586,1.5344827586206897,1.456896551724138,1.0775862068965518,0.3793103448275862,1535.9,-143.4000000000001,-0.2804597701149425,-0.9011494252873564,-0.7235632183908046,1.389080459770115
806,2012-10-23,Lille OSC,Bayern München,0,1,round : 3,F,Lille OSC,Bayern Munich,0,1,False,2012,3,Group,A,0,-1,detailed_2005_2021,1456.818,1614.081,-157.263,0.288,82,46,0.1956521739130435,0.9130434782608695,0.8260869565217391,1.2391304347826086,-0.41304347826086957,1430.7,2,388,0.595360824742268,1.9871134020618557,2.105670103092784,1.0051546391752575,1.1005154639175259,1636.0,-205.29999999999995,-0.3997086508292246,-1.074069923800986,-1.2795831465710448,0.23397579560735116
807,2012-10-23,Spartak Moscow,SL Benfica,2,1,round : 3,G,Spartak Moskva,SL Benfica,2,1,False,2012,3,Group,H,1,1,detailed_2005_2021,1458.349,1492.31,-33.961,0.451,34,104,0.3269230769230769,1.2019230769230769,1.4038461538461535,1.625,-0.22115384615384615,1463.4,9,266,0.43609022556390975,1.537593984962406,1.6466165413533835,1.218045112781955,0.42857142857142855,1532.9,-69.5,-0.10916714864083282,-0.3356709080393292,-0.24277038750723,0.40695488721804507
808,2012-10-23,Barcelona,Celtic,2,1,round : 3,G,FC Barcelona,Celtic FC,2,1,False,2012,3,Group,H,1,1,detailed_2005_2021,1704.237,1492.004,212.233,0.772,3,341,0.5747800586510264,1.9501466275659824,1.9794721407624636,1.0439882697947214,0.9354838709677419,1628.8,20,156,0.391025641025641,1.3525641025641026,1.3846153846153846,1.4230769230769231,-0.038461538461538464,1488.2,140.5999999999999,0.1837544176253854,0.5975825250018798,0.594856756147079,-0.37908865328220176
809,2012-10-23,Galatasaray,CFR Cluj,1,1,round : 3,H,Galatasaray,CFR Cluj,1,1,False,2012,3,Group,D,0,0,detailed_2005_2021,1447.706,1465.17,-17.464,0.475,24,161,0.2670807453416149,1.0559006211180124,1.0807453416149069,1.6832298136645962,-0.6024844720496895,1434.0,128,18,0.2777777777777778,1.0,1.1111111111111112,1.5555555555555556,-0.4444444444444444,1454.0,-20.0,-0.010697032436162879,0.05590062111801242,-0.030365769496204287,0.12767425810904065
810,2012-10-23,Manchester United,Sporting Braga,3,2,round : 3,H,Manchester United,Sporting Braga,3,2,False,2012,3,Group,H,1,1,detailed_2005_2021,1682.961,1511.409,171.552,0.729,4,289,0.5294117647058824,1.8269896193771626,1.813148788927336,1.038062283737024,0.7750865051903114,1599.3,140,18,0.2777777777777778,0.8888888888888888,1.0,2.0,-1.0,1435.3,164.0,0.25163398692810457,0.9381007304882738,0.8131487889273361,-0.9619377162629761
795,2012-10-24,FC Porto,Dynamo Kyiv,3,2,round : 3,A,FC Porto,Dinamo Kiev,3,2,False,2012,3,Group,H,1,1,detailed_2005_2021,1542.209,1436.868,105.341,0.647,8,265,0.4528301886792453,1.5773584905660378,1.4792452830188678,1.1547169811320754,0.32452830188679244,1540.4,18,186,0.34946236559139787,1.2688172043010753,1.2311827956989247,1.3494623655913978,-0.11827956989247312,1474.7,65.70000000000005,0.10336782308784742,0.3085412862649626,0.24806248731994307,-0.19474538445932232
796,2012-10-24,GNK Dinamo Zagreb,Paris Saint-Germain,0,2,round : 3,A,Dinamo Zagreb,Paris Saint-Germain,0,2,False,2012,3,Group,A,0,-2,detailed_2005_2021,1439.617,1498.844,-59.227,0.416,94,54,0.14814814814814814,0.6111111111111112,0.7777777777777778,2.1296296296296298,-1.3518518518518519,1356.2,16,151,0.5231788079470199,1.7615894039735098,1.9470198675496688,1.185430463576159,0.7615894039735099,1574.3,-218.0999999999999,-0.37503065979887173,-1.1504782928623987,-1.169242089771891,0.9441991660534708
797,2012-10-24,Arsenal,FC Schalke 04,0,2,round : 3,B,Arsenal FC,FC Schalke 04,0,2,False,2012,3,Group,A,0,-2,detailed_2005_2021,1611.173,1540.979,70.194,0.6,13,197,0.4720812182741117,1.6395939086294415,1.6446700507614214,1.1472081218274113,0.49746192893401014,1553.2,40,73,0.3972602739726027,1.4246575342465753,1.4383561643835616,1.5205479452054795,-0.0821917808219178,1507.5,45.700000000000045,0.07482094430150898,0.21493637438286628,0.20631388637785975,-0.37333982337806826
798,2012-10-24,Montpellier,Olympiacos,1,2,round : 3,B,Montpellier HSC,Olympiakos Piraeus,1,2,False,2012,3,Group,A,0,-1,detailed_2005_2021,1494.177,1434.259,59.918,0.585,273,6,0.0,0.3333333333333333,1.0,2.0,-1.0,1446.1,25,156,0.30128205128205127,1.0833333333333333,1.1282051282051282,1.698717948717949,-0.5705128205128205,1432.0,14.099999999999909,-0.30128205128205127,-0.75,-0.1282051282051282,0.3012820512820511
799,2012-10-24,Zenit St. Petersburg,RSC Anderlecht,1,0,round : 3,C,Zenit St. Petersburg,RSC Anderlecht,1,0,False,2012,3,Group,H,1,1,detailed_2005_2021,1486.641,1437.177,49.463,0.571,56,64,0.328125,1.203125,1.1875,1.421875,-0.234375,1466.8,22,163,0.32515337423312884,1.1901840490797546,1.3312883435582823,1.7239263803680982,-0.39263803680981596,1458.0,8.799999999999955,0.0029716257668711554,0.012940950920245387,-0.1437883435582823,-0.3020513803680982
800,2012-10-24,Málaga,Milan,1,0,round : 3,C,Málaga CF,AC Milan,1,0,False,2012,3,Group,H,1,1,detailed_2005_2021,1518.309,1554.491,-36.181,0.448,134,10,0.4,1.6,1.6,0.9,0.7,1523.2,6,265,0.47924528301886793,1.6981132075471699,1.6264150943396227,0.981132075471698,0.6452830188679245,1571.7,-48.5,-0.0792452830188679,-0.09811320754716979,-0.026415094339622636,-0.08113207547169798
801,2012-10-24,Ajax,Manchester City,3,1,round : 3,D,AFC Ajax,Manchester City,3,1,False,2012,3,Group,H,1,2,detailed_2005_2021,1488.89,1496.266,-7.376,0.489,11,215,0.46511627906976744,1.627906976744186,1.613953488372093,1.1255813953488372,0.4883720930232558,1552.1,17,127,0.5669291338582677,1.905511811023622,2.118110236220472,1.1496062992125984,0.968503937007874,1604.7,-52.600000000000136,-0.10181285478850027,-0.27760483427943594,-0.5041567478483788,-0.024024903863761216
802,2012-10-24,Borussia Dortmund,Real Madrid,2,1,round : 3,D,Borussia Dortmund,Real Madrid,2,1,False,2012,3,Group,H,1,1,detailed_2005_2021,1493.335,1645.436,-152.101,0.294,14,176,0.4715909090909091,1.6193181818181819,1.6875,1.2613636363636365,0.42613636363636365,1546.4,1,486,0.5987654320987654,1.97119341563786,2.213991769547325,1.117283950617284,1.0967078189300412,1630.0,-83.59999999999991,-0.1271745230078563,-0.3518752338196782,-0.526491769547325,0.14407968574635244
811,2012-11-06,Dynamo Kyiv,FC Porto,0,0,round : 4,A,Dinamo Kiev,FC Porto,0,0,False,2012,4,Group,D,0,0,detailed_2005_2021,1429.81,1549.267,-119.457,0.335,18,186,0.34946236559139787,1.2688172043010753,1.2311827956989247,1.3494623655913978,-0.11827956989247312,1474.7,8,265,0.4528301886792453,1.5773584905660378,1.4792452830188678,1.1547169811320754,0.32452830188679244,1540.4,-65.70000000000005,-0.10336782308784742,-0.3085412862649626,-0.24806248731994307,0.19474538445932232
812,2012-11-06,Paris Saint-Germain,GNK Dinamo Zagreb,4,0,round : 4,A,Paris Saint-Germain,Dinamo Zagreb,4,0,False,2012,4,Group,H,1,4,detailed_2005_2021,1507.155,1431.305,75.85,0.607,16,151,0.5231788079470199,1.7615894039735098,1.9470198675496688,1.185430463576159,0.7615894039735099,1574.3,94,54,0.14814814814814814,0.6111111111111112,0.7777777777777778,2.1296296296296298,-1.3518518518518519,1356.2,218.0999999999999,0.37503065979887173,1.1504782928623987,1.169242089771891,-0.9441991660534708
813,2012-11-06,FC Schalke 04,Arsenal,2,2,round : 4,B,FC Schalke 04,Arsenal FC,2,2,False,2012,4,Group,D,0,0,detailed_2005_2021,1552.972,1599.179,-46.207,0.434,40,73,0.3972602739726027,1.4246575342465753,1.4383561643835616,1.5205479452054795,-0.0821917808219178,1507.5,13,197,0.4720812182741117,1.6395939086294415,1.6446700507614214,1.1472081218274113,0.49746192893401014,1553.2,-45.700000000000045,-0.07482094430150898,-0.21493637438286628,-0.20631388637785975,0.37333982337806826
814,2012-11-06,Olympiacos,Montpellier,3,1,round : 4,B,Olympiakos Piraeus,Montpellier HSC,3,1,False,2012,4,Group,H,1,2,detailed_2005_2021,1445.967,1482.469,-36.503,0.448,25,156,0.30128205128205127,1.0833333333333333,1.1282051282051282,1.698717948717949,-0.5705128205128205,1432.0,273,6,0.0,0.3333333333333333,1.0,2.0,-1.0,1446.1,-14.099999999999909,0.30128205128205127,0.75,0.1282051282051282,-0.3012820512820511
815,2012-11-06,Milan,Málaga,1,1,round : 4,C,AC Milan,Málaga CF,1,1,False,2012,4,Group,D,0,0,detailed_2005_2021,1543.453,1529.347,14.106,0.52,6,265,0.47924528301886793,1.6981132075471699,1.6264150943396227,0.981132075471698,0.6452830188679245,1571.7,134,10,0.4,1.6,1.6,0.9,0.7,1523.2,48.5,0.0792452830188679,0.09811320754716979,0.026415094339622636,0.08113207547169798
816,2012-11-06,RSC Anderlecht,Zenit St. Petersburg,1,0,round : 4,C,RSC Anderlecht,Zenit St. Petersburg,1,0,False,2012,4,Group,H,1,1,detailed_2005_2021,1428.592,1495.227,-66.635,0.405,22,163,0.32515337423312884,1.1901840490797546,1.3312883435582823,1.7239263803680982,-0.39263803680981596,1458.0,56,64,0.328125,1.203125,1.1875,1.421875,-0.234375,1466.8,-8.799999999999955,-0.0029716257668711554,-0.012940950920245387,0.1437883435582823,0.3020513803680982
817,2012-11-06,Manchester City,Ajax,2,2,round : 4,D,Manchester City,AFC Ajax,2,2,False,2012,4,Group,D,0,0,detailed_2005_2021,1486.053,1499.102,-13.048,0.481,17,127,0.5669291338582677,1.905511811023622,2.118110236220472,1.1496062992125984,0.968503937007874,1604.7,11,215,0.46511627906976744,1.627906976744186,1.613953488372093,1.1255813953488372,0.4883720930232558,1552.1,52.600000000000136,0.10181285478850027,0.27760483427943594,0.5041567478483788,0.024024903863761216
818,2012-11-06,Real Madrid,Borussia Dortmund,2,2,round : 4,D,Real Madrid,Borussia Dortmund,2,2,False,2012,4,Group,D,0,0,detailed_2005_2021,1631.318,1507.453,123.865,0.671,1,486,0.5987654320987654,1.97119341563786,2.213991769547325,1.117283950617284,1.0967078189300412,1630.0,14,176,0.4715909090909091,1.6193181818181819,1.6875,1.2613636363636365,0.42613636363636365,1546.4,83.59999999999991,0.1271745230078563,0.3518752338196782,0.526491769547325,-0.14407968574635244
819,2012-11-07,Chelsea,Shakhtar Donetsk,3,2,round : 4,E,Chelsea FC,Shakhtar Donetsk,3,2,False,2012,4,Group,H,1,1,detailed_2005_2021,1621.279,1516.98,104.299,0.646,10,197,0.5126903553299492,1.8020304568527918,1.7106598984771573,0.934010152284264,0.7766497461928934,1593.5,31,118,0.3305084745762712,1.2118644067796611,1.3644067796610169,1.7627118644067796,-0.3983050847457627,1464.6,128.9000000000001,0.18218188075367803,0.5901660500731307,0.3462531188161404,-0.8287017121225156
820,2012-11-07,Juventus,FC Nordsjælland,4,0,round : 4,E,Juventus,FC Nordsjælland,4,0,False,2012,4,Group,H,1,4,detailed_2005_2021,1542.525,1485.294,57.231,0.582,5,297,0.5084175084175084,1.754208754208754,1.589225589225589,1.0134680134680134,0.5757575757575758,1581.5,305,6,0.0,0.16666666666666666,0.6666666666666666,3.6666666666666665,-3.0,1432.3,149.20000000000005,0.5084175084175084,1.5875420875420874,0.9225589225589225,-2.653198653198653
821,2012-11-07,Bayern München,Lille OSC,6,1,round : 4,F,Bayern Munich,Lille OSC,6,1,False,2012,4,Group,H,1,5,detailed_2005_2021,1619.84,1451.059,168.782,0.725,2,388,0.595360824742268,1.9871134020618557,2.105670103092784,1.0051546391752575,1.1005154639175259,1636.0,82,46,0.1956521739130435,0.9130434782608695,0.8260869565217391,1.2391304347826086,-0.41304347826086957,1430.7,205.29999999999995,0.3997086508292246,1.074069923800986,1.2795831465710448,-0.23397579560735116
822,2012-11-07,Valencia,BATE Borisov,4,2,round : 4,F,Valencia CF,BATE Borisov,4,2,False,2012,4,Group,H,1,2,detailed_2005_2021,1534.653,1469.893,64.759,0.592,23,116,0.41379310344827586,1.5344827586206897,1.456896551724138,1.0775862068965518,0.3793103448275862,1535.9,125,30,0.13333333333333333,0.6333333333333333,0.7333333333333333,2.466666666666667,-1.7333333333333334,1392.5,143.4000000000001,0.2804597701149425,0.9011494252873564,0.7235632183908046,-1.389080459770115
823,2012-11-07,Celtic,Barcelona,2,1,round : 4,G,Celtic FC,FC Barcelona,2,1,False,2012,4,Group,H,1,1,detailed_2005_2021,1487.452,1708.79,-221.338,0.219,20,156,0.391025641025641,1.3525641025641026,1.3846153846153846,1.4230769230769231,-0.038461538461538464,1488.2,3,341,0.5747800586510264,1.9501466275659824,1.9794721407624636,1.0439882697947214,0.9354838709677419,1628.8,-140.5999999999999,-0.1837544176253854,-0.5975825250018798,-0.594856756147079,0.37908865328220176
824,2012-11-07,SL Benfica,Spartak Moscow,2,0,round : 4,G,SL Benfica,Spartak Moskva,2,0,False,2012,4,Group,H,1,2,detailed_2005_2021,1481.335,1469.324,12.012,0.517,9,266,0.43609022556390975,1.537593984962406,1.6466165413533835,1.218045112781955,0.42857142857142855,1532.9,34,104,0.3269230769230769,1.2019230769230769,1.4038461538461535,1.625,-0.22115384615384615,1463.4,69.5,0.10916714864083282,0.3356709080393292,0.24277038750723,-0.40695488721804507
825,2012-11-07,CFR Cluj,Galatasaray,1,3,round : 4,H,CFR Cluj,Galatasaray,1,3,False,2012,4,Group,A,0,-2,detailed_2005_2021,1464.668,1448.208,16.46,0.524,128,18,0.2777777777777778,1.0,1.1111111111111112,1.5555555555555556,-0.4444444444444444,1454.0,24,161,0.2670807453416149,1.0559006211180124,1.0807453416149069,1.6832298136645962,-0.6024844720496895,1434.0,20.0,0.010697032436162879,-0.05590062111801242,0.030365769496204287,-0.12767425810904065
826,2012-11-07,Sporting Braga,Manchester United,1,3,round : 4,H,Sporting Braga,Manchester United,1,3,False,2012,4,Group,A,0,-2,detailed_2005_2021,1505.981,1688.389,-182.408,0.259,140,18,0.2777777777777778,0.8888888888888888,1.0,2.0,-1.0,1435.3,4,289,0.5294117647058824,1.8269896193771626,1.813148788927336,1.038062283737024,0.7750865051903114,1599.3,-164.0,-0.25163398692810457,-0.9381007304882738,-0.8131487889273361,0.9619377162629761
835,2012-11-20,FC Nordsjælland,Shakhtar Donetsk,2,5,round : 5,E,FC Nordsjælland,Shakhtar Donetsk,2,5,False,2012,5,Group,A,0,-3,detailed_2005_2021,1476.927,1509.895,-32.968,0.453,305,6,0.0,0.16666666666666666,0.6666666666666666,3.6666666666666665,-3.0,1432.3,31,118,0.3305084745762712,1.2118644067796611,1.3644067796610169,1.7627118644067796,-0.3983050847457627,1464.6,-32.299999999999955,-0.3305084745762712,-1.0451977401129944,-0.6977401129943502,1.903954802259887
836,2012-11-20,Juventus,Chelsea,3,0,round : 5,E,Juventus,Chelsea FC,3,0,False,2012,5,Group,H,1,3,detailed_2005_2021,1550.893,1628.365,-77.472,0.39,5,297,0.5084175084175084,1.754208754208754,1.589225589225589,1.0134680134680134,0.5757575757575758,1581.5,10,197,0.5126903553299492,1.8020304568527918,1.7106598984771573,0.934010152284264,0.7766497461928934,1593.5,-12.0,-0.004272846912440786,-0.047821702644037734,-0.12143430925156817,0.07945786118374942
837,2012-11-20,BATE Borisov,Lille OSC,0,2,round : 5,F,BATE Borisov,Lille OSC,0,2,False,2012,5,Group,A,0,-2,detailed_2005_2021,1461.736,1445.568,16.168,0.523,125,30,0.13333333333333333,0.6333333333333333,0.7333333333333333,2.466666666666667,-1.7333333333333334,1392.5,82,46,0.1956521739130435,0.9130434782608695,0.8260869565217391,1.2391304347826086,-0.41304347826086957,1430.7,-38.200000000000045,-0.062318840579710155,-0.2797101449275362,-0.09275362318840585,1.2275362318840581
838,2012-11-20,Valencia,Bayern München,1,1,round : 5,F,Valencia CF,Bayern Munich,1,1,False,2012,5,Group,D,0,0,detailed_2005_2021,1542.81,1625.332,-82.522,0.383,23,116,0.41379310344827586,1.5344827586206897,1.456896551724138,1.0775862068965518,0.3793103448275862,1535.9,2,388,0.595360824742268,1.9871134020618557,2.105670103092784,1.0051546391752575,1.1005154639175259,1636.0,-100.09999999999991,-0.18156772129399218,-0.452630643441166,-0.6487735513686461,0.07243156772129433
839,2012-11-20,Spartak Moscow,Barcelona,0,3,round : 5,G,Spartak Moskva,FC Barcelona,0,3,False,2012,5,Group,A,0,-3,detailed_2005_2021,1459.669,1693.161,-233.492,0.207,34,104,0.3269230769230769,1.2019230769230769,1.4038461538461535,1.625,-0.22115384615384615,1463.4,3,341,0.5747800586510264,1.9501466275659824,1.9794721407624636,1.0439882697947214,0.9354838709677419,1628.8,-165.39999999999986,-0.2478569817279495,-0.7482235506429056,-0.5756259869163101,0.5810117302052786
840,2012-11-20,SL Benfica,Celtic,2,1,round : 5,G,SL Benfica,Celtic FC,2,1,False,2012,5,Group,H,1,1,detailed_2005_2021,1490.99,1503.081,-12.091,0.483,9,266,0.43609022556390975,1.537593984962406,1.6466165413533835,1.218045112781955,0.42857142857142855,1532.9,20,156,0.391025641025641,1.3525641025641026,1.3846153846153846,1.4230769230769231,-0.038461538461538464,1488.2,44.700000000000045,0.045064584538268726,0.18502988239830342,0.26200115673799895,-0.2050318102949682
841,2012-11-20,CFR Cluj,Sporting Braga,3,1,round : 5,H,CFR Cluj,Sporting Braga,3,1,False,2012,5,Group,H,1,2,detailed_2005_2021,1454.195,1500.797,-46.602,0.433,128,18,0.2777777777777778,1.0,1.1111111111111112,1.5555555555555556,-0.4444444444444444,1454.0,140,18,0.2777777777777778,0.8888888888888888,1.0,2.0,-1.0,1435.3,18.700000000000045,0.0,0.11111111111111116,0.11111111111111116,-0.4444444444444444
842,2012-11-20,Galatasaray,Manchester United,1,0,round : 5,H,Galatasaray,Manchester United,1,0,False,2012,5,Group,H,1,1,detailed_2005_2021,1458.682,1693.574,-234.892,0.206,24,161,0.2670807453416149,1.0559006211180124,1.0807453416149069,1.6832298136645962,-0.6024844720496895,1434.0,4,289,0.5294117647058824,1.8269896193771626,1.813148788927336,1.038062283737024,0.7750865051903114,1599.3,-165.29999999999995,-0.26233101936426745,-0.7710889982591502,-0.7324034473124292,0.6451675299275723
827,2012-11-21,Dynamo Kyiv,Paris Saint-Germain,0,2,round : 5,A,Dinamo Kiev,Paris Saint-Germain,0,2,False,2012,5,Group,A,0,-2,detailed_2005_2021,1433.119,1515.006,-81.887,0.384,18,186,0.34946236559139787,1.2688172043010753,1.2311827956989247,1.3494623655913978,-0.11827956989247312,1474.7,16,151,0.5231788079470199,1.7615894039735098,1.9470198675496688,1.185430463576159,0.7615894039735099,1574.3,-99.59999999999991,-0.173716442355622,-0.4927721996724346,-0.7158370718507441,0.16403190201523876
828,2012-11-21,FC Porto,GNK Dinamo Zagreb,3,0,round : 5,A,FC Porto,Dinamo Zagreb,3,0,False,2012,5,Group,H,1,3,detailed_2005_2021,1545.958,1423.454,122.504,0.669,8,265,0.4528301886792453,1.5773584905660378,1.4792452830188678,1.1547169811320754,0.32452830188679244,1540.4,94,54,0.14814814814814814,0.6111111111111112,0.7777777777777778,2.1296296296296298,-1.3518518518518519,1356.2,184.20000000000005,0.30468204053109715,0.9662473794549267,0.70146750524109,-0.9749126484975543
829,2012-11-21,Arsenal,Montpellier,2,0,round : 5,B,Arsenal FC,Montpellier HSC,2,0,False,2012,5,Group,H,1,2,detailed_2005_2021,1597.857,1471.423,126.435,0.674,13,197,0.4720812182741117,1.6395939086294415,1.6446700507614214,1.1472081218274113,0.49746192893401014,1553.2,273,6,0.0,0.3333333333333333,1.0,2.0,-1.0,1446.1,107.10000000000014,0.4720812182741117,1.3062605752961083,0.6446700507614214,-0.8527918781725887
830,2012-11-21,FC Schalke 04,Olympiacos,1,0,round : 5,B,FC Schalke 04,Olympiakos Piraeus,1,0,False,2012,5,Group,H,1,1,detailed_2005_2021,1554.294,1457.013,97.281,0.636,40,73,0.3972602739726027,1.4246575342465753,1.4383561643835616,1.5205479452054795,-0.0821917808219178,1507.5,25,156,0.30128205128205127,1.0833333333333333,1.1282051282051282,1.698717948717949,-0.5705128205128205,1432.0,75.5,0.09597822269055145,0.341324200913242,0.3101510361784334,-0.17817000351246937
831,2012-11-21,Zenit St. Petersburg,Málaga,2,2,round : 5,C,Zenit St. Petersburg,Málaga CF,2,2,False,2012,5,Group,D,0,0,detailed_2005_2021,1483.332,1529.753,-46.421,0.434,56,64,0.328125,1.203125,1.1875,1.421875,-0.234375,1466.8,134,10,0.4,1.6,1.6,0.9,0.7,1523.2,-56.40000000000009,-0.07187500000000002,-0.3968750000000001,-0.4125000000000001,0.521875
832,2012-11-21,RSC Anderlecht,Milan,1,3,round : 5,C,RSC Anderlecht,AC Milan,1,3,False,2012,5,Group,A,0,-2,detailed_2005_2021,1440.486,1543.047,-102.561,0.357,22,163,0.32515337423312884,1.1901840490797546,1.3312883435582823,1.7239263803680982,-0.39263803680981596,1458.0,6,265,0.47924528301886793,1.6981132075471699,1.6264150943396227,0.981132075471698,0.6452830188679245,1571.7,-113.70000000000005,-0.15409190878573908,-0.5079291584674153,-0.29512675078134043,0.7427943048964002
833,2012-11-21,Ajax,Borussia Dortmund,1,4,round : 5,D,AFC Ajax,Borussia Dortmund,1,4,False,2012,5,Group,A,0,-3,detailed_2005_2021,1498.726,1510.875,-12.148,0.483,11,215,0.46511627906976744,1.627906976744186,1.613953488372093,1.1255813953488372,0.4883720930232558,1552.1,14,176,0.4715909090909091,1.6193181818181819,1.6875,1.2613636363636365,0.42613636363636365,1546.4,5.699999999999818,-0.006474630021141681,0.008588794926004173,-0.07354651162790704,-0.1357822410147993
834,2012-11-21,Manchester City,Real Madrid,1,1,round : 5,D,Manchester City,Real Madrid,1,1,False,2012,5,Group,D,0,0,detailed_2005_2021,1486.429,1627.897,-141.468,0.307,17,127,0.5669291338582677,1.905511811023622,2.118110236220472,1.1496062992125984,0.968503937007874,1604.7,1,486,0.5987654320987654,1.97119341563786,2.213991769547325,1.117283950617284,1.0967078189300412,1630.0,-25.299999999999955,-0.03183629824049772,-0.06568160461423811,-0.09588153332685323,0.032322348595314354
843,2013-02-12,Celtic,Juventus,0,3,round : 18,,Celtic FC,Juventus,0,3,False,2012,18,Knockout,A,0,-3,detailed_2005_2021,1492.733,1563.086,-70.354,0.4,20,156,0.391025641025641,1.3525641025641026,1.3846153846153846,1.4230769230769231,-0.038461538461538464,1488.2,5,297,0.5084175084175084,1.754208754208754,1.589225589225589,1.0134680134680134,0.5757575757575758,1581.5,-93.29999999999995,-0.11739186739186741,-0.40164465164465146,-0.20461020461020452,0.4096089096089097
844,2013-02-12,Valencia,Paris Saint-Germain,1,2,round : 18,,Valencia CF,Paris Saint-Germain,1,2,False,2012,18,Knockout,A,0,-1,detailed_2005_2021,1545.141,1522.692,22.449,0.532,23,116,0.41379310344827586,1.5344827586206897,1.456896551724138,1.0775862068965518,0.3793103448275862,1535.9,16,151,0.5231788079470199,1.7615894039735098,1.9470198675496688,1.185430463576159,0.7615894039735099,1574.3,-38.399999999999864,-0.10938570449874402,-0.2271066453528201,-0.4901233158255309,-0.10784425667960718
845,2013-02-13,Real Madrid,Manchester United,1,1,round : 18,,Real Madrid,Manchester United,1,1,False,2012,18,Knockout,D,0,0,detailed_2005_2021,1624.036,1677.684,-53.648,0.423,1,486,0.5987654320987654,1.97119341563786,2.213991769547325,1.117283950617284,1.0967078189300412,1630.0,4,289,0.5294117647058824,1.8269896193771626,1.813148788927336,1.038062283737024,0.7750865051903114,1599.3,30.700000000000045,0.06935366739288307,0.14420379626069746,0.4008429806199889,0.07922166688026011
846,2013-02-13,Shakhtar Donetsk,Borussia Dortmund,2,2,round : 18,,Shakhtar Donetsk,Borussia Dortmund,2,2,False,2012,18,Knockout,D,0,0,detailed_2005_2021,1518.949,1520.525,-1.576,0.498,31,118,0.3305084745762712,1.2118644067796611,1.3644067796610169,1.7627118644067796,-0.3983050847457627,1464.6,14,176,0.4715909090909091,1.6193181818181819,1.6875,1.2613636363636365,0.42613636363636365,1546.4,-81.80000000000018,-0.14108243451463792,-0.40745377503852076,-0.32309322033898313,0.5013482280431432
847,2013-02-19,Arsenal,Bayern München,1,3,round : 18,,Arsenal FC,Bayern Munich,1,3,False,2012,18,Knockout,A,0,-2,detailed_2005_2021,1604.371,1623.0,-18.63,0.473,13,197,0.4720812182741117,1.6395939086294415,1.6446700507614214,1.1472081218274113,0.49746192893401014,1553.2,2,388,0.595360824742268,1.9871134020618557,2.105670103092784,1.0051546391752575,1.1005154639175259,1636.0,-82.79999999999995,-0.12327960646815633,-0.3475194934324142,-0.46100005233136265,0.14205348265215378
848,2013-02-19,FC Porto,Málaga,1,0,round : 18,,FC Porto,Málaga CF,1,0,False,2012,18,Knockout,H,1,1,detailed_2005_2021,1552.571,1528.425,24.147,0.535,8,265,0.4528301886792453,1.5773584905660378,1.4792452830188678,1.1547169811320754,0.32452830188679244,1540.4,134,10,0.4,1.6,1.6,0.9,0.7,1523.2,17.200000000000045,0.05283018867924527,-0.02264150943396226,-0.12075471698113227,0.2547169811320754
849,2013-02-20,Galatasaray,FC Schalke 04,1,1,round : 18,,Galatasaray,FC Schalke 04,1,1,False,2012,18,Knockout,D,0,0,detailed_2005_2021,1474.571,1561.565,-86.994,0.377,24,161,0.2670807453416149,1.0559006211180124,1.0807453416149069,1.6832298136645962,-0.6024844720496895,1434.0,40,73,0.3972602739726027,1.4246575342465753,1.4383561643835616,1.5205479452054795,-0.0821917808219178,1507.5,-73.5,-0.1301795286309878,-0.36875691312856285,-0.35761082276865475,0.1626818684591167
850,2013-02-20,Milan,Barcelona,2,0,round : 18,,AC Milan,FC Barcelona,2,0,False,2012,18,Knockout,H,1,2,detailed_2005_2021,1550.178,1697.298,-147.119,0.3,6,265,0.47924528301886793,1.6981132075471699,1.6264150943396227,0.981132075471698,0.6452830188679245,1571.7,3,341,0.5747800586510264,1.9501466275659824,1.9794721407624636,1.0439882697947214,0.9354838709677419,1628.8,-57.09999999999991,-0.09553477563215851,-0.25203342001881257,-0.35305704642284086,-0.06285619432302336
851,2013-03-05,Borussia Dortmund,Shakhtar Donetsk,3,0,round : 18,,Borussia Dortmund,Shakhtar Donetsk,3,0,False,2012,18,Knockout,H,1,3,detailed_2005_2021,1520.48,1518.994,1.486,0.502,14,176,0.4715909090909091,1.6193181818181819,1.6875,1.2613636363636365,0.42613636363636365,1546.4,31,118,0.3305084745762712,1.2118644067796611,1.3644067796610169,1.7627118644067796,-0.3983050847457627,1464.6,81.80000000000018,0.14108243451463792,0.40745377503852076,0.32309322033898313,-0.5013482280431432
852,2013-03-05,Manchester United,Real Madrid,1,2,round : 18,,Manchester United,Real Madrid,1,2,False,2012,18,Knockout,A,0,-1,detailed_2005_2021,1676.152,1625.568,50.584,0.572,4,289,0.5294117647058824,1.8269896193771626,1.813148788927336,1.038062283737024,0.7750865051903114,1599.3,1,486,0.5987654320987654,1.97119341563786,2.213991769547325,1.117283950617284,1.0967078189300412,1630.0,-30.700000000000045,-0.06935366739288307,-0.14420379626069746,-0.4008429806199889,-0.07922166688026011
853,2013-03-06,Juventus,Celtic,2,0,round : 18,,Juventus,Celtic FC,2,0,False,2012,18,Knockout,H,1,2,detailed_2005_2021,1571.089,1484.731,86.358,0.622,5,297,0.5084175084175084,1.754208754208754,1.589225589225589,1.0134680134680134,0.5757575757575758,1581.5,20,156,0.391025641025641,1.3525641025641026,1.3846153846153846,1.4230769230769231,-0.038461538461538464,1488.2,93.29999999999995,0.11739186739186741,0.40164465164465146,0.20461020461020452,-0.4096089096089097
854,2013-03-06,Paris Saint-Germain,Valencia,1,1,round : 18,,Paris Saint-Germain,Valencia CF,1,1,False,2012,18,Knockout,D,0,0,detailed_2005_2021,1533.337,1534.496,-1.159,0.498,16,151,0.5231788079470199,1.7615894039735098,1.9470198675496688,1.185430463576159,0.7615894039735099,1574.3,23,116,0.41379310344827586,1.5344827586206897,1.456896551724138,1.0775862068965518,0.3793103448275862,1535.9,38.399999999999864,0.10938570449874402,0.2271066453528201,0.4901233158255309,0.10784425667960718
855,2013-03-12,Barcelona,Milan,4,0,round : 18,,FC Barcelona,AC Milan,4,0,False,2012,18,Knockout,H,1,4,detailed_2005_2021,1683.299,1564.177,119.123,0.665,3,341,0.5747800586510264,1.9501466275659824,1.9794721407624636,1.0439882697947214,0.9354838709677419,1628.8,6,265,0.47924528301886793,1.6981132075471699,1.6264150943396227,0.981132075471698,0.6452830188679245,1571.7,57.09999999999991,0.09553477563215851,0.25203342001881257,0.35305704642284086,0.06285619432302336
856,2013-03-12,FC Schalke 04,Galatasaray,2,3,round : 18,,FC Schalke 04,Galatasaray,2,3,False,2012,18,Knockout,A,0,-1,detailed_2005_2021,1559.112,1477.024,82.088,0.616,40,73,0.3972602739726027,1.4246575342465753,1.4383561643835616,1.5205479452054795,-0.0821917808219178,1507.5,24,161,0.2670807453416149,1.0559006211180124,1.0807453416149069,1.6832298136645962,-0.6024844720496895,1434.0,73.5,0.1301795286309878,0.36875691312856285,0.35761082276865475,-0.1626818684591167
857,2013-03-13,Bayern München,Arsenal,0,2,round : 18,,Bayern Munich,Arsenal FC,0,2,False,2012,18,Knockout,A,0,-2,detailed_2005_2021,1632.465,1594.906,37.558,0.554,2,388,0.595360824742268,1.9871134020618557,2.105670103092784,1.0051546391752575,1.1005154639175259,1636.0,13,197,0.4720812182741117,1.6395939086294415,1.6446700507614214,1.1472081218274113,0.49746192893401014,1553.2,82.79999999999995,0.12327960646815633,0.3475194934324142,0.46100005233136265,-0.14205348265215378
858,2013-03-13,Málaga,FC Porto,2,0,round : 18,,Málaga CF,FC Porto,2,0,False,2012,18,Knockout,H,1,2,detailed_2005_2021,1519.119,1561.877,-42.759,0.439,134,10,0.4,1.6,1.6,0.9,0.7,1523.2,8,265,0.4528301886792453,1.5773584905660378,1.4792452830188678,1.1547169811320754,0.32452830188679244,1540.4,-17.200000000000045,-0.05283018867924527,0.02264150943396226,0.12075471698113227,-0.2547169811320754
859,2013-04-02,Bayern München,Juventus,2,0,round : quarterfinals,,Bayern Munich,Juventus,2,0,False,2012,quarterfinals,Knockout,H,1,2,detailed_2005_2021,1621.388,1578.653,42.735,0.561,2,388,0.595360824742268,1.9871134020618557,2.105670103092784,1.0051546391752575,1.1005154639175259,1636.0,5,297,0.5084175084175084,1.754208754208754,1.589225589225589,1.0134680134680134,0.5757575757575758,1581.5,54.5,0.0869433163247596,0.2329046478531016,0.5164445138671949,-0.008313374292755915
860,2013-04-02,Paris Saint-Germain,Barcelona,2,2,round : quarterfinals,,Paris Saint-Germain,FC Barcelona,2,2,False,2012,quarterfinals,Knockout,D,0,0,detailed_2005_2021,1533.371,1689.999,-156.628,0.289,16,151,0.5231788079470199,1.7615894039735098,1.9470198675496688,1.185430463576159,0.7615894039735099,1574.3,3,341,0.5747800586510264,1.9501466275659824,1.9794721407624636,1.0439882697947214,0.9354838709677419,1628.8,-54.5,-0.05160125070400656,-0.18855722359247262,-0.03245227321279476,0.14144219378143763
861,2013-04-03,Málaga,Borussia Dortmund,0,0,round : quarterfinals,,Málaga CF,Borussia Dortmund,0,0,False,2012,quarterfinals,Knockout,D,0,0,detailed_2005_2021,1530.343,1530.437,-0.094,0.5,134,10,0.4,1.6,1.6,0.9,0.7,1523.2,14,176,0.4715909090909091,1.6193181818181819,1.6875,1.2613636363636365,0.42613636363636365,1546.4,-23.200000000000045,-0.0715909090909091,-0.01931818181818179,-0.08749999999999991,-0.36136363636363644
862,2013-04-03,Real Madrid,Galatasaray,3,0,round : quarterfinals,,Real Madrid,Galatasaray,3,0,False,2012,quarterfinals,Knockout,H,1,3,detailed_2005_2021,1637.014,1489.344,147.67,0.701,1,486,0.5987654320987654,1.97119341563786,2.213991769547325,1.117283950617284,1.0967078189300412,1630.0,24,161,0.2670807453416149,1.0559006211180124,1.0807453416149069,1.6832298136645962,-0.6024844720496895,1434.0,196.0,0.3316846867571505,0.9152927945198477,1.1332464279324181,-0.5659458630473122
863,2013-04-09,Borussia Dortmund,Málaga,3,2,round : quarterfinals,,Borussia Dortmund,Málaga CF,3,2,False,2012,quarterfinals,Knockout,H,1,1,detailed_2005_2021,1530.434,1530.346,0.089,0.5,14,176,0.4715909090909091,1.6193181818181819,1.6875,1.2613636363636365,0.42613636363636365,1546.4,134,10,0.4,1.6,1.6,0.9,0.7,1523.2,23.200000000000045,0.0715909090909091,0.01931818181818179,0.08749999999999991,0.36136363636363644
864,2013-04-09,Galatasaray,Real Madrid,3,2,round : quarterfinals,,Galatasaray,Real Madrid,3,2,False,2012,quarterfinals,Knockout,H,1,1,detailed_2005_2021,1483.355,1643.002,-159.647,0.285,24,161,0.2670807453416149,1.0559006211180124,1.0807453416149069,1.6832298136645962,-0.6024844720496895,1434.0,1,486,0.5987654320987654,1.97119341563786,2.213991769547325,1.117283950617284,1.0967078189300412,1630.0,-196.0,-0.3316846867571505,-0.9152927945198477,-1.1332464279324181,0.5659458630473122
865,2013-04-10,Barcelona,Paris Saint-Germain,1,1,round : quarterfinals,,FC Barcelona,Paris Saint-Germain,1,1,False,2012,quarterfinals,Knockout,D,0,0,detailed_2005_2021,1685.773,1537.596,148.177,0.701,3,341,0.5747800586510264,1.9501466275659824,1.9794721407624636,1.0439882697947214,0.9354838709677419,1628.8,16,151,0.5231788079470199,1.7615894039735098,1.9470198675496688,1.185430463576159,0.7615894039735099,1574.3,54.5,0.05160125070400656,0.18855722359247262,0.03245227321279476,-0.14144219378143763
866,2013-04-10,Juventus,Bayern München,0,2,round : quarterfinals,,Juventus,Bayern Munich,0,2,False,2012,quarterfinals,Knockout,A,0,-2,detailed_2005_2021,1569.877,1630.164,-60.287,0.414,5,297,0.5084175084175084,1.754208754208754,1.589225589225589,1.0134680134680134,0.5757575757575758,1581.5,2,388,0.595360824742268,1.9871134020618557,2.105670103092784,1.0051546391752575,1.1005154639175259,1636.0,-54.5,-0.0869433163247596,-0.2329046478531016,-0.5164445138671949,0.008313374292755915
867,2013-04-23,Bayern München,Barcelona,4,0,round : semifinals,,Bayern Munich,FC Barcelona,4,0,False,2012,semifinals,Knockout,H,1,4,detailed_2005_2021,1638.446,1681.75,-43.304,0.438,2,388,0.595360824742268,1.9871134020618557,2.105670103092784,1.0051546391752575,1.1005154639175259,1636.0,3,341,0.5747800586510264,1.9501466275659824,1.9794721407624636,1.0439882697947214,0.9354838709677419,1628.8,7.2000000000000455,0.020580766091241598,0.03696677449587327,0.12619796233032043,-0.03883363061946388
868,2013-04-24,Borussia Dortmund,Real Madrid,4,1,round : semifinals,,Borussia Dortmund,Real Madrid,4,1,False,2012,semifinals,Knockout,H,1,3,detailed_2005_2021,1540.432,1628.706,-88.274,0.376,14,176,0.4715909090909091,1.6193181818181819,1.6875,1.2613636363636365,0.42613636363636365,1546.4,1,486,0.5987654320987654,1.97119341563786,2.213991769547325,1.117283950617284,1.0967078189300412,1630.0,-83.59999999999991,-0.1271745230078563,-0.3518752338196782,-0.526491769547325,0.14407968574635244
869,2013-04-30,Real Madrid,Borussia Dortmund,2,0,round : semifinals,,Real Madrid,Borussia Dortmund,2,0,False,2012,semifinals,Knockout,H,1,2,detailed_2005_2021,1616.218,1552.919,63.299,0.59,1,486,0.5987654320987654,1.97119341563786,2.213991769547325,1.117283950617284,1.0967078189300412,1630.0,14,176,0.4715909090909091,1.6193181818181819,1.6875,1.2613636363636365,0.42613636363636365,1546.4,83.59999999999991,0.1271745230078563,0.3518752338196782,0.526491769547325,-0.14407968574635244
870,2013-05-01,Barcelona,Bayern München,0,3,round : semifinals,,FC Barcelona,Bayern Munich,0,3,False,2012,semifinals,Knockout,A,0,-3,detailed_2005_2021,1670.51,1649.686,20.824,0.53,3,341,0.5747800586510264,1.9501466275659824,1.9794721407624636,1.0439882697947214,0.9354838709677419,1628.8,2,388,0.595360824742268,1.9871134020618557,2.105670103092784,1.0051546391752575,1.1005154639175259,1636.0,-7.2000000000000455,-0.020580766091241598,-0.03696677449587327,-0.12619796233032043,0.03883363061946388
871,2013-05-25,Borussia Dortmund,Bayern München,1,2,round : final,,Borussia Dortmund,Bayern Munich,1,2,False,2012,final,Knockout,A,0,-1,detailed_2005_2021,1544.721,1660.285,-115.563,0.34,14,176,0.4715909090909091,1.6193181818181819,1.6875,1.2613636363636365,0.42613636363636365,1546.4,2,388,0.595360824742268,1.9871134020618557,2.105670103092784,1.0051546391752575,1.1005154639175259,1636.0,-89.59999999999991,-0.12376991565135892,-0.36779522024367384,-0.418170103092784,0.256208997188379
872,2013-09-17,Manchester United,Bayer 04 Leverkusen,4,2,round : 1,A,Manchester United,Bayer Leverkusen,4,2,False,2013,1,Group,H,1,2,detailed_2005_2021,1664.706,1506.516,158.191,0.713,4,289,0.5294117647058824,1.8269896193771626,1.813148788927336,1.038062283737024,0.7750865051903114,1599.3,32,107,0.34579439252336447,1.2710280373831775,1.383177570093458,1.6355140186915889,-0.2523364485981308,1478.1,121.20000000000005,0.1836173721825179,0.5559615819939852,0.429971218833878,-0.5974517349545649
873,2013-09-17,Real Sociedad,Shakhtar Donetsk,0,2,round : 1,A,Real Sociedad,Shakhtar Donetsk,0,2,False,2013,1,Group,A,0,-2,detailed_2005_2021,1500.0,1509.037,-9.037,0.487,87,32,0.28125,1.125,0.875,1.09375,-0.21875,1466.5,31,118,0.3305084745762712,1.2118644067796611,1.3644067796610169,1.7627118644067796,-0.3983050847457627,1464.6,1.900000000000091,-0.049258474576271194,-0.08686440677966112,-0.48940677966101687,-0.6689618644067796
874,2013-09-17,FC København,Juventus,1,1,round : 1,B,FC København,Juventus,1,1,False,2013,1,Group,D,0,0,detailed_2005_2021,1488.313,1561.595,-73.282,0.396,79,44,0.25,1.0227272727272727,0.8863636363636364,1.5227272727272727,-0.6363636363636364,1445.3,5,297,0.5084175084175084,1.754208754208754,1.589225589225589,1.0134680134680134,0.5757575757575758,1581.5,-136.20000000000005,-0.25841750841750843,-0.7314814814814814,-0.7028619528619527,0.5092592592592593
875,2013-09-17,Galatasaray,Real Madrid,1,6,round : 1,B,Galatasaray,Real Madrid,1,6,False,2013,1,Group,A,0,-5,detailed_2005_2021,1497.652,1624.416,-126.764,0.325,24,161,0.2670807453416149,1.0559006211180124,1.0807453416149069,1.6832298136645962,-0.6024844720496895,1434.0,1,486,0.5987654320987654,1.97119341563786,2.213991769547325,1.117283950617284,1.0967078189300412,1630.0,-196.0,-0.3316846867571505,-0.9152927945198477,-1.1332464279324181,0.5659458630473122
876,2013-09-17,Olympiacos,Paris Saint-Germain,1,4,round : 1,C,Olympiakos Piraeus,Paris Saint-Germain,1,4,False,2013,1,Group,A,0,-3,detailed_2005_2021,1449.742,1541.62,-91.878,0.371,25,156,0.30128205128205127,1.0833333333333333,1.1282051282051282,1.698717948717949,-0.5705128205128205,1432.0,16,151,0.5231788079470199,1.7615894039735098,1.9470198675496688,1.185430463576159,0.7615894039735099,1574.3,-142.29999999999995,-0.2218967566649686,-0.6782560706401766,-0.8188147393445406,0.5132874851417899
877,2013-09-17,SL Benfica,RSC Anderlecht,2,0,round : 1,C,SL Benfica,RSC Anderlecht,2,0,False,2013,1,Group,H,1,2,detailed_2005_2021,1501.338,1433.355,67.982,0.597,9,266,0.43609022556390975,1.537593984962406,1.6466165413533835,1.218045112781955,0.42857142857142855,1532.9,22,163,0.32515337423312884,1.1901840490797546,1.3312883435582823,1.7239263803680982,-0.39263803680981596,1458.0,74.90000000000009,0.1109368513307809,0.34740993588265145,0.31532819779510124,-0.5058812675861433
878,2013-09-17,Bayern München,CSKA Moscow,3,0,round : 1,D,Bayern Munich,CSKA Moskva,3,0,False,2013,1,Group,H,1,3,detailed_2005_2021,1667.076,1473.066,194.01,0.753,2,388,0.595360824742268,1.9871134020618557,2.105670103092784,1.0051546391752575,1.1005154639175259,1636.0,47,86,0.26744186046511625,1.0348837209302326,1.1395348837209305,1.6395348837209305,-0.5,1433.7,202.29999999999995,0.3279189642771518,0.9522296811316231,0.9661352193718535,-0.634380244545673
879,2013-09-17,Viktoria Plzeň,Manchester City,0,3,round : 1,D,Viktoria Plzeň,Manchester City,0,3,False,2013,1,Group,A,0,-3,detailed_2005_2021,1490.109,1490.29,-0.181,0.5,145,24,0.16666666666666666,0.625,0.9583333333333334,2.875,-1.9166666666666667,1394.2,17,127,0.5669291338582677,1.905511811023622,2.118110236220472,1.1496062992125984,0.968503937007874,1604.7,-210.5,-0.4002624671916011,-1.280511811023622,-1.1597769028871383,1.7253937007874016
880,2013-09-18,Chelsea,FC Basel,1,2,round : 1,E,Chelsea FC,FC Basel,1,2,False,2013,1,Group,A,0,-1,detailed_2005_2021,1616.171,1489.536,126.635,0.675,10,197,0.5126903553299492,1.8020304568527918,1.7106598984771573,0.934010152284264,0.7766497461928934,1593.5,41,82,0.35365853658536583,1.2439024390243902,1.3780487804878048,1.8170731707317076,-0.43902439024390244,1469.3,124.20000000000005,0.1590318187445834,0.5581280178284016,0.3326111179893525,-0.8830630184474436
881,2013-09-18,FC Schalke 04,FCSB,3,0,round : 1,E,FC Schalke 04,FCSB,3,0,False,2013,1,Group,H,1,3,detailed_2005_2021,1546.793,1422.325,124.467,0.672,40,73,0.3972602739726027,1.4246575342465753,1.4383561643835616,1.5205479452054795,-0.0821917808219178,1507.5,45,87,0.28735632183908044,1.1149425287356323,1.1954022988505748,1.471264367816092,-0.27586206896551724,1451.0,56.5,0.10990395213352228,0.309715005510943,0.2429538655329868,0.0492835773893876
882,2013-09-18,Napoli,Borussia Dortmund,2,1,round : 1,F,SSC Napoli,Borussia Dortmund,2,1,False,2013,1,Group,H,1,1,detailed_2005_2021,1520.213,1537.93,-17.717,0.475,39,66,0.45454545454545453,1.621212121212121,1.7121212121212122,1.2575757575757576,0.45454545454545453,1544.7,14,176,0.4715909090909091,1.6193181818181819,1.6875,1.2613636363636365,0.42613636363636365,1546.4,-1.7000000000000455,-0.017045454545454586,0.0018939393939392257,0.024621212121212155,-0.0037878787878788955
883,2013-09-18,Olympique de Marseille,Arsenal,1,2,round : 1,F,Olympique Marseille,Arsenal FC,1,2,False,2013,1,Group,A,0,-1,detailed_2005_2021,1486.944,1605.983,-119.04,0.335,29,110,0.39090909090909093,1.3363636363636364,1.4636363636363636,1.2727272727272727,0.19090909090909092,1484.0,13,197,0.4720812182741117,1.6395939086294415,1.6446700507614214,1.1472081218274113,0.49746192893401014,1553.2,-69.20000000000005,-0.08117212736502077,-0.3032302722658051,-0.18103368712505774,0.12551915089986143
884,2013-09-18,Atlético Madrid,Zenit St. Petersburg,3,1,round : 1,G,Atlético Madrid,Zenit St. Petersburg,3,1,False,2013,1,Group,H,1,2,detailed_2005_2021,1513.908,1484.66,29.248,0.542,15,166,0.4759036144578313,1.6927710843373494,1.4578313253012047,0.9879518072289156,0.46987951807228917,1568.1,56,64,0.328125,1.203125,1.1875,1.421875,-0.234375,1466.8,101.29999999999995,0.1477786144578313,0.48964608433734935,0.27033132530120474,-0.4339231927710844
885,2013-09-18,Austria Wien,FC Porto,0,1,round : 1,G,Austria Wien,FC Porto,0,1,False,2013,1,Group,A,0,-1,detailed_2005_2021,1500.0,1550.653,-50.653,0.428,53,63,0.3492063492063492,1.253968253968254,1.4444444444444444,1.5873015873015872,-0.14285714285714285,1474.8,8,265,0.4528301886792453,1.5773584905660378,1.4792452830188678,1.1547169811320754,0.32452830188679244,1540.4,-65.60000000000014,-0.1036238394728961,-0.3233902365977839,-0.0348008385744234,0.4325846061695118
886,2013-09-18,Barcelona,Ajax,4,0,round : 1,H,FC Barcelona,AFC Ajax,4,0,False,2013,1,Group,H,1,4,detailed_2005_2021,1659.911,1489.076,170.835,0.728,3,341,0.5747800586510264,1.9501466275659824,1.9794721407624636,1.0439882697947214,0.9354838709677419,1628.8,11,215,0.46511627906976744,1.627906976744186,1.613953488372093,1.1255813953488372,0.4883720930232558,1552.1,76.70000000000005,0.109663779581259,0.3222396508217964,0.3655186523903706,-0.0815931255541158
887,2013-09-18,Milan,Celtic,2,0,round : 1,H,AC Milan,Celtic FC,2,0,False,2013,1,Group,H,1,2,detailed_2005_2021,1557.477,1477.166,80.311,0.614,6,265,0.47924528301886793,1.6981132075471699,1.6264150943396227,0.981132075471698,0.6452830188679245,1571.7,20,156,0.391025641025641,1.3525641025641026,1.3846153846153846,1.4230769230769231,-0.038461538461538464,1488.2,83.5,0.0882196419932269,0.34554910498306723,0.24179970972423814,-0.4419448476052251
896,2013-10-01,FC Basel,FC Schalke 04,0,1,round : 2,E,FC Basel,FC Schalke 04,0,1,False,2013,2,Group,A,0,-1,detailed_2005_2021,1503.028,1553.356,-50.328,0.428,41,82,0.35365853658536583,1.2439024390243902,1.3780487804878048,1.8170731707317076,-0.43902439024390244,1469.3,40,73,0.3972602739726027,1.4246575342465753,1.4383561643835616,1.5205479452054795,-0.0821917808219178,1507.5,-38.200000000000045,-0.04360173738723688,-0.18075509522218502,-0.06030738389575685,0.29652522552622806
897,2013-10-01,FCSB,Chelsea,0,4,round : 2,E,FCSB,Chelsea FC,0,4,False,2013,2,Group,A,0,-4,detailed_2005_2021,1415.762,1602.679,-186.917,0.254,45,87,0.28735632183908044,1.1149425287356323,1.1954022988505748,1.471264367816092,-0.27586206896551724,1451.0,10,197,0.5126903553299492,1.8020304568527918,1.7106598984771573,0.934010152284264,0.7766497461928934,1593.5,-142.5,-0.22533403349086878,-0.6870879281171596,-0.5152575996265825,0.537254215531828
898,2013-10-01,Arsenal,Napoli,2,0,round : 2,F,Arsenal FC,SSC Napoli,2,0,False,2013,2,Group,H,1,2,detailed_2005_2021,1612.685,1530.722,81.963,0.616,13,197,0.4720812182741117,1.6395939086294415,1.6446700507614214,1.1472081218274113,0.49746192893401014,1553.2,39,66,0.45454545454545453,1.621212121212121,1.7121212121212122,1.2575757575757576,0.45454545454545453,1544.7,8.5,0.017535763728657172,0.01838178741732044,-0.06745116135979079,-0.1103676357483463
899,2013-10-01,Borussia Dortmund,Olympique de Marseille,3,0,round : 2,F,Borussia Dortmund,Olympique Marseille,3,0,False,2013,2,Group,H,1,3,detailed_2005_2021,1527.421,1480.242,47.179,0.567,14,176,0.4715909090909091,1.6193181818181819,1.6875,1.2613636363636365,0.42613636363636365,1546.4,29,110,0.39090909090909093,1.3363636363636364,1.4636363636363636,1.2727272727272727,0.19090909090909092,1484.0,62.40000000000009,0.08068181818181819,0.28295454545454546,0.22386363636363638,-0.011363636363636243
900,2013-10-01,Zenit St. Petersburg,Austria Wien,0,0,round : 2,G,Zenit St. Petersburg,Austria Wien,0,0,False,2013,2,Group,D,0,0,detailed_2005_2021,1475.5,1491.448,-15.948,0.477,56,64,0.328125,1.203125,1.1875,1.421875,-0.234375,1466.8,53,63,0.3492063492063492,1.253968253968254,1.4444444444444444,1.5873015873015872,-0.14285714285714285,1474.8,-8.0,-0.021081349206349187,-0.050843253968253954,-0.2569444444444444,-0.1654265873015872
901,2013-10-01,FC Porto,Atlético Madrid,1,2,round : 2,G,FC Porto,Atlético Madrid,1,2,False,2013,2,Group,A,0,-1,detailed_2005_2021,1559.205,1523.068,36.137,0.552,8,265,0.4528301886792453,1.5773584905660378,1.4792452830188678,1.1547169811320754,0.32452830188679244,1540.4,15,166,0.4759036144578313,1.6927710843373494,1.4578313253012047,0.9879518072289156,0.46987951807228917,1568.1,-27.699999999999818,-0.02307342577858601,-0.11541259377131152,0.02141395771766308,0.1667651739031598
902,2013-10-01,Ajax,Milan,1,1,round : 2,H,AFC Ajax,AC Milan,1,1,False,2013,2,Group,D,0,0,detailed_2005_2021,1483.632,1565.206,-81.574,0.385,11,215,0.46511627906976744,1.627906976744186,1.613953488372093,1.1255813953488372,0.4883720930232558,1552.1,6,265,0.47924528301886793,1.6981132075471699,1.6264150943396227,0.981132075471698,0.6452830188679245,1571.7,-19.600000000000136,-0.014129003949100494,-0.07020623080298383,-0.012461605967529765,0.14444931987713916
903,2013-10-01,Celtic,Barcelona,0,1,round : 2,H,Celtic FC,FC Barcelona,0,1,False,2013,2,Group,A,0,-1,detailed_2005_2021,1469.437,1665.355,-195.918,0.245,20,156,0.391025641025641,1.3525641025641026,1.3846153846153846,1.4230769230769231,-0.038461538461538464,1488.2,3,341,0.5747800586510264,1.9501466275659824,1.9794721407624636,1.0439882697947214,0.9354838709677419,1628.8,-140.5999999999999,-0.1837544176253854,-0.5975825250018798,-0.594856756147079,0.37908865328220176
888,2013-10-02,Bayer 04 Leverkusen,Real Sociedad,2,1,round : 2,A,Bayer Leverkusen,Real Sociedad,2,1,False,2013,2,Group,H,1,1,detailed_2005_2021,1500.778,1490.26,10.518,0.515,32,107,0.34579439252336447,1.2710280373831775,1.383177570093458,1.6355140186915889,-0.2523364485981308,1478.1,87,32,0.28125,1.125,0.875,1.09375,-0.21875,1466.5,11.599999999999909,0.06454439252336447,0.1460280373831775,0.5081775700934581,0.5417640186915889
889,2013-10-02,Shakhtar Donetsk,Manchester United,1,1,round : 2,A,Shakhtar Donetsk,Manchester United,1,1,False,2013,2,Group,D,0,0,detailed_2005_2021,1518.777,1670.444,-151.667,0.295,31,118,0.3305084745762712,1.2118644067796611,1.3644067796610169,1.7627118644067796,-0.3983050847457627,1464.6,4,289,0.5294117647058824,1.8269896193771626,1.813148788927336,1.038062283737024,0.7750865051903114,1599.3,-134.70000000000005,-0.19890329012961117,-0.6151252125975015,-0.44874200926631924,0.7246495806697557
890,2013-10-02,Juventus,Galatasaray,2,2,round : 2,B,Juventus,Galatasaray,2,2,False,2013,2,Group,D,0,0,detailed_2005_2021,1559.516,1491.147,68.369,0.597,5,297,0.5084175084175084,1.754208754208754,1.589225589225589,1.0134680134680134,0.5757575757575758,1581.5,24,161,0.2670807453416149,1.0559006211180124,1.0807453416149069,1.6832298136645962,-0.6024844720496895,1434.0,147.5,0.24133676307589352,0.6983081330907417,0.5084802476106822,-0.6697618001965828
891,2013-10-02,Real Madrid,FC København,4,0,round : 2,B,Real Madrid,FC København,4,0,False,2013,2,Group,H,1,4,detailed_2005_2021,1630.921,1490.391,140.53,0.692,1,486,0.5987654320987654,1.97119341563786,2.213991769547325,1.117283950617284,1.0967078189300412,1630.0,79,44,0.25,1.0227272727272727,0.8863636363636364,1.5227272727272727,-0.6363636363636364,1445.3,184.70000000000005,0.3487654320987654,0.9484661429105874,1.3276281331836888,-0.4054433221099887
892,2013-10-02,Paris Saint-Germain,SL Benfica,3,0,round : 2,C,Paris Saint-Germain,SL Benfica,3,0,False,2013,2,Group,H,1,3,detailed_2005_2021,1549.036,1509.406,39.63,0.557,16,151,0.5231788079470199,1.7615894039735098,1.9470198675496688,1.185430463576159,0.7615894039735099,1574.3,9,266,0.43609022556390975,1.537593984962406,1.6466165413533835,1.218045112781955,0.42857142857142855,1532.9,41.399999999999864,0.08708858238311012,0.22399541901110376,0.3004033261962853,-0.03261464920579593
893,2013-10-02,RSC Anderlecht,Olympiacos,0,3,round : 2,C,RSC Anderlecht,Olympiakos Piraeus,0,3,False,2013,2,Group,A,0,-3,detailed_2005_2021,1425.288,1442.327,-17.039,0.475,22,163,0.32515337423312884,1.1901840490797546,1.3312883435582823,1.7239263803680982,-0.39263803680981596,1458.0,25,156,0.30128205128205127,1.0833333333333333,1.1282051282051282,1.698717948717949,-0.5705128205128205,1432.0,26.0,0.023871322951077578,0.10685071574642135,0.2030832153531541,0.0252084316501493
894,2013-10-02,CSKA Moscow,Viktoria Plzeň,3,2,round : 2,D,CSKA Moskva,Viktoria Plzeň,3,2,False,2013,2,Group,H,1,1,detailed_2005_2021,1468.134,1480.114,-11.98,0.483,47,86,0.26744186046511625,1.0348837209302326,1.1395348837209305,1.6395348837209305,-0.5,1433.7,145,24,0.16666666666666666,0.625,0.9583333333333334,2.875,-1.9166666666666667,1394.2,39.5,0.1007751937984496,0.4098837209302326,0.1812015503875971,-1.2354651162790695
895,2013-10-02,Manchester City,Bayern München,1,3,round : 2,D,Manchester City,Bayern Munich,1,3,False,2013,2,Group,A,0,-2,detailed_2005_2021,1500.284,1672.008,-171.724,0.271,17,127,0.5669291338582677,1.905511811023622,2.118110236220472,1.1496062992125984,0.968503937007874,1604.7,2,388,0.595360824742268,1.9871134020618557,2.105670103092784,1.0051546391752575,1.1005154639175259,1636.0,-31.299999999999955,-0.028431690884000327,-0.08160159103823372,0.012440133127687769,0.1444516600373409
912,2013-10-22,FCSB,FC Basel,1,1,round : 3,E,FCSB,FC Basel,1,1,False,2013,3,Group,D,0,0,detailed_2005_2021,1410.677,1494.466,-83.79,0.382,45,87,0.28735632183908044,1.1149425287356323,1.1954022988505748,1.471264367816092,-0.27586206896551724,1451.0,41,82,0.35365853658536583,1.2439024390243902,1.3780487804878048,1.8170731707317076,-0.43902439024390244,1469.3,-18.299999999999955,-0.06630221474628539,-0.12895991028875797,-0.18264648163722996,-0.34580880291561567
913,2013-10-22,FC Schalke 04,Chelsea,0,3,round : 3,E,FC Schalke 04,Chelsea FC,0,3,False,2013,3,Group,A,0,-3,detailed_2005_2021,1561.917,1607.765,-45.847,0.434,40,73,0.3972602739726027,1.4246575342465753,1.4383561643835616,1.5205479452054795,-0.0821917808219178,1507.5,10,197,0.5126903553299492,1.8020304568527918,1.7106598984771573,0.934010152284264,0.7766497461928934,1593.5,-86.0,-0.1154300813573465,-0.3773729226062166,-0.27230373409359565,0.5865377929212156
914,2013-10-22,Arsenal,Borussia Dortmund,1,2,round : 3,F,Arsenal FC,Borussia Dortmund,1,2,False,2013,3,Group,A,0,-1,detailed_2005_2021,1620.369,1536.071,84.298,0.619,13,197,0.4720812182741117,1.6395939086294415,1.6446700507614214,1.1472081218274113,0.49746192893401014,1553.2,14,176,0.4715909090909091,1.6193181818181819,1.6875,1.2613636363636365,0.42613636363636365,1546.4,6.7999999999999545,0.0004903091832025863,0.020275726811259664,-0.042829949238578635,-0.11415551453622519
915,2013-10-22,Olympique de Marseille,Napoli,1,2,round : 3,F,Olympique Marseille,SSC Napoli,1,2,False,2013,3,Group,A,0,-1,detailed_2005_2021,1471.591,1523.039,-51.447,0.426,29,110,0.39090909090909093,1.3363636363636364,1.4636363636363636,1.2727272727272727,0.19090909090909092,1484.0,39,66,0.45454545454545453,1.621212121212121,1.7121212121212122,1.2575757575757576,0.45454545454545453,1544.7,-60.700000000000045,-0.0636363636363636,-0.2848484848484847,-0.24848484848484853,0.015151515151515138
916,2013-10-22,Austria Wien,Atlético Madrid,0,3,round : 3,G,Austria Wien,Atlético Madrid,0,3,False,2013,3,Group,A,0,-3,detailed_2005_2021,1490.989,1534.104,-43.115,0.438,53,63,0.3492063492063492,1.253968253968254,1.4444444444444444,1.5873015873015872,-0.14285714285714285,1474.8,15,166,0.4759036144578313,1.6927710843373494,1.4578313253012047,0.9879518072289156,0.46987951807228917,1568.1,-93.29999999999995,-0.12669726525148212,-0.4388028303690954,-0.01338688085676032,0.5993497800726716
917,2013-10-22,FC Porto,Zenit St. Petersburg,0,1,round : 3,G,FC Porto,Zenit St. Petersburg,0,1,False,2013,3,Group,A,0,-1,detailed_2005_2021,1548.169,1475.959,72.21,0.602,8,265,0.4528301886792453,1.5773584905660378,1.4792452830188678,1.1547169811320754,0.32452830188679244,1540.4,56,64,0.328125,1.203125,1.1875,1.421875,-0.234375,1466.8,73.60000000000014,0.1247051886792453,0.37423349056603783,0.2917452830188678,-0.26715801886792456
918,2013-10-22,Celtic,Ajax,2,1,round : 3,H,Celtic FC,AFC Ajax,2,1,False,2013,3,Group,H,1,1,detailed_2005_2021,1464.546,1485.937,-21.391,0.469,20,156,0.391025641025641,1.3525641025641026,1.3846153846153846,1.4230769230769231,-0.038461538461538464,1488.2,11,215,0.46511627906976744,1.627906976744186,1.613953488372093,1.1255813953488372,0.4883720930232558,1552.1,-63.899999999999864,-0.07409063804412641,-0.2753428741800834,-0.22933810375670838,0.29749552772808596
919,2013-10-22,Milan,Barcelona,1,1,round : 3,H,AC Milan,FC Barcelona,1,1,False,2013,3,Group,D,0,0,detailed_2005_2021,1562.9,1670.247,-107.347,0.35,6,265,0.47924528301886793,1.6981132075471699,1.6264150943396227,0.981132075471698,0.6452830188679245,1571.7,3,341,0.5747800586510264,1.9501466275659824,1.9794721407624636,1.0439882697947214,0.9354838709677419,1628.8,-57.09999999999991,-0.09553477563215851,-0.25203342001881257,-0.35305704642284086,-0.06285619432302336
904,2013-10-23,Bayer 04 Leverkusen,Shakhtar Donetsk,4,0,round : 3,A,Bayer Leverkusen,Shakhtar Donetsk,4,0,False,2013,3,Group,H,1,4,detailed_2005_2021,1510.476,1522.885,-12.409,0.482,32,107,0.34579439252336447,1.2710280373831775,1.383177570093458,1.6355140186915889,-0.2523364485981308,1478.1,31,118,0.3305084745762712,1.2118644067796611,1.3644067796610169,1.7627118644067796,-0.3983050847457627,1464.6,13.5,0.015285917947093275,0.05916363060351637,0.01877079043244123,-0.12719784571519077
905,2013-10-23,Manchester United,Real Sociedad,1,0,round : 3,A,Manchester United,Real Sociedad,1,0,False,2013,3,Group,H,1,1,detailed_2005_2021,1666.336,1480.563,185.773,0.744,4,289,0.5294117647058824,1.8269896193771626,1.813148788927336,1.038062283737024,0.7750865051903114,1599.3,87,32,0.28125,1.125,0.875,1.09375,-0.21875,1466.5,132.79999999999995,0.24816176470588236,0.7019896193771626,0.9381487889273361,-0.055687716262976084
906,2013-10-23,Galatasaray,FC København,3,1,round : 3,B,Galatasaray,FC København,3,1,False,2013,3,Group,H,1,2,detailed_2005_2021,1493.09,1484.229,8.861,0.513,24,161,0.2670807453416149,1.0559006211180124,1.0807453416149069,1.6832298136645962,-0.6024844720496895,1434.0,79,44,0.25,1.0227272727272727,0.8863636363636364,1.5227272727272727,-0.6363636363636364,1445.3,-11.299999999999955,0.01708074534161491,0.03317334839073971,0.19438170525127052,0.16050254093732352
907,2013-10-23,Real Madrid,Juventus,2,1,round : 3,B,Real Madrid,Juventus,2,1,False,2013,3,Group,H,1,1,detailed_2005_2021,1637.084,1557.574,79.51,0.612,1,486,0.5987654320987654,1.97119341563786,2.213991769547325,1.117283950617284,1.0967078189300412,1630.0,5,297,0.5084175084175084,1.754208754208754,1.589225589225589,1.0134680134680134,0.5757575757575758,1581.5,48.5,0.09034792368125699,0.216984661429106,0.6247661803217359,0.10381593714927062
908,2013-10-23,RSC Anderlecht,Paris Saint-Germain,0,5,round : 3,C,RSC Anderlecht,Paris Saint-Germain,0,5,False,2013,3,Group,A,0,-5,detailed_2005_2021,1415.778,1557.9,-142.122,0.306,22,163,0.32515337423312884,1.1901840490797546,1.3312883435582823,1.7239263803680982,-0.39263803680981596,1458.0,16,151,0.5231788079470199,1.7615894039735098,1.9470198675496688,1.185430463576159,0.7615894039735099,1574.3,-116.29999999999995,-0.19802543371389103,-0.5714053548937552,-0.6157315239913865,0.5384959167919392
909,2013-10-23,SL Benfica,Olympiacos,1,1,round : 3,C,SL Benfica,Olympiakos Piraeus,1,1,False,2013,3,Group,D,0,0,detailed_2005_2021,1500.541,1451.837,48.705,0.57,9,266,0.43609022556390975,1.537593984962406,1.6466165413533835,1.218045112781955,0.42857142857142855,1532.9,25,156,0.30128205128205127,1.0833333333333333,1.1282051282051282,1.698717948717949,-0.5705128205128205,1432.0,100.90000000000009,0.13480817428185848,0.4542606516290728,0.5184114131482553,-0.48067283593599397
910,2013-10-23,CSKA Moscow,Manchester City,1,2,round : 3,D,CSKA Moskva,Manchester City,1,2,False,2013,3,Group,A,0,-1,detailed_2005_2021,1478.478,1494.86,-16.382,0.476,47,86,0.26744186046511625,1.0348837209302326,1.1395348837209305,1.6395348837209305,-0.5,1433.7,17,127,0.5669291338582677,1.905511811023622,2.118110236220472,1.1496062992125984,0.968503937007874,1604.7,-171.0,-0.29948727339315145,-0.8706280900933894,-0.9785753524995413,0.4899285845083321
911,2013-10-23,Bayern München,Viktoria Plzeň,5,0,round : 3,D,Bayern Munich,Viktoria Plzeň,5,0,False,2013,3,Group,H,1,5,detailed_2005_2021,1677.432,1469.769,207.663,0.768,2,388,0.595360824742268,1.9871134020618557,2.105670103092784,1.0051546391752575,1.1005154639175259,1636.0,145,24,0.16666666666666666,0.625,0.9583333333333334,2.875,-1.9166666666666667,1394.2,241.79999999999995,0.4286941580756014,1.3621134020618557,1.1473367697594505,-1.8698453608247425
920,2013-11-05,Real Sociedad,Manchester United,0,0,round : 4,A,Real Sociedad,Manchester United,0,0,False,2013,4,Group,D,0,0,detailed_2005_2021,1475.452,1671.446,-195.994,0.244,87,32,0.28125,1.125,0.875,1.09375,-0.21875,1466.5,4,289,0.5294117647058824,1.8269896193771626,1.813148788927336,1.038062283737024,0.7750865051903114,1599.3,-132.79999999999995,-0.24816176470588236,-0.7019896193771626,-0.9381487889273361,0.055687716262976084
921,2013-11-05,Shakhtar Donetsk,Bayer 04 Leverkusen,0,0,round : 4,A,Shakhtar Donetsk,Bayer Leverkusen,0,0,False,2013,4,Group,D,0,0,detailed_2005_2021,1512.528,1520.833,-8.305,0.488,31,118,0.3305084745762712,1.2118644067796611,1.3644067796610169,1.7627118644067796,-0.3983050847457627,1464.6,32,107,0.34579439252336447,1.2710280373831775,1.383177570093458,1.6355140186915889,-0.2523364485981308,1478.1,-13.5,-0.015285917947093275,-0.05916363060351637,-0.01877079043244123,0.12719784571519077
922,2013-11-05,FC København,Galatasaray,1,0,round : 4,B,FC København,Galatasaray,1,0,False,2013,4,Group,H,1,1,detailed_2005_2021,1474.484,1502.835,-28.351,0.459,79,44,0.25,1.0227272727272727,0.8863636363636364,1.5227272727272727,-0.6363636363636364,1445.3,24,161,0.2670807453416149,1.0559006211180124,1.0807453416149069,1.6832298136645962,-0.6024844720496895,1434.0,11.299999999999955,-0.01708074534161491,-0.03317334839073971,-0.19438170525127052,-0.16050254093732352
923,2013-11-05,Juventus,Real Madrid,2,2,round : 4,B,Juventus,Real Madrid,2,2,False,2013,4,Group,D,0,0,detailed_2005_2021,1549.823,1644.834,-95.011,0.367,5,297,0.5084175084175084,1.754208754208754,1.589225589225589,1.0134680134680134,0.5757575757575758,1581.5,1,486,0.5987654320987654,1.97119341563786,2.213991769547325,1.117283950617284,1.0967078189300412,1630.0,-48.5,-0.09034792368125699,-0.216984661429106,-0.6247661803217359,-0.10381593714927062
924,2013-11-05,Olympiacos,SL Benfica,1,0,round : 4,C,Olympiakos Piraeus,SL Benfica,1,0,False,2013,4,Group,H,1,1,detailed_2005_2021,1453.229,1499.149,-45.919,0.434,25,156,0.30128205128205127,1.0833333333333333,1.1282051282051282,1.698717948717949,-0.5705128205128205,1432.0,9,266,0.43609022556390975,1.537593984962406,1.6466165413533835,1.218045112781955,0.42857142857142855,1532.9,-100.90000000000009,-0.13480817428185848,-0.4542606516290728,-0.5184114131482553,0.48067283593599397
925,2013-11-05,Paris Saint-Germain,RSC Anderlecht,1,1,round : 4,C,Paris Saint-Germain,RSC Anderlecht,1,1,False,2013,4,Group,D,0,0,detailed_2005_2021,1564.023,1409.654,154.369,0.709,16,151,0.5231788079470199,1.7615894039735098,1.9470198675496688,1.185430463576159,0.7615894039735099,1574.3,22,163,0.32515337423312884,1.1901840490797546,1.3312883435582823,1.7239263803680982,-0.39263803680981596,1458.0,116.29999999999995,0.19802543371389103,0.5714053548937552,0.6157315239913865,-0.5384959167919392
926,2013-11-05,Manchester City,CSKA Moscow,5,2,round : 4,D,Manchester City,CSKA Moskva,5,2,False,2013,4,Group,H,1,3,detailed_2005_2021,1504.389,1468.949,35.44,0.551,17,127,0.5669291338582677,1.905511811023622,2.118110236220472,1.1496062992125984,0.968503937007874,1604.7,47,86,0.26744186046511625,1.0348837209302326,1.1395348837209305,1.6395348837209305,-0.5,1433.7,171.0,0.29948727339315145,0.8706280900933894,0.9785753524995413,-0.4899285845083321
927,2013-11-05,Viktoria Plzeň,Bayern München,0,1,round : 4,D,Viktoria Plzeň,Bayern Munich,0,1,False,2013,4,Group,A,0,-1,detailed_2005_2021,1465.123,1682.078,-216.955,0.223,145,24,0.16666666666666666,0.625,0.9583333333333334,2.875,-1.9166666666666667,1394.2,2,388,0.595360824742268,1.9871134020618557,2.105670103092784,1.0051546391752575,1.1005154639175259,1636.0,-241.79999999999995,-0.4286941580756014,-1.3621134020618557,-1.1473367697594505,1.8698453608247425
928,2013-11-06,Chelsea,FC Schalke 04,3,0,round : 4,E,Chelsea FC,FC Schalke 04,3,0,False,2013,4,Group,H,1,3,detailed_2005_2021,1616.453,1553.229,63.223,0.59,10,197,0.5126903553299492,1.8020304568527918,1.7106598984771573,0.934010152284264,0.7766497461928934,1593.5,40,73,0.3972602739726027,1.4246575342465753,1.4383561643835616,1.5205479452054795,-0.0821917808219178,1507.5,86.0,0.1154300813573465,0.3773729226062166,0.27230373409359565,-0.5865377929212156
929,2013-11-06,FC Basel,FCSB,1,1,round : 4,E,FC Basel,FCSB,1,1,False,2013,4,Group,D,0,0,detailed_2005_2021,1492.1,1413.043,79.058,0.612,41,82,0.35365853658536583,1.2439024390243902,1.3780487804878048,1.8170731707317076,-0.43902439024390244,1469.3,45,87,0.28735632183908044,1.1149425287356323,1.1954022988505748,1.471264367816092,-0.27586206896551724,1451.0,18.299999999999955,0.06630221474628539,0.12895991028875797,0.18264648163722996,0.34580880291561567
930,2013-11-06,Borussia Dortmund,Arsenal,0,1,round : 4,F,Borussia Dortmund,Arsenal FC,0,1,False,2013,4,Group,A,0,-1,detailed_2005_2021,1548.451,1607.989,-59.538,0.415,14,176,0.4715909090909091,1.6193181818181819,1.6875,1.2613636363636365,0.42613636363636365,1546.4,13,197,0.4720812182741117,1.6395939086294415,1.6446700507614214,1.1472081218274113,0.49746192893401014,1553.2,-6.7999999999999545,-0.0004903091832025863,-0.020275726811259664,0.042829949238578635,0.11415551453622519
931,2013-11-06,Napoli,Olympique de Marseille,3,2,round : 4,F,SSC Napoli,Olympique Marseille,3,2,False,2013,4,Group,H,1,1,detailed_2005_2021,1531.569,1463.061,68.507,0.597,39,66,0.45454545454545453,1.621212121212121,1.7121212121212122,1.2575757575757576,0.45454545454545453,1544.7,29,110,0.39090909090909093,1.3363636363636364,1.4636363636363636,1.2727272727272727,0.19090909090909092,1484.0,60.700000000000045,0.0636363636363636,0.2848484848484847,0.24848484848484853,-0.015151515151515138
932,2013-11-06,Zenit St. Petersburg,FC Porto,1,1,round : 4,G,Zenit St. Petersburg,FC Porto,1,1,False,2013,4,Group,D,0,0,detailed_2005_2021,1488.008,1536.12,-48.112,0.431,56,64,0.328125,1.203125,1.1875,1.421875,-0.234375,1466.8,8,265,0.4528301886792453,1.5773584905660378,1.4792452830188678,1.1547169811320754,0.32452830188679244,1540.4,-73.60000000000014,-0.1247051886792453,-0.37423349056603783,-0.2917452830188678,0.26715801886792456
933,2013-11-06,Atlético Madrid,Austria Wien,4,0,round : 4,G,Atlético Madrid,Austria Wien,4,0,False,2013,4,Group,H,1,4,detailed_2005_2021,1542.87,1482.224,60.646,0.586,15,166,0.4759036144578313,1.6927710843373494,1.4578313253012047,0.9879518072289156,0.46987951807228917,1568.1,53,63,0.3492063492063492,1.253968253968254,1.4444444444444444,1.5873015873015872,-0.14285714285714285,1474.8,93.29999999999995,0.12669726525148212,0.4388028303690954,0.01338688085676032,-0.5993497800726716
934,2013-11-06,Ajax,Celtic,1,0,round : 4,H,AFC Ajax,Celtic FC,1,0,False,2013,4,Group,H,1,1,detailed_2005_2021,1475.322,1475.161,0.161,0.5,11,215,0.46511627906976744,1.627906976744186,1.613953488372093,1.1255813953488372,0.4883720930232558,1552.1,20,156,0.391025641025641,1.3525641025641026,1.3846153846153846,1.4230769230769231,-0.038461538461538464,1488.2,63.899999999999864,0.07409063804412641,0.2753428741800834,0.22933810375670838,-0.29749552772808596
935,2013-11-06,Barcelona,Milan,3,1,round : 4,H,FC Barcelona,AC Milan,3,1,False,2013,4,Group,H,1,2,detailed_2005_2021,1667.252,1565.895,101.357,0.642,3,341,0.5747800586510264,1.9501466275659824,1.9794721407624636,1.0439882697947214,0.9354838709677419,1628.8,6,265,0.47924528301886793,1.6981132075471699,1.6264150943396227,0.981132075471698,0.6452830188679245,1571.7,57.09999999999991,0.09553477563215851,0.25203342001881257,0.35305704642284086,0.06285619432302336
944,2013-11-26,FC Basel,Chelsea,1,0,round : 5,E,FC Basel,Chelsea FC,1,0,False,2013,5,Group,H,1,1,detailed_2005_2021,1489.863,1624.653,-134.789,0.315,41,82,0.35365853658536583,1.2439024390243902,1.3780487804878048,1.8170731707317076,-0.43902439024390244,1469.3,10,197,0.5126903553299492,1.8020304568527918,1.7106598984771573,0.934010152284264,0.7766497461928934,1593.5,-124.20000000000005,-0.1590318187445834,-0.5581280178284016,-0.3326111179893525,0.8830630184474436
945,2013-11-26,FCSB,FC Schalke 04,0,0,round : 5,E,FCSB,FC Schalke 04,0,0,False,2013,5,Group,D,0,0,detailed_2005_2021,1415.28,1545.029,-129.75,0.321,45,87,0.28735632183908044,1.1149425287356323,1.1954022988505748,1.471264367816092,-0.27586206896551724,1451.0,40,73,0.3972602739726027,1.4246575342465753,1.4383561643835616,1.5205479452054795,-0.0821917808219178,1507.5,-56.5,-0.10990395213352228,-0.309715005510943,-0.2429538655329868,-0.0492835773893876
946,2013-11-26,Arsenal,Olympique de Marseille,2,0,round : 5,F,Arsenal FC,Olympique Marseille,2,0,False,2013,5,Group,H,1,2,detailed_2005_2021,1616.292,1455.008,161.284,0.717,13,197,0.4720812182741117,1.6395939086294415,1.6446700507614214,1.1472081218274113,0.49746192893401014,1553.2,29,110,0.39090909090909093,1.3363636363636364,1.4636363636363636,1.2727272727272727,0.19090909090909092,1484.0,69.20000000000005,0.08117212736502077,0.3032302722658051,0.18103368712505774,-0.12551915089986143
947,2013-11-26,Borussia Dortmund,Napoli,3,1,round : 5,F,Borussia Dortmund,SSC Napoli,3,1,False,2013,5,Group,H,1,2,detailed_2005_2021,1540.148,1539.622,0.526,0.501,14,176,0.4715909090909091,1.6193181818181819,1.6875,1.2613636363636365,0.42613636363636365,1546.4,39,66,0.45454545454545453,1.621212121212121,1.7121212121212122,1.2575757575757576,0.45454545454545453,1544.7,1.7000000000000455,0.017045454545454586,-0.0018939393939392257,-0.024621212121212155,0.0037878787878788955
948,2013-11-26,Zenit St. Petersburg,Atlético Madrid,1,1,round : 5,G,Zenit St. Petersburg,Atlético Madrid,1,1,False,2013,5,Group,D,0,0,detailed_2005_2021,1489.384,1551.142,-61.758,0.412,56,64,0.328125,1.203125,1.1875,1.421875,-0.234375,1466.8,15,166,0.4759036144578313,1.6927710843373494,1.4578313253012047,0.9879518072289156,0.46987951807228917,1568.1,-101.29999999999995,-0.1477786144578313,-0.48964608433734935,-0.27033132530120474,0.4339231927710844
949,2013-11-26,FC Porto,Austria Wien,1,1,round : 5,G,FC Porto,Austria Wien,1,1,False,2013,5,Group,D,0,0,detailed_2005_2021,1534.744,1473.952,60.792,0.587,8,265,0.4528301886792453,1.5773584905660378,1.4792452830188678,1.1547169811320754,0.32452830188679244,1540.4,53,63,0.3492063492063492,1.253968253968254,1.4444444444444444,1.5873015873015872,-0.14285714285714285,1474.8,65.60000000000014,0.1036238394728961,0.3233902365977839,0.0348008385744234,-0.4325846061695118
950,2013-11-26,Ajax,Barcelona,2,1,round : 5,H,AFC Ajax,FC Barcelona,2,1,False,2013,5,Group,H,1,1,detailed_2005_2021,1485.318,1674.414,-189.097,0.252,11,215,0.46511627906976744,1.627906976744186,1.613953488372093,1.1255813953488372,0.4883720930232558,1552.1,3,341,0.5747800586510264,1.9501466275659824,1.9794721407624636,1.0439882697947214,0.9354838709677419,1628.8,-76.70000000000005,-0.109663779581259,-0.3222396508217964,-0.3655186523903706,0.0815931255541158
951,2013-11-26,Celtic,Milan,0,3,round : 5,H,Celtic FC,AC Milan,0,3,False,2013,5,Group,A,0,-3,detailed_2005_2021,1465.166,1558.732,-93.567,0.369,20,156,0.391025641025641,1.3525641025641026,1.3846153846153846,1.4230769230769231,-0.038461538461538464,1488.2,6,265,0.47924528301886793,1.6981132075471699,1.6264150943396227,0.981132075471698,0.6452830188679245,1571.7,-83.5,-0.0882196419932269,-0.34554910498306723,-0.24179970972423814,0.4419448476052251
936,2013-11-27,Bayer 04 Leverkusen,Manchester United,0,5,round : 5,A,Bayer Leverkusen,Manchester United,0,5,False,2013,5,Group,A,0,-5,detailed_2005_2021,1520.594,1666.336,-145.743,0.302,32,107,0.34579439252336447,1.2710280373831775,1.383177570093458,1.6355140186915889,-0.2523364485981308,1478.1,4,289,0.5294117647058824,1.8269896193771626,1.813148788927336,1.038062283737024,0.7750865051903114,1599.3,-121.20000000000005,-0.1836173721825179,-0.5559615819939852,-0.429971218833878,0.5974517349545649
937,2013-11-27,Shakhtar Donetsk,Real Sociedad,4,0,round : 5,A,Shakhtar Donetsk,Real Sociedad,4,0,False,2013,5,Group,H,1,4,detailed_2005_2021,1512.767,1480.563,32.204,0.546,31,118,0.3305084745762712,1.2118644067796611,1.3644067796610169,1.7627118644067796,-0.3983050847457627,1464.6,87,32,0.28125,1.125,0.875,1.09375,-0.21875,1466.5,-1.900000000000091,0.049258474576271194,0.08686440677966112,0.48940677966101687,0.6689618644067796
938,2013-11-27,Juventus,FC København,3,1,round : 5,B,Juventus,FC København,3,1,False,2013,5,Group,H,1,2,detailed_2005_2021,1552.491,1485.298,67.193,0.596,5,297,0.5084175084175084,1.754208754208754,1.589225589225589,1.0134680134680134,0.5757575757575758,1581.5,79,44,0.25,1.0227272727272727,0.8863636363636364,1.5227272727272727,-0.6363636363636364,1445.3,136.20000000000005,0.25841750841750843,0.7314814814814814,0.7028619528619527,-0.5092592592592593
939,2013-11-27,Real Madrid,Galatasaray,4,1,round : 5,B,Real Madrid,Galatasaray,4,1,False,2013,5,Group,H,1,3,detailed_2005_2021,1642.166,1492.021,150.145,0.704,1,486,0.5987654320987654,1.97119341563786,2.213991769547325,1.117283950617284,1.0967078189300412,1630.0,24,161,0.2670807453416149,1.0559006211180124,1.0807453416149069,1.6832298136645962,-0.6024844720496895,1434.0,196.0,0.3316846867571505,0.9152927945198477,1.1332464279324181,-0.5659458630473122
940,2013-11-27,Paris Saint-Germain,Olympiacos,2,1,round : 5,C,Paris Saint-Germain,Olympiakos Piraeus,2,1,False,2013,5,Group,H,1,1,detailed_2005_2021,1559.851,1464.544,95.308,0.634,16,151,0.5231788079470199,1.7615894039735098,1.9470198675496688,1.185430463576159,0.7615894039735099,1574.3,25,156,0.30128205128205127,1.0833333333333333,1.1282051282051282,1.698717948717949,-0.5705128205128205,1432.0,142.29999999999995,0.2218967566649686,0.6782560706401766,0.8188147393445406,-0.5132874851417899
941,2013-11-27,RSC Anderlecht,SL Benfica,2,3,round : 5,C,RSC Anderlecht,SL Benfica,2,3,False,2013,5,Group,A,0,-1,detailed_2005_2021,1413.826,1487.835,-74.008,0.395,22,163,0.32515337423312884,1.1901840490797546,1.3312883435582823,1.7239263803680982,-0.39263803680981596,1458.0,9,266,0.43609022556390975,1.537593984962406,1.6466165413533835,1.218045112781955,0.42857142857142855,1532.9,-74.90000000000009,-0.1109368513307809,-0.34740993588265145,-0.31532819779510124,0.5058812675861433
942,2013-11-27,CSKA Moscow,Bayern München,1,3,round : 5,D,CSKA Moskva,Bayern Munich,1,3,False,2013,5,Group,A,0,-2,detailed_2005_2021,1459.966,1686.536,-226.57,0.213,47,86,0.26744186046511625,1.0348837209302326,1.1395348837209305,1.6395348837209305,-0.5,1433.7,2,388,0.595360824742268,1.9871134020618557,2.105670103092784,1.0051546391752575,1.1005154639175259,1636.0,-202.29999999999995,-0.3279189642771518,-0.9522296811316231,-0.9661352193718535,0.634380244545673
943,2013-11-27,Manchester City,Viktoria Plzeň,4,2,round : 5,D,Manchester City,Viktoria Plzeň,4,2,False,2013,5,Group,H,1,2,detailed_2005_2021,1513.373,1460.665,52.707,0.575,17,127,0.5669291338582677,1.905511811023622,2.118110236220472,1.1496062992125984,0.968503937007874,1604.7,145,24,0.16666666666666666,0.625,0.9583333333333334,2.875,-1.9166666666666667,1394.2,210.5,0.4002624671916011,1.280511811023622,1.1597769028871383,-1.7253937007874016
952,2014-02-18,Bayer 04 Leverkusen,Paris Saint-Germain,0,4,round : 18,,Bayer Leverkusen,Paris Saint-Germain,0,4,False,2013,18,Knockout,A,0,-4,detailed_2005_2021,1514.559,1567.175,-52.616,0.425,32,107,0.34579439252336447,1.2710280373831775,1.383177570093458,1.6355140186915889,-0.2523364485981308,1478.1,16,151,0.5231788079470199,1.7615894039735098,1.9470198675496688,1.185430463576159,0.7615894039735099,1574.3,-96.20000000000005,-0.1773844154236554,-0.49056136659033234,-0.5638422974562107,0.45008355511542986
953,2014-02-18,Manchester City,Barcelona,0,2,round : 18,,Manchester City,FC Barcelona,0,2,False,2013,18,Knockout,A,0,-2,detailed_2005_2021,1521.867,1659.452,-137.585,0.312,17,127,0.5669291338582677,1.905511811023622,2.118110236220472,1.1496062992125984,0.968503937007874,1604.7,3,341,0.5747800586510264,1.9501466275659824,1.9794721407624636,1.0439882697947214,0.9354838709677419,1628.8,-24.09999999999991,-0.007850924792758729,-0.044634816542360456,0.1386380954580082,0.10561802941787701
954,2014-02-19,Arsenal,Bayern München,0,2,round : 18,,Arsenal FC,Bayern Munich,0,2,False,2013,18,Knockout,A,0,-2,detailed_2005_2021,1621.957,1690.805,-68.848,0.402,13,197,0.4720812182741117,1.6395939086294415,1.6446700507614214,1.1472081218274113,0.49746192893401014,1553.2,2,388,0.595360824742268,1.9871134020618557,2.105670103092784,1.0051546391752575,1.1005154639175259,1636.0,-82.79999999999995,-0.12327960646815633,-0.3475194934324142,-0.46100005233136265,0.14205348265215378
955,2014-02-19,Milan,Atlético Madrid,0,1,round : 18,,AC Milan,Atlético Madrid,0,1,False,2013,18,Knockout,A,0,-1,detailed_2005_2021,1566.102,1549.383,16.72,0.524,6,265,0.47924528301886793,1.6981132075471699,1.6264150943396227,0.981132075471698,0.6452830188679245,1571.7,15,166,0.4759036144578313,1.6927710843373494,1.4578313253012047,0.9879518072289156,0.46987951807228917,1568.1,3.6000000000001364,0.003341668561036626,0.005342123209820526,0.16858376903841799,-0.0068197317572176175
956,2014-02-25,Zenit St. Petersburg,Borussia Dortmund,2,4,round : 18,,Zenit St. Petersburg,Borussia Dortmund,2,4,False,2013,18,Knockout,A,0,-2,detailed_2005_2021,1491.143,1550.133,-58.99,0.416,56,64,0.328125,1.203125,1.1875,1.421875,-0.234375,1466.8,14,176,0.4715909090909091,1.6193181818181819,1.6875,1.2613636363636365,0.42613636363636365,1546.4,-79.60000000000014,-0.14346590909090912,-0.4161931818181819,-0.5,0.16051136363636354
957,2014-02-25,Olympiacos,Manchester United,2,0,round : 18,,Olympiakos Piraeus,Manchester United,2,0,False,2013,18,Knockout,H,1,2,detailed_2005_2021,1457.22,1672.371,-215.151,0.225,25,156,0.30128205128205127,1.0833333333333333,1.1282051282051282,1.698717948717949,-0.5705128205128205,1432.0,4,289,0.5294117647058824,1.8269896193771626,1.813148788927336,1.038062283737024,0.7750865051903114,1599.3,-167.29999999999995,-0.2281297134238311,-0.7436562860438294,-0.6849436607222079,0.660655664980925
958,2014-02-26,FC Schalke 04,Real Madrid,1,6,round : 18,,FC Schalke 04,Real Madrid,1,6,False,2013,18,Knockout,A,0,-5,detailed_2005_2021,1541.459,1648.095,-106.635,0.351,40,73,0.3972602739726027,1.4246575342465753,1.4383561643835616,1.5205479452054795,-0.0821917808219178,1507.5,1,486,0.5987654320987654,1.97119341563786,2.213991769547325,1.117283950617284,1.0967078189300412,1630.0,-122.5,-0.2015051581261627,-0.5465358813912848,-0.7756356051637634,0.4032639945881955
959,2014-02-26,Galatasaray,Chelsea,1,1,round : 18,,Galatasaray,Chelsea FC,1,1,False,2013,18,Knockout,D,0,0,detailed_2005_2021,1486.092,1610.957,-124.865,0.328,24,161,0.2670807453416149,1.0559006211180124,1.0807453416149069,1.6832298136645962,-0.6024844720496895,1434.0,10,197,0.5126903553299492,1.8020304568527918,1.7106598984771573,0.934010152284264,0.7766497461928934,1593.5,-159.5,-0.2456096099883343,-0.7461298357347794,-0.6299145568622504,0.7492196613803322
960,2014-03-11,Atlético Madrid,Milan,4,1,round : 18,,Atlético Madrid,AC Milan,4,1,False,2013,18,Knockout,H,1,3,detailed_2005_2021,1559.863,1555.622,4.242,0.506,15,166,0.4759036144578313,1.6927710843373494,1.4578313253012047,0.9879518072289156,0.46987951807228917,1568.1,6,265,0.47924528301886793,1.6981132075471699,1.6264150943396227,0.981132075471698,0.6452830188679245,1571.7,-3.6000000000001364,-0.003341668561036626,-0.005342123209820526,-0.16858376903841799,0.0068197317572176175
961,2014-03-11,Bayern München,Arsenal,1,1,round : 18,,Bayern Munich,Arsenal FC,1,1,False,2013,18,Knockout,D,0,0,detailed_2005_2021,1698.849,1613.913,84.936,0.62,2,388,0.595360824742268,1.9871134020618557,2.105670103092784,1.0051546391752575,1.1005154639175259,1636.0,13,197,0.4720812182741117,1.6395939086294415,1.6446700507614214,1.1472081218274113,0.49746192893401014,1553.2,82.79999999999995,0.12327960646815633,0.3475194934324142,0.46100005233136265,-0.14205348265215378
962,2014-03-12,Barcelona,Manchester City,2,1,round : 18,,FC Barcelona,Manchester City,2,1,False,2013,18,Knockout,H,1,1,detailed_2005_2021,1665.687,1515.632,150.055,0.703,3,341,0.5747800586510264,1.9501466275659824,1.9794721407624636,1.0439882697947214,0.9354838709677419,1628.8,17,127,0.5669291338582677,1.905511811023622,2.118110236220472,1.1496062992125984,0.968503937007874,1604.7,24.09999999999991,0.007850924792758729,0.044634816542360456,-0.1386380954580082,-0.10561802941787701
963,2014-03-12,Paris Saint-Germain,Bayer 04 Leverkusen,2,1,round : 18,,Paris Saint-Germain,Bayer Leverkusen,2,1,False,2013,18,Knockout,H,1,1,detailed_2005_2021,1575.672,1506.062,69.61,0.599,16,151,0.5231788079470199,1.7615894039735098,1.9470198675496688,1.185430463576159,0.7615894039735099,1574.3,32,107,0.34579439252336447,1.2710280373831775,1.383177570093458,1.6355140186915889,-0.2523364485981308,1478.1,96.20000000000005,0.1773844154236554,0.49056136659033234,0.5638422974562107,-0.45008355511542986
964,2014-03-18,Chelsea,Galatasaray,2,0,round : 18,,Chelsea FC,Galatasaray,2,0,False,2013,18,Knockout,H,1,2,detailed_2005_2021,1607.51,1489.538,117.972,0.664,10,197,0.5126903553299492,1.8020304568527918,1.7106598984771573,0.934010152284264,0.7766497461928934,1593.5,24,161,0.2670807453416149,1.0559006211180124,1.0807453416149069,1.6832298136645962,-0.6024844720496895,1434.0,159.5,0.2456096099883343,0.7461298357347794,0.6299145568622504,-0.7492196613803322
965,2014-03-18,Real Madrid,FC Schalke 04,3,1,round : 18,,Real Madrid,FC Schalke 04,3,1,False,2013,18,Knockout,H,1,2,detailed_2005_2021,1655.118,1534.436,120.683,0.667,1,486,0.5987654320987654,1.97119341563786,2.213991769547325,1.117283950617284,1.0967078189300412,1630.0,40,73,0.3972602739726027,1.4246575342465753,1.4383561643835616,1.5205479452054795,-0.0821917808219178,1507.5,122.5,0.2015051581261627,0.5465358813912848,0.7756356051637634,-0.4032639945881955
966,2014-03-19,Borussia Dortmund,Zenit St. Petersburg,1,2,round : 18,,Borussia Dortmund,Zenit St. Petersburg,1,2,False,2013,18,Knockout,A,0,-1,detailed_2005_2021,1558.451,1482.824,75.626,0.607,14,176,0.4715909090909091,1.6193181818181819,1.6875,1.2613636363636365,0.42613636363636365,1546.4,56,64,0.328125,1.203125,1.1875,1.421875,-0.234375,1466.8,79.60000000000014,0.14346590909090912,0.4161931818181819,0.5,-0.16051136363636354
967,2014-03-19,Manchester United,Olympiacos,3,0,round : 18,,Manchester United,Olympiakos Piraeus,3,0,False,2013,18,Knockout,H,1,3,detailed_2005_2021,1656.865,1472.726,184.139,0.743,4,289,0.5294117647058824,1.8269896193771626,1.813148788927336,1.038062283737024,0.7750865051903114,1599.3,25,156,0.30128205128205127,1.0833333333333333,1.1282051282051282,1.698717948717949,-0.5705128205128205,1432.0,167.29999999999995,0.2281297134238311,0.7436562860438294,0.6849436607222079,-0.660655664980925
968,2014-04-01,Barcelona,Atlético Madrid,1,1,round : quarterfinals,,FC Barcelona,Atlético Madrid,1,1,False,2013,quarterfinals,Knockout,D,0,0,detailed_2005_2021,1671.618,1569.741,101.877,0.643,3,341,0.5747800586510264,1.9501466275659824,1.9794721407624636,1.0439882697947214,0.9354838709677419,1628.8,15,166,0.4759036144578313,1.6927710843373494,1.4578313253012047,0.9879518072289156,0.46987951807228917,1568.1,60.700000000000045,0.09887644419319513,0.2573755432286331,0.5216408154612588,0.056036462565805745
969,2014-04-01,Manchester United,Bayern München,1,1,round : quarterfinals,,Manchester United,Bayern Munich,1,1,False,2013,quarterfinals,Knockout,D,0,0,detailed_2005_2021,1662.011,1696.452,-34.44,0.451,4,289,0.5294117647058824,1.8269896193771626,1.813148788927336,1.038062283737024,0.7750865051903114,1599.3,2,388,0.595360824742268,1.9871134020618557,2.105670103092784,1.0051546391752575,1.1005154639175259,1636.0,-36.700000000000045,-0.06594906003638568,-0.16012378268469307,-0.2925213141654479,0.032907644561766425
970,2014-04-02,Paris Saint-Germain,Chelsea,3,1,round : quarterfinals,,Paris Saint-Germain,Chelsea FC,3,1,False,2013,quarterfinals,Knockout,H,1,2,detailed_2005_2021,1583.695,1614.239,-30.545,0.456,16,151,0.5231788079470199,1.7615894039735098,1.9470198675496688,1.185430463576159,0.7615894039735099,1574.3,10,197,0.5126903553299492,1.8020304568527918,1.7106598984771573,0.934010152284264,0.7766497461928934,1593.5,-19.200000000000045,0.010488452617070654,-0.04044105287928201,0.23635996907251156,0.251420311291895
971,2014-04-02,Real Madrid,Borussia Dortmund,3,0,round : quarterfinals,,Real Madrid,Borussia Dortmund,3,0,False,2013,quarterfinals,Knockout,H,1,3,detailed_2005_2021,1661.778,1546.308,115.47,0.66,1,486,0.5987654320987654,1.97119341563786,2.213991769547325,1.117283950617284,1.0967078189300412,1630.0,14,176,0.4715909090909091,1.6193181818181819,1.6875,1.2613636363636365,0.42613636363636365,1546.4,83.59999999999991,0.1271745230078563,0.3518752338196782,0.526491769547325,-0.14407968574635244
972,2014-04-08,Borussia Dortmund,Real Madrid,2,0,round : quarterfinals,,Borussia Dortmund,Real Madrid,2,0,False,2013,quarterfinals,Knockout,H,1,2,detailed_2005_2021,1539.514,1668.572,-129.058,0.322,14,176,0.4715909090909091,1.6193181818181819,1.6875,1.2613636363636365,0.42613636363636365,1546.4,1,486,0.5987654320987654,1.97119341563786,2.213991769547325,1.117283950617284,1.0967078189300412,1630.0,-83.59999999999991,-0.1271745230078563,-0.3518752338196782,-0.526491769547325,0.14407968574635244
973,2014-04-08,Chelsea,Paris Saint-Germain,2,0,round : quarterfinals,,Chelsea FC,Paris Saint-Germain,2,0,False,2013,quarterfinals,Knockout,H,1,2,detailed_2005_2021,1603.362,1594.571,8.791,0.513,10,197,0.5126903553299492,1.8020304568527918,1.7106598984771573,0.934010152284264,0.7766497461928934,1593.5,16,151,0.5231788079470199,1.7615894039735098,1.9470198675496688,1.185430463576159,0.7615894039735099,1574.3,19.200000000000045,-0.010488452617070654,0.04044105287928201,-0.23635996907251156,-0.251420311291895
974,2014-04-09,Atlético Madrid,Barcelona,1,0,round : quarterfinals,,Atlético Madrid,FC Barcelona,1,0,False,2013,quarterfinals,Knockout,H,1,1,detailed_2005_2021,1572.592,1668.767,-96.175,0.365,15,166,0.4759036144578313,1.6927710843373494,1.4578313253012047,0.9879518072289156,0.46987951807228917,1568.1,3,341,0.5747800586510264,1.9501466275659824,1.9794721407624636,1.0439882697947214,0.9354838709677419,1628.8,-60.700000000000045,-0.09887644419319513,-0.2573755432286331,-0.5216408154612588,-0.056036462565805745
975,2014-04-09,Bayern München,Manchester United,3,1,round : quarterfinals,,Bayern Munich,Manchester United,3,1,False,2013,quarterfinals,Knockout,H,1,2,detailed_2005_2021,1695.464,1662.999,32.464,0.547,2,388,0.595360824742268,1.9871134020618557,2.105670103092784,1.0051546391752575,1.1005154639175259,1636.0,4,289,0.5294117647058824,1.8269896193771626,1.813148788927336,1.038062283737024,0.7750865051903114,1599.3,36.700000000000045,0.06594906003638568,0.16012378268469307,0.2925213141654479,-0.032907644561766425
976,2014-04-22,Atlético Madrid,Chelsea,0,0,round : semifinals,,Atlético Madrid,Chelsea FC,0,0,False,2013,semifinals,Knockout,D,0,0,detailed_2005_2021,1585.292,1613.109,-27.818,0.46,15,166,0.4759036144578313,1.6927710843373494,1.4578313253012047,0.9879518072289156,0.46987951807228917,1568.1,10,197,0.5126903553299492,1.8020304568527918,1.7106598984771573,0.934010152284264,0.7766497461928934,1593.5,-25.40000000000009,-0.03678674087211792,-0.10925937251544249,-0.25282857317595253,0.05394165494465164
977,2014-04-23,Real Madrid,Bayern München,1,0,round : semifinals,,Real Madrid,Bayern Munich,1,0,False,2013,semifinals,Knockout,H,1,1,detailed_2005_2021,1655.019,1704.532,-49.513,0.429,1,486,0.5987654320987654,1.97119341563786,2.213991769547325,1.117283950617284,1.0967078189300412,1630.0,2,388,0.595360824742268,1.9871134020618557,2.105670103092784,1.0051546391752575,1.1005154639175259,1636.0,-6.0,0.003404607356497391,-0.015919986423995613,0.108321666454541,0.11212931144202654
978,2014-04-29,Bayern München,Real Madrid,0,4,round : semifinals,,Bayern Munich,Real Madrid,0,4,False,2013,semifinals,Knockout,A,0,-4,detailed_2005_2021,1693.116,1666.435,26.682,0.538,2,388,0.595360824742268,1.9871134020618557,2.105670103092784,1.0051546391752575,1.1005154639175259,1636.0,1,486,0.5987654320987654,1.97119341563786,2.213991769547325,1.117283950617284,1.0967078189300412,1630.0,6.0,-0.003404607356497391,0.015919986423995613,-0.108321666454541,-0.11212931144202654
979,2014-04-30,Chelsea,Atlético Madrid,1,3,round : semifinals,,Chelsea FC,Atlético Madrid,1,3,False,2013,semifinals,Knockout,A,0,-2,detailed_2005_2021,1612.311,1586.091,26.22,0.538,10,197,0.5126903553299492,1.8020304568527918,1.7106598984771573,0.934010152284264,0.7766497461928934,1593.5,15,166,0.4759036144578313,1.6927710843373494,1.4578313253012047,0.9879518072289156,0.46987951807228917,1568.1,25.40000000000009,0.03678674087211792,0.10925937251544249,0.25282857317595253,-0.05394165494465164
980,2014-05-24,Real Madrid,Atlético Madrid,1(3),1(0),round : final,,Real Madrid,Atlético Madrid,1,1,True,2013,final,Knockout,D,0,0,detailed_2005_2021,1677.201,1596.844,80.357,0.614,1,486,0.5987654320987654,1.97119341563786,2.213991769547325,1.117283950617284,1.0967078189300412,1630.0,15,166,0.4759036144578313,1.6927710843373494,1.4578313253012047,0.9879518072289156,0.46987951807228917,1568.1,61.90000000000009,0.12286181764093412,0.27842233130051075,0.7561604442461203,0.1293321433883684
981,2014-09-16,Juventus,Malmö FF,2,0,round : 1,A,Juventus,Malmö FF,2,0,False,2014,1,Group,H,1,2,detailed_2005_2021,1560.581,1500.0,60.581,0.586,5,297,0.5084175084175084,1.754208754208754,1.589225589225589,1.0134680134680134,0.5757575757575758,1581.5,69,53,0.2641509433962264,1.0,0.8490566037735849,1.9245283018867925,-1.0754716981132075,1432.5,149.0,0.24426656502128202,0.7542087542087541,0.7401689854520042,-0.9110602884187791
982,2014-09-16,Olympiacos,Atlético Madrid,3,2,round : 1,A,Olympiakos Piraeus,Atlético Madrid,3,2,False,2014,1,Group,H,1,1,detailed_2005_2021,1467.58,1599.117,-131.537,0.319,25,156,0.30128205128205127,1.0833333333333333,1.1282051282051282,1.698717948717949,-0.5705128205128205,1432.0,15,166,0.4759036144578313,1.6927710843373494,1.4578313253012047,0.9879518072289156,0.46987951807228917,1568.1,-136.0999999999999,-0.17462156317578004,-0.6094377510040161,-0.32962619709607655,0.7107661414890333
983,2014-09-16,Liverpool,Ludogorets Razgrad,2,1,round : 1,B,Liverpool FC,PFC Ludogorets Razgrad,2,1,False,2014,1,Group,H,1,1,detailed_2005_2021,1588.475,1500.0,88.475,0.625,7,230,0.5565217391304348,1.8782608695652174,1.891304347826087,0.9608695652173912,0.9304347826086956,1606.0,206,12,0.08333333333333333,0.5833333333333334,0.9166666666666666,2.4166666666666665,-1.5,1434.1,171.9000000000001,0.4731884057971015,1.2949275362318842,0.9746376811594203,-1.4557971014492752
984,2014-09-16,Real Madrid,FC Basel,5,1,round : 1,B,Real Madrid,FC Basel,5,1,False,2014,1,Group,H,1,4,detailed_2005_2021,1674.929,1503.559,171.369,0.728,1,486,0.5987654320987654,1.97119341563786,2.213991769547325,1.117283950617284,1.0967078189300412,1630.0,41,82,0.35365853658536583,1.2439024390243902,1.3780487804878048,1.8170731707317076,-0.43902439024390244,1469.3,160.70000000000005,0.2451068955133996,0.7272909766134699,0.8359429890595202,-0.6997892201144236
985,2014-09-16,AS Monaco,Bayer 04 Leverkusen,1,0,round : 1,C,AS Monaco,Bayer Leverkusen,1,0,False,2014,1,Group,H,1,1,detailed_2005_2021,1500.0,1498.039,1.961,0.503,33,98,0.35714285714285715,1.2857142857142858,1.489795918367347,1.4183673469387754,0.07142857142857142,1479.4,32,107,0.34579439252336447,1.2710280373831775,1.383177570093458,1.6355140186915889,-0.2523364485981308,1478.1,1.300000000000182,0.011348464619492682,0.01468624833110832,0.10661834827388894,-0.21714667175281344
986,2014-09-16,SL Benfica,Zenit St. Petersburg,0,2,round : 1,C,SL Benfica,Zenit St. Petersburg,0,2,False,2014,1,Group,A,0,-2,detailed_2005_2021,1495.736,1494.967,0.769,0.501,9,266,0.43609022556390975,1.537593984962406,1.6466165413533835,1.218045112781955,0.42857142857142855,1532.9,56,64,0.328125,1.203125,1.1875,1.421875,-0.234375,1466.8,66.10000000000014,0.10796522556390975,0.33446898496240607,0.45911654135338353,-0.20382988721804507
987,2014-09-16,Borussia Dortmund,Arsenal,2,0,round : 1,D,Borussia Dortmund,Arsenal FC,2,0,False,2014,1,Group,H,1,2,detailed_2005_2021,1553.067,1616.31,-63.243,0.41,14,176,0.4715909090909091,1.6193181818181819,1.6875,1.2613636363636365,0.42613636363636365,1546.4,13,197,0.4720812182741117,1.6395939086294415,1.6446700507614214,1.1472081218274113,0.49746192893401014,1553.2,-6.7999999999999545,-0.0004903091832025863,-0.020275726811259664,0.042829949238578635,0.11415551453622519
988,2014-09-16,Galatasaray,RSC Anderlecht,1,1,round : 1,D,Galatasaray,RSC Anderlecht,1,1,False,2014,1,Group,D,0,0,detailed_2005_2021,1482.809,1405.925,76.884,0.609,24,161,0.2670807453416149,1.0559006211180124,1.0807453416149069,1.6832298136645962,-0.6024844720496895,1434.0,22,163,0.32515337423312884,1.1901840490797546,1.3312883435582823,1.7239263803680982,-0.39263803680981596,1458.0,-24.0,-0.05807262889151393,-0.1342834279617422,-0.2505430019433754,-0.04069656670350197
989,2014-09-17,Bayern München,Manchester City,1,0,round : 1,E,Bayern Munich,Manchester City,1,0,False,2014,1,Group,H,1,1,detailed_2005_2021,1682.35,1509.701,172.649,0.73,2,388,0.595360824742268,1.9871134020618557,2.105670103092784,1.0051546391752575,1.1005154639175259,1636.0,17,127,0.5669291338582677,1.905511811023622,2.118110236220472,1.1496062992125984,0.968503937007874,1604.7,31.299999999999955,0.028431690884000327,0.08160159103823372,-0.012440133127687769,-0.1444516600373409
990,2014-09-17,Roma,CSKA Moscow,5,1,round : 1,E,AS Roma,CSKA Moskva,5,1,False,2014,1,Group,H,1,4,detailed_2005_2021,1526.957,1455.697,71.26,0.601,28,109,0.3761467889908257,1.3669724770642202,1.3669724770642202,1.4587155963302751,-0.09174311926605505,1497.3,47,86,0.26744186046511625,1.0348837209302326,1.1395348837209305,1.6395348837209305,-0.5,1433.7,63.59999999999991,0.10870492852570945,0.3320887561339876,0.22743759334328972,-0.18081928739065534
991,2014-09-17,Ajax,Paris Saint-Germain,1,1,round : 1,F,AFC Ajax,Paris Saint-Germain,1,1,False,2014,1,Group,D,0,0,detailed_2005_2021,1500.28,1584.824,-84.545,0.381,11,215,0.46511627906976744,1.627906976744186,1.613953488372093,1.1255813953488372,0.4883720930232558,1552.1,16,151,0.5231788079470199,1.7615894039735098,1.9470198675496688,1.185430463576159,0.7615894039735099,1574.3,-22.200000000000045,-0.05806252887725244,-0.13368242722932377,-0.33306637917757587,-0.05984906822732183
992,2014-09-17,Barcelona,APOEL Nicosia,1,0,round : 1,F,FC Barcelona,APOEL Nikosia,1,0,False,2014,1,Group,H,1,1,detailed_2005_2021,1656.068,1489.629,166.438,0.723,3,341,0.5747800586510264,1.9501466275659824,1.9794721407624636,1.0439882697947214,0.9354838709677419,1628.8,103,40,0.125,0.65,0.675,2.05,-1.375,1386.1,242.70000000000005,0.44978005865102644,1.3001466275659825,1.3044721407624635,-1.0060117302052785
993,2014-09-17,Chelsea,FC Schalke 04,1,1,round : 1,G,Chelsea FC,FC Schalke 04,1,1,False,2014,1,Group,D,0,0,detailed_2005_2021,1601.557,1527.776,73.781,0.605,10,197,0.5126903553299492,1.8020304568527918,1.7106598984771573,0.934010152284264,0.7766497461928934,1593.5,40,73,0.3972602739726027,1.4246575342465753,1.4383561643835616,1.5205479452054795,-0.0821917808219178,1507.5,86.0,0.1154300813573465,0.3773729226062166,0.27230373409359565,-0.5865377929212156
994,2014-09-17,NK Maribor,Sporting CP,1,1,round : 1,G,NK Maribor,Sporting CP,1,1,False,2014,1,Group,D,0,0,detailed_2005_2021,1500.0,1478.345,21.655,0.531,170,18,0.05555555555555555,0.5555555555555556,0.5,2.2777777777777777,-1.7777777777777777,1416.1,44,92,0.30434782608695654,1.076086956521739,1.358695652173913,1.7934782608695652,-0.43478260869565216,1434.1,-18.0,-0.248792270531401,-0.5205314009661834,-0.8586956521739131,0.4842995169082125
995,2014-09-17,Athletic Bilbao,Shakhtar Donetsk,0,0,round : 1,H,Athletic Bilbao,Shakhtar Donetsk,0,0,False,2014,1,Group,D,0,0,detailed_2005_2021,1500.0,1521.842,-21.842,0.469,95,24,0.3333333333333333,1.2916666666666667,1.3333333333333333,1.3333333333333333,0.0,1492.1,31,118,0.3305084745762712,1.2118644067796611,1.3644067796610169,1.7627118644067796,-0.3983050847457627,1464.6,27.5,0.002824858757062121,0.07980225988700562,-0.031073446327683607,-0.42937853107344637
996,2014-09-17,FC Porto,BATE Borisov,6,0,round : 1,H,FC Porto,BATE Borisov,6,0,False,2014,1,Group,H,1,6,detailed_2005_2021,1533.012,1451.271,81.741,0.616,8,265,0.4528301886792453,1.5773584905660378,1.4792452830188678,1.1547169811320754,0.32452830188679244,1540.4,125,30,0.13333333333333333,0.6333333333333333,0.7333333333333333,2.466666666666667,-1.7333333333333334,1392.5,147.9000000000001,0.319496855345912,0.9440251572327045,0.7459119496855345,-1.3119496855345913
1005,2014-09-30,CSKA Moscow,Bayern München,0,1,round : 2,E,CSKA Moskva,Bayern Munich,0,1,False,2014,2,Group,A,0,-1,detailed_2005_2021,1447.72,1687.753,-240.033,0.201,47,86,0.26744186046511625,1.0348837209302326,1.1395348837209305,1.6395348837209305,-0.5,1433.7,2,388,0.595360824742268,1.9871134020618557,2.105670103092784,1.0051546391752575,1.1005154639175259,1636.0,-202.29999999999995,-0.3279189642771518,-0.9522296811316231,-0.9661352193718535,0.634380244545673
1006,2014-09-30,Manchester City,Roma,1,1,round : 2,E,Manchester City,AS Roma,1,1,False,2014,2,Group,D,0,0,detailed_2005_2021,1504.298,1534.934,-30.636,0.456,17,127,0.5669291338582677,1.905511811023622,2.118110236220472,1.1496062992125984,0.968503937007874,1604.7,28,109,0.3761467889908257,1.3669724770642202,1.3669724770642202,1.4587155963302751,-0.09174311926605505,1497.3,107.40000000000009,0.190782344867442,0.5385393339594018,0.7511377591562516,-0.30910929711767676
1007,2014-09-30,APOEL Nicosia,Ajax,1,1,round : 2,F,APOEL Nikosia,AFC Ajax,1,1,False,2014,2,Group,D,0,0,detailed_2005_2021,1484.084,1502.666,-18.582,0.473,103,40,0.125,0.65,0.675,2.05,-1.375,1386.1,11,215,0.46511627906976744,1.627906976744186,1.613953488372093,1.1255813953488372,0.4883720930232558,1552.1,-166.0,-0.34011627906976744,-0.977906976744186,-0.9389534883720929,0.9244186046511627
1008,2014-09-30,Paris Saint-Germain,Barcelona,3,2,round : 2,F,Paris Saint-Germain,FC Barcelona,3,2,False,2014,2,Group,H,1,1,detailed_2005_2021,1582.438,1661.613,-79.175,0.388,16,151,0.5231788079470199,1.7615894039735098,1.9470198675496688,1.185430463576159,0.7615894039735099,1574.3,3,341,0.5747800586510264,1.9501466275659824,1.9794721407624636,1.0439882697947214,0.9354838709677419,1628.8,-54.5,-0.05160125070400656,-0.18855722359247262,-0.03245227321279476,0.14144219378143763
1009,2014-09-30,FC Schalke 04,NK Maribor,1,1,round : 2,G,FC Schalke 04,NK Maribor,1,1,False,2014,2,Group,D,0,0,detailed_2005_2021,1529.868,1499.378,30.491,0.544,40,73,0.3972602739726027,1.4246575342465753,1.4383561643835616,1.5205479452054795,-0.0821917808219178,1507.5,170,18,0.05555555555555555,0.5555555555555556,0.5,2.2777777777777777,-1.7777777777777777,1416.1,91.40000000000009,0.3417047184170472,0.8691019786910197,0.9383561643835616,-0.7572298325722981
1010,2014-09-30,Sporting CP,Chelsea,0,1,round : 2,G,Sporting CP,Chelsea FC,0,1,False,2014,2,Group,A,0,-1,detailed_2005_2021,1478.967,1599.465,-120.498,0.333,44,92,0.30434782608695654,1.076086956521739,1.358695652173913,1.7934782608695652,-0.43478260869565216,1434.1,10,197,0.5126903553299492,1.8020304568527918,1.7106598984771573,0.934010152284264,0.7766497461928934,1593.5,-159.4000000000001,-0.20834252924299268,-0.7259435003310528,-0.3519642463032442,0.8594681085853012
1011,2014-09-30,BATE Borisov,Athletic Bilbao,2,1,round : 2,H,BATE Borisov,Athletic Bilbao,2,1,False,2014,2,Group,H,1,1,detailed_2005_2021,1443.581,1500.628,-57.047,0.419,125,30,0.13333333333333333,0.6333333333333333,0.7333333333333333,2.466666666666667,-1.7333333333333334,1392.5,95,24,0.3333333333333333,1.2916666666666667,1.3333333333333333,1.3333333333333333,0.0,1492.1,-99.59999999999991,-0.19999999999999998,-0.6583333333333334,-0.6,1.1333333333333335
1012,2014-09-30,Shakhtar Donetsk,FC Porto,2,2,round : 2,H,Shakhtar Donetsk,FC Porto,2,2,False,2014,2,Group,D,0,0,detailed_2005_2021,1521.215,1540.702,-19.487,0.472,31,118,0.3305084745762712,1.2118644067796611,1.3644067796610169,1.7627118644067796,-0.3983050847457627,1464.6,8,265,0.4528301886792453,1.5773584905660378,1.4792452830188678,1.1547169811320754,0.32452830188679244,1540.4,-75.80000000000018,-0.1223217141029741,-0.3654940837863767,-0.11483850335785095,0.6079948832747042
997,2014-10-01,Atlético Madrid,Juventus,1,0,round : 2,A,Atlético Madrid,Juventus,1,0,False,2014,2,Group,H,1,1,detailed_2005_2021,1585.502,1568.855,16.647,0.524,15,166,0.4759036144578313,1.6927710843373494,1.4578313253012047,0.9879518072289156,0.46987951807228917,1568.1,5,297,0.5084175084175084,1.754208754208754,1.589225589225589,1.0134680134680134,0.5757575757575758,1581.5,-13.400000000000091,-0.03251389395967713,-0.061437669871404754,-0.13139426392438436,-0.025516206239097783
998,2014-10-01,Malmö FF,Olympiacos,2,0,round : 2,A,Malmö FF,Olympiakos Piraeus,2,0,False,2014,2,Group,H,1,2,detailed_2005_2021,1491.726,1481.195,10.532,0.515,69,53,0.2641509433962264,1.0,0.8490566037735849,1.9245283018867925,-1.0754716981132075,1432.5,25,156,0.30128205128205127,1.0833333333333333,1.1282051282051282,1.698717948717949,-0.5705128205128205,1432.0,0.5,-0.037131107885824854,-0.08333333333333326,-0.27914852443154325,0.22581035316884357
999,2014-10-01,FC Basel,Liverpool,1,0,round : 2,B,FC Basel,Liverpool FC,1,0,False,2014,2,Group,H,1,1,detailed_2005_2021,1498.127,1595.983,-97.855,0.363,41,82,0.35365853658536583,1.2439024390243902,1.3780487804878048,1.8170731707317076,-0.43902439024390244,1469.3,7,230,0.5565217391304348,1.8782608695652174,1.891304347826087,0.9608695652173912,0.9304347826086956,1606.0,-136.70000000000005,-0.20286320254506895,-0.6343584305408272,-0.5132555673382821,0.8562036055143164
1000,2014-10-01,Ludogorets Razgrad,Real Madrid,1,2,round : 2,B,PFC Ludogorets Razgrad,Real Madrid,1,2,False,2014,2,Group,A,0,-1,detailed_2005_2021,1492.493,1680.361,-187.868,0.253,206,12,0.08333333333333333,0.5833333333333334,0.9166666666666666,2.4166666666666665,-1.5,1434.1,1,486,0.5987654320987654,1.97119341563786,2.213991769547325,1.117283950617284,1.0967078189300412,1630.0,-195.9000000000001,-0.5154320987654321,-1.3878600823045266,-1.2973251028806585,1.2993827160493825
1001,2014-10-01,Zenit St. Petersburg,AS Monaco,0,0,round : 2,C,Zenit St. Petersburg,AS Monaco,0,0,False,2014,2,Group,D,0,0,detailed_2005_2021,1504.99,1509.944,-4.954,0.493,56,64,0.328125,1.203125,1.1875,1.421875,-0.234375,1466.8,33,98,0.35714285714285715,1.2857142857142858,1.489795918367347,1.4183673469387754,0.07142857142857142,1479.4,-12.600000000000136,-0.02901785714285715,-0.08258928571428581,-0.30229591836734704,0.0035076530612245804
1002,2014-10-01,Bayer 04 Leverkusen,SL Benfica,3,1,round : 2,C,Bayer Leverkusen,SL Benfica,3,1,False,2014,2,Group,H,1,2,detailed_2005_2021,1488.095,1485.714,2.381,0.503,32,107,0.34579439252336447,1.2710280373831775,1.383177570093458,1.6355140186915889,-0.2523364485981308,1478.1,9,266,0.43609022556390975,1.537593984962406,1.6466165413533835,1.218045112781955,0.42857142857142855,1532.9,-54.80000000000018,-0.09029583304054528,-0.2665659475792286,-0.26343897125992544,0.4174689059096339
1003,2014-10-01,Arsenal,Galatasaray,4,1,round : 2,D,Arsenal FC,Galatasaray,4,1,False,2014,2,Group,H,1,3,detailed_2005_2021,1604.51,1480.632,123.878,0.671,13,197,0.4720812182741117,1.6395939086294415,1.6446700507614214,1.1472081218274113,0.49746192893401014,1553.2,24,161,0.2670807453416149,1.0559006211180124,1.0807453416149069,1.6832298136645962,-0.6024844720496895,1434.0,119.20000000000005,0.2050004729324968,0.5836932875114291,0.5639247091465145,-0.536021691837185
1004,2014-10-01,RSC Anderlecht,Borussia Dortmund,0,3,round : 2,D,RSC Anderlecht,Borussia Dortmund,0,3,False,2014,2,Group,A,0,-3,detailed_2005_2021,1408.102,1564.867,-156.765,0.289,22,163,0.32515337423312884,1.1901840490797546,1.3312883435582823,1.7239263803680982,-0.39263803680981596,1458.0,14,176,0.4715909090909091,1.6193181818181819,1.6875,1.2613636363636365,0.42613636363636365,1546.4,-88.40000000000009,-0.14643753485778027,-0.42913413273842727,-0.3562116564417177,0.46256274400446173
1021,2014-10-21,CSKA Moscow,Manchester City,2,2,round : 3,E,CSKA Moskva,Manchester City,2,2,False,2014,3,Group,D,0,0,detailed_2005_2021,1443.705,1505.178,-61.473,0.412,47,86,0.26744186046511625,1.0348837209302326,1.1395348837209305,1.6395348837209305,-0.5,1433.7,17,127,0.5669291338582677,1.905511811023622,2.118110236220472,1.1496062992125984,0.968503937007874,1604.7,-171.0,-0.29948727339315145,-0.8706280900933894,-0.9785753524995413,0.4899285845083321
1022,2014-10-21,Roma,Bayern München,1,7,round : 3,E,AS Roma,Bayern Munich,1,7,False,2014,3,Group,A,0,-6,detailed_2005_2021,1534.054,1691.768,-157.713,0.287,28,109,0.3761467889908257,1.3669724770642202,1.3669724770642202,1.4587155963302751,-0.09174311926605505,1497.3,2,388,0.595360824742268,1.9871134020618557,2.105670103092784,1.0051546391752575,1.1005154639175259,1636.0,-138.70000000000005,-0.21921403575144233,-0.6201409249976355,-0.7386976260285638,0.45356095715501765
1023,2014-10-21,APOEL Nicosia,Paris Saint-Germain,0,1,round : 3,F,APOEL Nikosia,Paris Saint-Germain,0,1,False,2014,3,Group,A,0,-1,detailed_2005_2021,1484.618,1594.678,-110.06,0.347,103,40,0.125,0.65,0.675,2.05,-1.375,1386.1,16,151,0.5231788079470199,1.7615894039735098,1.9470198675496688,1.185430463576159,0.7615894039735099,1574.3,-188.20000000000005,-0.3981788079470199,-1.1115894039735097,-1.2720198675496688,0.8645695364238408
1024,2014-10-21,Barcelona,Ajax,3,1,round : 3,F,FC Barcelona,AFC Ajax,3,1,False,2014,3,Group,H,1,2,detailed_2005_2021,1649.373,1502.132,147.241,0.7,3,341,0.5747800586510264,1.9501466275659824,1.9794721407624636,1.0439882697947214,0.9354838709677419,1628.8,11,215,0.46511627906976744,1.627906976744186,1.613953488372093,1.1255813953488372,0.4883720930232558,1552.1,76.70000000000005,0.109663779581259,0.3222396508217964,0.3655186523903706,-0.0815931255541158
1025,2014-10-21,Chelsea,NK Maribor,6,0,round : 3,G,Chelsea FC,NK Maribor,6,0,False,2014,3,Group,H,1,6,detailed_2005_2021,1606.13,1500.253,105.877,0.648,10,197,0.5126903553299492,1.8020304568527918,1.7106598984771573,0.934010152284264,0.7766497461928934,1593.5,170,18,0.05555555555555555,0.5555555555555556,0.5,2.2777777777777777,-1.7777777777777777,1416.1,177.4000000000001,0.45713479977439364,1.2464749012972363,1.2106598984771573,-1.3437676254935136
1026,2014-10-21,FC Schalke 04,Sporting CP,4,3,round : 3,G,FC Schalke 04,Sporting CP,4,3,False,2014,3,Group,H,1,1,detailed_2005_2021,1528.993,1472.303,56.69,0.581,40,73,0.3972602739726027,1.4246575342465753,1.4383561643835616,1.5205479452054795,-0.0821917808219178,1507.5,44,92,0.30434782608695654,1.076086956521739,1.358695652173913,1.7934782608695652,-0.43478260869565216,1434.1,73.40000000000009,0.09291244788564618,0.34857057772483624,0.07966051220964854,-0.27293031566408565
1027,2014-10-21,BATE Borisov,Shakhtar Donetsk,0,7,round : 3,H,BATE Borisov,Shakhtar Donetsk,0,7,False,2014,3,Group,A,0,-7,detailed_2005_2021,1455.208,1521.775,-66.566,0.405,125,30,0.13333333333333333,0.6333333333333333,0.7333333333333333,2.466666666666667,-1.7333333333333334,1392.5,31,118,0.3305084745762712,1.2118644067796611,1.3644067796610169,1.7627118644067796,-0.3983050847457627,1464.6,-72.09999999999991,-0.19717514124293786,-0.5785310734463278,-0.6310734463276836,0.7039548022598872
1028,2014-10-21,FC Porto,Athletic Bilbao,2,1,round : 3,H,FC Porto,Athletic Bilbao,2,1,False,2014,3,Group,H,1,1,detailed_2005_2021,1540.141,1489.001,51.141,0.573,8,265,0.4528301886792453,1.5773584905660378,1.4792452830188678,1.1547169811320754,0.32452830188679244,1540.4,95,24,0.3333333333333333,1.2916666666666667,1.3333333333333333,1.3333333333333333,0.0,1492.1,48.30000000000018,0.11949685534591198,0.2856918238993711,0.14591194968553456,-0.17861635220125782
1013,2014-10-22,Atlético Madrid,Malmö FF,5,0,round : 3,A,Atlético Madrid,Malmö FF,5,0,False,2014,3,Group,H,1,5,detailed_2005_2021,1595.023,1501.423,93.6,0.632,15,166,0.4759036144578313,1.6927710843373494,1.4578313253012047,0.9879518072289156,0.46987951807228917,1568.1,69,53,0.2641509433962264,1.0,0.8490566037735849,1.9245283018867925,-1.0754716981132075,1432.5,135.5999999999999,0.2117526710616049,0.6927710843373494,0.6087747215276198,-0.9365764946578768
1014,2014-10-22,Olympiacos,Juventus,1,0,round : 3,A,Olympiakos Piraeus,Juventus,1,0,False,2014,3,Group,H,1,1,detailed_2005_2021,1471.498,1559.334,-87.836,0.376,25,156,0.30128205128205127,1.0833333333333333,1.1282051282051282,1.698717948717949,-0.5705128205128205,1432.0,5,297,0.5084175084175084,1.754208754208754,1.589225589225589,1.0134680134680134,0.5757575757575758,1581.5,-149.5,-0.20713545713545717,-0.6708754208754208,-0.4610204610204609,0.6852499352499355
1015,2014-10-22,Liverpool,Real Madrid,0,3,round : 3,B,Liverpool FC,Real Madrid,0,3,False,2014,3,Group,A,0,-3,detailed_2005_2021,1583.238,1685.425,-102.187,0.357,7,230,0.5565217391304348,1.8782608695652174,1.891304347826087,0.9608695652173912,0.9304347826086956,1606.0,1,486,0.5987654320987654,1.97119341563786,2.213991769547325,1.117283950617284,1.0967078189300412,1630.0,-24.0,-0.04224369296833064,-0.09293254607264267,-0.3226874217212381,-0.15641438539989283
1016,2014-10-22,Ludogorets Razgrad,FC Basel,1,0,round : 3,B,PFC Ludogorets Razgrad,FC Basel,1,0,False,2014,3,Group,H,1,1,detailed_2005_2021,1487.428,1510.871,-23.443,0.466,206,12,0.08333333333333333,0.5833333333333334,0.9166666666666666,2.4166666666666665,-1.5,1434.1,41,82,0.35365853658536583,1.2439024390243902,1.3780487804878048,1.8170731707317076,-0.43902439024390244,1469.3,-35.200000000000045,-0.2703252032520325,-0.6605691056910569,-0.46138211382113814,0.5995934959349589
1017,2014-10-22,AS Monaco,SL Benfica,0,0,round : 3,C,AS Monaco,SL Benfica,0,0,False,2014,3,Group,D,0,0,detailed_2005_2021,1509.801,1475.783,34.018,0.549,33,98,0.35714285714285715,1.2857142857142858,1.489795918367347,1.4183673469387754,0.07142857142857142,1479.4,9,266,0.43609022556390975,1.537593984962406,1.6466165413533835,1.218045112781955,0.42857142857142855,1532.9,-53.5,-0.0789473684210526,-0.25187969924812026,-0.1568206229860365,0.2003222341568205
1018,2014-10-22,Bayer 04 Leverkusen,Zenit St. Petersburg,2,0,round : 3,C,Bayer Leverkusen,Zenit St. Petersburg,2,0,False,2014,3,Group,H,1,2,detailed_2005_2021,1498.027,1505.132,-7.106,0.49,32,107,0.34579439252336447,1.2710280373831775,1.383177570093458,1.6355140186915889,-0.2523364485981308,1478.1,56,64,0.328125,1.203125,1.1875,1.421875,-0.234375,1466.8,11.299999999999955,0.01766939252336447,0.06790303738317749,0.1956775700934581,0.21363901869158886
1019,2014-10-22,Galatasaray,Borussia Dortmund,0,4,round : 3,D,Galatasaray,Borussia Dortmund,0,4,False,2014,3,Group,A,0,-4,detailed_2005_2021,1474.053,1570.638,-96.585,0.364,24,161,0.2670807453416149,1.0559006211180124,1.0807453416149069,1.6832298136645962,-0.6024844720496895,1434.0,14,176,0.4715909090909091,1.6193181818181819,1.6875,1.2613636363636365,0.42613636363636365,1546.4,-112.40000000000009,-0.2045101637492942,-0.5634175607001695,-0.6067546583850931,0.42186617730095977
1020,2014-10-22,RSC Anderlecht,Arsenal,1,2,round : 3,D,RSC Anderlecht,Arsenal FC,1,2,False,2014,3,Group,A,0,-1,detailed_2005_2021,1402.331,1611.088,-208.757,0.231,22,163,0.32515337423312884,1.1901840490797546,1.3312883435582823,1.7239263803680982,-0.39263803680981596,1458.0,13,197,0.4720812182741117,1.6395939086294415,1.6446700507614214,1.1472081218274113,0.49746192893401014,1553.2,-95.20000000000005,-0.14692784404098286,-0.44940985954968693,-0.31338170720313907,0.5767182585406869
1029,2014-11-04,Juventus,Olympiacos,3,2,round : 4,A,Juventus,Olympiakos Piraeus,3,2,False,2014,4,Group,H,1,1,detailed_2005_2021,1546.858,1483.973,62.885,0.59,5,297,0.5084175084175084,1.754208754208754,1.589225589225589,1.0134680134680134,0.5757575757575758,1581.5,25,156,0.30128205128205127,1.0833333333333333,1.1282051282051282,1.698717948717949,-0.5705128205128205,1432.0,149.5,0.20713545713545717,0.6708754208754208,0.4610204610204609,-0.6852499352499355
1030,2014-11-04,Malmö FF,Atlético Madrid,0,2,round : 4,A,Malmö FF,Atlético Madrid,0,2,False,2014,4,Group,A,0,-2,detailed_2005_2021,1494.054,1602.392,-108.338,0.349,69,53,0.2641509433962264,1.0,0.8490566037735849,1.9245283018867925,-1.0754716981132075,1432.5,15,166,0.4759036144578313,1.6927710843373494,1.4578313253012047,0.9879518072289156,0.46987951807228917,1568.1,-135.5999999999999,-0.2117526710616049,-0.6927710843373494,-0.6087747215276198,0.9365764946578768
1031,2014-11-04,FC Basel,Ludogorets Razgrad,4,0,round : 4,B,FC Basel,PFC Ludogorets Razgrad,4,0,False,2014,4,Group,H,1,4,detailed_2005_2021,1500.198,1498.102,2.096,0.503,41,82,0.35365853658536583,1.2439024390243902,1.3780487804878048,1.8170731707317076,-0.43902439024390244,1469.3,206,12,0.08333333333333333,0.5833333333333334,0.9166666666666666,2.4166666666666665,-1.5,1434.1,35.200000000000045,0.2703252032520325,0.6605691056910569,0.46138211382113814,-0.5995934959349589
1032,2014-11-04,Real Madrid,Liverpool,1,0,round : 4,B,Real Madrid,Liverpool FC,1,0,False,2014,4,Group,H,1,1,detailed_2005_2021,1692.566,1576.097,116.469,0.662,1,486,0.5987654320987654,1.97119341563786,2.213991769547325,1.117283950617284,1.0967078189300412,1630.0,7,230,0.5565217391304348,1.8782608695652174,1.891304347826087,0.9608695652173912,0.9304347826086956,1606.0,24.0,0.04224369296833064,0.09293254607264267,0.3226874217212381,0.15641438539989283
1033,2014-11-04,Zenit St. Petersburg,Bayer 04 Leverkusen,1,2,round : 4,C,Zenit St. Petersburg,Bayer Leverkusen,1,2,False,2014,4,Group,A,0,-1,detailed_2005_2021,1494.928,1508.231,-13.303,0.481,56,64,0.328125,1.203125,1.1875,1.421875,-0.234375,1466.8,32,107,0.34579439252336447,1.2710280373831775,1.383177570093458,1.6355140186915889,-0.2523364485981308,1478.1,-11.299999999999955,-0.01766939252336447,-0.06790303738317749,-0.1956775700934581,-0.21363901869158886
1034,2014-11-04,SL Benfica,AS Monaco,1,0,round : 4,C,SL Benfica,AS Monaco,1,0,False,2014,4,Group,H,1,1,detailed_2005_2021,1476.759,1508.825,-32.066,0.454,9,266,0.43609022556390975,1.537593984962406,1.6466165413533835,1.218045112781955,0.42857142857142855,1532.9,33,98,0.35714285714285715,1.2857142857142858,1.489795918367347,1.4183673469387754,0.07142857142857142,1479.4,53.5,0.0789473684210526,0.25187969924812026,0.1568206229860365,-0.2003222341568205
1035,2014-11-04,Arsenal,RSC Anderlecht,3,3,round : 4,D,Arsenal FC,RSC Anderlecht,3,3,False,2014,4,Group,D,0,0,detailed_2005_2021,1615.711,1397.708,218.003,0.778,13,197,0.4720812182741117,1.6395939086294415,1.6446700507614214,1.1472081218274113,0.49746192893401014,1553.2,22,163,0.32515337423312884,1.1901840490797546,1.3312883435582823,1.7239263803680982,-0.39263803680981596,1458.0,95.20000000000005,0.14692784404098286,0.44940985954968693,0.31338170720313907,-0.5767182585406869
1036,2014-11-04,Borussia Dortmund,Galatasaray,4,1,round : 4,D,Borussia Dortmund,Galatasaray,4,1,False,2014,4,Group,H,1,3,detailed_2005_2021,1577.928,1466.764,111.164,0.655,14,176,0.4715909090909091,1.6193181818181819,1.6875,1.2613636363636365,0.42613636363636365,1546.4,24,161,0.2670807453416149,1.0559006211180124,1.0807453416149069,1.6832298136645962,-0.6024844720496895,1434.0,112.40000000000009,0.2045101637492942,0.5634175607001695,0.6067546583850931,-0.42186617730095977
1037,2014-11-05,Bayern München,Roma,2,0,round : 4,E,Bayern Munich,AS Roma,2,0,False,2014,4,Group,H,1,2,detailed_2005_2021,1697.516,1528.306,169.211,0.726,2,388,0.595360824742268,1.9871134020618557,2.105670103092784,1.0051546391752575,1.1005154639175259,1636.0,28,109,0.3761467889908257,1.3669724770642202,1.3669724770642202,1.4587155963302751,-0.09174311926605505,1497.3,138.70000000000005,0.21921403575144233,0.6201409249976355,0.7386976260285638,-0.45356095715501765
1038,2014-11-05,Manchester City,CSKA Moscow,1,2,round : 4,E,Manchester City,CSKA Moskva,1,2,False,2014,4,Group,A,0,-1,detailed_2005_2021,1503.427,1445.456,57.971,0.583,17,127,0.5669291338582677,1.905511811023622,2.118110236220472,1.1496062992125984,0.968503937007874,1604.7,47,86,0.26744186046511625,1.0348837209302326,1.1395348837209305,1.6395348837209305,-0.5,1433.7,171.0,0.29948727339315145,0.8706280900933894,0.9785753524995413,-0.4899285845083321
1039,2014-11-05,Ajax,Barcelona,0,2,round : 4,F,AFC Ajax,FC Barcelona,0,2,False,2014,4,Group,A,0,-2,detailed_2005_2021,1496.133,1655.371,-159.238,0.286,11,215,0.46511627906976744,1.627906976744186,1.613953488372093,1.1255813953488372,0.4883720930232558,1552.1,3,341,0.5747800586510264,1.9501466275659824,1.9794721407624636,1.0439882697947214,0.9354838709677419,1628.8,-76.70000000000005,-0.109663779581259,-0.3222396508217964,-0.3655186523903706,0.0815931255541158
1040,2014-11-05,Paris Saint-Germain,APOEL Nicosia,1,0,round : 4,F,Paris Saint-Germain,APOEL Nikosia,1,0,False,2014,4,Group,H,1,1,detailed_2005_2021,1601.612,1477.684,123.928,0.671,16,151,0.5231788079470199,1.7615894039735098,1.9470198675496688,1.185430463576159,0.7615894039735099,1574.3,103,40,0.125,0.65,0.675,2.05,-1.375,1386.1,188.20000000000005,0.3981788079470199,1.1115894039735097,1.2720198675496688,-0.8645695364238408
1041,2014-11-05,NK Maribor,Chelsea,1,1,round : 4,G,NK Maribor,Chelsea FC,1,1,False,2014,4,Group,D,0,0,detailed_2005_2021,1493.209,1613.173,-119.964,0.334,170,18,0.05555555555555555,0.5555555555555556,0.5,2.2777777777777777,-1.7777777777777777,1416.1,10,197,0.5126903553299492,1.8020304568527918,1.7106598984771573,0.934010152284264,0.7766497461928934,1593.5,-177.4000000000001,-0.45713479977439364,-1.2464749012972363,-1.2106598984771573,1.3437676254935136
1042,2014-11-05,Sporting CP,FC Schalke 04,4,2,round : 4,G,Sporting CP,FC Schalke 04,4,2,False,2014,4,Group,H,1,2,detailed_2005_2021,1463.92,1537.375,-73.455,0.396,44,92,0.30434782608695654,1.076086956521739,1.358695652173913,1.7934782608695652,-0.43478260869565216,1434.1,40,73,0.3972602739726027,1.4246575342465753,1.4383561643835616,1.5205479452054795,-0.0821917808219178,1507.5,-73.40000000000009,-0.09291244788564618,-0.34857057772483624,-0.07966051220964854,0.27293031566408565
1043,2014-11-05,Athletic Bilbao,FC Porto,0,2,round : 4,H,Athletic Bilbao,FC Porto,0,2,False,2014,4,Group,A,0,-2,detailed_2005_2021,1480.462,1548.68,-68.218,0.403,95,24,0.3333333333333333,1.2916666666666667,1.3333333333333333,1.3333333333333333,0.0,1492.1,8,265,0.4528301886792453,1.5773584905660378,1.4792452830188678,1.1547169811320754,0.32452830188679244,1540.4,-48.30000000000018,-0.11949685534591198,-0.2856918238993711,-0.14591194968553456,0.17861635220125782
1044,2014-11-05,Shakhtar Donetsk,BATE Borisov,5,0,round : 4,H,Shakhtar Donetsk,BATE Borisov,5,0,False,2014,4,Group,H,1,5,detailed_2005_2021,1529.882,1447.101,82.781,0.617,31,118,0.3305084745762712,1.2118644067796611,1.3644067796610169,1.7627118644067796,-0.3983050847457627,1464.6,125,30,0.13333333333333333,0.6333333333333333,0.7333333333333333,2.466666666666667,-1.7333333333333334,1392.5,72.09999999999991,0.19717514124293786,0.5785310734463278,0.6310734463276836,-0.7039548022598872
1053,2014-11-25,CSKA Moscow,Roma,1,1,round : 5,E,CSKA Moskva,AS Roma,1,1,False,2014,5,Group,D,0,0,detailed_2005_2021,1457.109,1522.824,-65.715,0.407,47,86,0.26744186046511625,1.0348837209302326,1.1395348837209305,1.6395348837209305,-0.5,1433.7,28,109,0.3761467889908257,1.3669724770642202,1.3669724770642202,1.4587155963302751,-0.09174311926605505,1497.3,-63.59999999999991,-0.10870492852570945,-0.3320887561339876,-0.22743759334328972,0.18081928739065534
1054,2014-11-25,Manchester City,Bayern München,3,2,round : 5,E,Manchester City,Bayern Munich,3,2,False,2014,5,Group,H,1,1,detailed_2005_2021,1491.773,1702.998,-211.224,0.229,17,127,0.5669291338582677,1.905511811023622,2.118110236220472,1.1496062992125984,0.968503937007874,1604.7,2,388,0.595360824742268,1.9871134020618557,2.105670103092784,1.0051546391752575,1.1005154639175259,1636.0,-31.299999999999955,-0.028431690884000327,-0.08160159103823372,0.012440133127687769,0.1444516600373409
1055,2014-11-25,APOEL Nicosia,Barcelona,0,4,round : 5,F,APOEL Nikosia,FC Barcelona,0,4,False,2014,5,Group,A,0,-4,detailed_2005_2021,1471.107,1661.084,-189.977,0.251,103,40,0.125,0.65,0.675,2.05,-1.375,1386.1,3,341,0.5747800586510264,1.9501466275659824,1.9794721407624636,1.0439882697947214,0.9354838709677419,1628.8,-242.70000000000005,-0.44978005865102644,-1.3001466275659825,-1.3044721407624635,1.0060117302052785
1056,2014-11-25,Paris Saint-Germain,Ajax,3,1,round : 5,F,Paris Saint-Germain,AFC Ajax,3,1,False,2014,5,Group,H,1,2,detailed_2005_2021,1608.189,1490.42,117.769,0.663,16,151,0.5231788079470199,1.7615894039735098,1.9470198675496688,1.185430463576159,0.7615894039735099,1574.3,11,215,0.46511627906976744,1.627906976744186,1.613953488372093,1.1255813953488372,0.4883720930232558,1552.1,22.200000000000045,0.05806252887725244,0.13368242722932377,0.33306637917757587,0.05984906822732183
1057,2014-11-25,FC Schalke 04,Chelsea,0,5,round : 5,G,FC Schalke 04,Chelsea FC,0,5,False,2014,5,Group,A,0,-5,detailed_2005_2021,1525.292,1609.851,-84.559,0.381,40,73,0.3972602739726027,1.4246575342465753,1.4383561643835616,1.5205479452054795,-0.0821917808219178,1507.5,10,197,0.5126903553299492,1.8020304568527918,1.7106598984771573,0.934010152284264,0.7766497461928934,1593.5,-86.0,-0.1154300813573465,-0.3773729226062166,-0.27230373409359565,0.5865377929212156
1058,2014-11-25,Sporting CP,NK Maribor,3,1,round : 5,G,Sporting CP,NK Maribor,3,1,False,2014,5,Group,H,1,2,detailed_2005_2021,1476.003,1496.531,-20.528,0.47,44,92,0.30434782608695654,1.076086956521739,1.358695652173913,1.7934782608695652,-0.43478260869565216,1434.1,170,18,0.05555555555555555,0.5555555555555556,0.5,2.2777777777777777,-1.7777777777777777,1416.1,18.0,0.248792270531401,0.5205314009661834,0.8586956521739131,-0.4842995169082125
1059,2014-11-25,BATE Borisov,FC Porto,0,3,round : 5,H,BATE Borisov,FC Porto,0,3,False,2014,5,Group,A,0,-3,detailed_2005_2021,1439.44,1556.741,-117.301,0.337,125,30,0.13333333333333333,0.6333333333333333,0.7333333333333333,2.466666666666667,-1.7333333333333334,1392.5,8,265,0.4528301886792453,1.5773584905660378,1.4792452830188678,1.1547169811320754,0.32452830188679244,1540.4,-147.9000000000001,-0.319496855345912,-0.9440251572327045,-0.7459119496855345,1.3119496855345913
1060,2014-11-25,Shakhtar Donetsk,Athletic Bilbao,0,1,round : 5,H,Shakhtar Donetsk,Athletic Bilbao,0,1,False,2014,5,Group,A,0,-1,detailed_2005_2021,1537.543,1472.401,65.143,0.593,31,118,0.3305084745762712,1.2118644067796611,1.3644067796610169,1.7627118644067796,-0.3983050847457627,1464.6,95,24,0.3333333333333333,1.2916666666666667,1.3333333333333333,1.3333333333333333,0.0,1492.1,-27.5,-0.002824858757062121,-0.07980225988700562,0.031073446327683607,0.42937853107344637
1045,2014-11-26,Atlético Madrid,Olympiacos,4,0,round : 5,A,Atlético Madrid,Olympiakos Piraeus,4,0,False,2014,5,Group,H,1,4,detailed_2005_2021,1609.371,1475.764,133.608,0.683,15,166,0.4759036144578313,1.6927710843373494,1.4578313253012047,0.9879518072289156,0.46987951807228917,1568.1,25,156,0.30128205128205127,1.0833333333333333,1.1282051282051282,1.698717948717949,-0.5705128205128205,1432.0,136.0999999999999,0.17462156317578004,0.6094377510040161,0.32962619709607655,-0.7107661414890333
1046,2014-11-26,Malmö FF,Juventus,0,2,round : 5,A,Malmö FF,Juventus,0,2,False,2014,5,Group,A,0,-2,detailed_2005_2021,1487.075,1555.068,-67.993,0.403,69,53,0.2641509433962264,1.0,0.8490566037735849,1.9245283018867925,-1.0754716981132075,1432.5,5,297,0.5084175084175084,1.754208754208754,1.589225589225589,1.0134680134680134,0.5757575757575758,1581.5,-149.0,-0.24426656502128202,-0.7542087542087541,-0.7401689854520042,0.9110602884187791
1047,2014-11-26,FC Basel,Real Madrid,0,1,round : 5,B,FC Basel,Real Madrid,0,1,False,2014,5,Group,A,0,-1,detailed_2005_2021,1510.137,1699.334,-189.197,0.252,41,82,0.35365853658536583,1.2439024390243902,1.3780487804878048,1.8170731707317076,-0.43902439024390244,1469.3,1,486,0.5987654320987654,1.97119341563786,2.213991769547325,1.117283950617284,1.0967078189300412,1630.0,-160.70000000000005,-0.2451068955133996,-0.7272909766134699,-0.8359429890595202,0.6997892201144236
1048,2014-11-26,Ludogorets Razgrad,Liverpool,2,2,round : 5,B,PFC Ludogorets Razgrad,Liverpool FC,2,2,False,2014,5,Group,D,0,0,detailed_2005_2021,1488.162,1569.33,-81.167,0.385,206,12,0.08333333333333333,0.5833333333333334,0.9166666666666666,2.4166666666666665,-1.5,1434.1,7,230,0.5565217391304348,1.8782608695652174,1.891304347826087,0.9608695652173912,0.9304347826086956,1606.0,-171.9000000000001,-0.4731884057971015,-1.2949275362318842,-0.9746376811594203,1.4557971014492752
1049,2014-11-26,Zenit St. Petersburg,SL Benfica,1,0,round : 5,C,Zenit St. Petersburg,SL Benfica,1,0,False,2014,5,Group,H,1,1,detailed_2005_2021,1485.31,1487.679,-2.369,0.497,56,64,0.328125,1.203125,1.1875,1.421875,-0.234375,1466.8,9,266,0.43609022556390975,1.537593984962406,1.6466165413533835,1.218045112781955,0.42857142857142855,1532.9,-66.10000000000014,-0.10796522556390975,-0.33446898496240607,-0.45911654135338353,0.20382988721804507
1050,2014-11-26,Bayer 04 Leverkusen,AS Monaco,0,1,round : 5,C,Bayer Leverkusen,AS Monaco,0,1,False,2014,5,Group,A,0,-1,detailed_2005_2021,1517.848,1497.905,19.944,0.529,32,107,0.34579439252336447,1.2710280373831775,1.383177570093458,1.6355140186915889,-0.2523364485981308,1478.1,33,98,0.35714285714285715,1.2857142857142858,1.489795918367347,1.4183673469387754,0.07142857142857142,1479.4,-1.300000000000182,-0.011348464619492682,-0.01468624833110832,-0.10661834827388894,0.21714667175281344
1051,2014-11-26,Arsenal,Borussia Dortmund,2,0,round : 5,D,Arsenal FC,Borussia Dortmund,2,0,False,2014,5,Group,H,1,2,detailed_2005_2021,1610.148,1584.833,25.315,0.536,13,197,0.4720812182741117,1.6395939086294415,1.6446700507614214,1.1472081218274113,0.49746192893401014,1553.2,14,176,0.4715909090909091,1.6193181818181819,1.6875,1.2613636363636365,0.42613636363636365,1546.4,6.7999999999999545,0.0004903091832025863,0.020275726811259664,-0.042829949238578635,-0.11415551453622519
1052,2014-11-26,RSC Anderlecht,Galatasaray,2,0,round : 5,D,RSC Anderlecht,Galatasaray,2,0,False,2014,5,Group,H,1,2,detailed_2005_2021,1403.271,1459.859,-56.588,0.419,22,163,0.32515337423312884,1.1901840490797546,1.3312883435582823,1.7239263803680982,-0.39263803680981596,1458.0,24,161,0.2670807453416149,1.0559006211180124,1.0807453416149069,1.6832298136645962,-0.6024844720496895,1434.0,24.0,0.05807262889151393,0.1342834279617422,0.2505430019433754,0.04069656670350197
1061,2015-02-17,Paris Saint-Germain,Chelsea,1,1,round : 18,,Paris Saint-Germain,Chelsea FC,1,1,False,2014,18,Knockout,D,0,0,detailed_2005_2021,1614.924,1617.464,-2.541,0.496,16,151,0.5231788079470199,1.7615894039735098,1.9470198675496688,1.185430463576159,0.7615894039735099,1574.3,10,197,0.5126903553299492,1.8020304568527918,1.7106598984771573,0.934010152284264,0.7766497461928934,1593.5,-19.200000000000045,0.010488452617070654,-0.04044105287928201,0.23635996907251156,0.251420311291895
1062,2015-02-17,Shakhtar Donetsk,Bayern München,0,0,round : 18,,Shakhtar Donetsk,Bayern Munich,0,0,False,2014,18,Knockout,D,0,0,detailed_2005_2021,1525.69,1687.571,-161.881,0.283,31,118,0.3305084745762712,1.2118644067796611,1.3644067796610169,1.7627118644067796,-0.3983050847457627,1464.6,2,388,0.595360824742268,1.9871134020618557,2.105670103092784,1.0051546391752575,1.1005154639175259,1636.0,-171.4000000000001,-0.26485235016599684,-0.7752489952821946,-0.7412633234317672,0.7575572252315221
1063,2015-02-18,FC Basel,FC Porto,1,1,round : 18,,FC Basel,FC Porto,1,1,False,2014,18,Knockout,D,0,0,detailed_2005_2021,1505.102,1563.488,-58.386,0.417,41,82,0.35365853658536583,1.2439024390243902,1.3780487804878048,1.8170731707317076,-0.43902439024390244,1469.3,8,265,0.4528301886792453,1.5773584905660378,1.4792452830188678,1.1547169811320754,0.32452830188679244,1540.4,-71.10000000000014,-0.09917165209387946,-0.3334560515416476,-0.10119650253106305,0.6623561895996322
1064,2015-02-18,FC Schalke 04,Real Madrid,0,2,round : 18,,FC Schalke 04,Real Madrid,0,2,False,2014,18,Knockout,A,0,-2,detailed_2005_2021,1517.679,1704.37,-186.691,0.255,40,73,0.3972602739726027,1.4246575342465753,1.4383561643835616,1.5205479452054795,-0.0821917808219178,1507.5,1,486,0.5987654320987654,1.97119341563786,2.213991769547325,1.117283950617284,1.0967078189300412,1630.0,-122.5,-0.2015051581261627,-0.5465358813912848,-0.7756356051637634,0.4032639945881955
1065,2015-02-24,Juventus,Borussia Dortmund,2,1,round : 18,,Juventus,Borussia Dortmund,2,1,False,2014,18,Knockout,H,1,1,detailed_2005_2021,1563.135,1575.561,-12.425,0.482,5,297,0.5084175084175084,1.754208754208754,1.589225589225589,1.0134680134680134,0.5757575757575758,1581.5,14,176,0.4715909090909091,1.6193181818181819,1.6875,1.2613636363636365,0.42613636363636365,1546.4,35.09999999999991,0.03682659932659932,0.13489057239057223,-0.0982744107744109,-0.24789562289562306
1066,2015-02-24,Manchester City,Barcelona,1,2,round : 18,,Manchester City,FC Barcelona,1,2,False,2014,18,Knockout,A,0,-1,detailed_2005_2021,1507.2,1666.103,-158.903,0.286,17,127,0.5669291338582677,1.905511811023622,2.118110236220472,1.1496062992125984,0.968503937007874,1604.7,3,341,0.5747800586510264,1.9501466275659824,1.9794721407624636,1.0439882697947214,0.9354838709677419,1628.8,-24.09999999999991,-0.007850924792758729,-0.044634816542360456,0.1386380954580082,0.10561802941787701
1067,2015-02-25,Arsenal,AS Monaco,1,3,round : 18,,Arsenal FC,AS Monaco,1,3,False,2014,18,Knockout,A,0,-2,detailed_2005_2021,1619.421,1508.478,110.943,0.654,13,197,0.4720812182741117,1.6395939086294415,1.6446700507614214,1.1472081218274113,0.49746192893401014,1553.2,33,98,0.35714285714285715,1.2857142857142858,1.489795918367347,1.4183673469387754,0.07142857142857142,1479.4,73.79999999999995,0.11493836113125455,0.35387962291515573,0.15487413239407433,-0.27115922511136414
1068,2015-02-25,Bayer 04 Leverkusen,Atlético Madrid,1,0,round : 18,,Bayer Leverkusen,Atlético Madrid,1,0,False,2014,18,Knockout,H,1,1,detailed_2005_2021,1507.275,1615.705,-108.43,0.349,32,107,0.34579439252336447,1.2710280373831775,1.383177570093458,1.6355140186915889,-0.2523364485981308,1478.1,15,166,0.4759036144578313,1.6927710843373494,1.4578313253012047,0.9879518072289156,0.46987951807228917,1568.1,-90.0,-0.13010922193446683,-0.42174304695417186,-0.07465375520774664,0.6475622114626732
1069,2015-03-10,FC Porto,FC Basel,4,0,round : 18,,FC Porto,FC Basel,4,0,False,2014,18,Knockout,H,1,4,detailed_2005_2021,1561.823,1506.767,55.056,0.579,8,265,0.4528301886792453,1.5773584905660378,1.4792452830188678,1.1547169811320754,0.32452830188679244,1540.4,41,82,0.35365853658536583,1.2439024390243902,1.3780487804878048,1.8170731707317076,-0.43902439024390244,1469.3,71.10000000000014,0.09917165209387946,0.3334560515416476,0.10119650253106305,-0.6623561895996322
1070,2015-03-10,Real Madrid,FC Schalke 04,3,4,round : 18,,Real Madrid,FC Schalke 04,3,4,False,2014,18,Knockout,A,0,-1,detailed_2005_2021,1709.46,1512.589,196.871,0.756,1,486,0.5987654320987654,1.97119341563786,2.213991769547325,1.117283950617284,1.0967078189300412,1630.0,40,73,0.3972602739726027,1.4246575342465753,1.4383561643835616,1.5205479452054795,-0.0821917808219178,1507.5,122.5,0.2015051581261627,0.5465358813912848,0.7756356051637634,-0.4032639945881955
1071,2015-03-11,Bayern München,Shakhtar Donetsk,7,0,round : 18,,Bayern Munich,Shakhtar Donetsk,7,0,False,2014,18,Knockout,H,1,7,detailed_2005_2021,1683.222,1530.039,153.183,0.707,2,388,0.595360824742268,1.9871134020618557,2.105670103092784,1.0051546391752575,1.1005154639175259,1636.0,31,118,0.3305084745762712,1.2118644067796611,1.3644067796610169,1.7627118644067796,-0.3983050847457627,1464.6,171.4000000000001,0.26485235016599684,0.7752489952821946,0.7412633234317672,-0.7575572252315221
1072,2015-03-11,Chelsea,Paris Saint-Germain,1(1),1(1),round : 18,,Chelsea FC,Paris Saint-Germain,1,1,True,2014,18,Knockout,D,0,0,detailed_2005_2021,1617.391,1614.997,2.394,0.503,10,197,0.5126903553299492,1.8020304568527918,1.7106598984771573,0.934010152284264,0.7766497461928934,1593.5,16,151,0.5231788079470199,1.7615894039735098,1.9470198675496688,1.185430463576159,0.7615894039735099,1574.3,19.200000000000045,-0.010488452617070654,0.04044105287928201,-0.23635996907251156,-0.251420311291895
1073,2015-03-17,AS Monaco,Arsenal,0,2,round : 18,,AS Monaco,Arsenal FC,0,2,False,2014,18,Knockout,A,0,-2,detailed_2005_2021,1521.567,1606.332,-84.765,0.38,33,98,0.35714285714285715,1.2857142857142858,1.489795918367347,1.4183673469387754,0.07142857142857142,1479.4,13,197,0.4720812182741117,1.6395939086294415,1.6446700507614214,1.1472081218274113,0.49746192893401014,1553.2,-73.79999999999995,-0.11493836113125455,-0.35387962291515573,-0.15487413239407433,0.27115922511136414
1074,2015-03-17,Atlético Madrid,Bayer 04 Leverkusen,1(0) (3),0(0) (2),round : 18,,Atlético Madrid,Bayer Leverkusen,1,0,True,2014,18,Knockout,H,1,1,detailed_2005_2021,1602.681,1520.298,82.383,0.616,15,166,0.4759036144578313,1.6927710843373494,1.4578313253012047,0.9879518072289156,0.46987951807228917,1568.1,32,107,0.34579439252336447,1.2710280373831775,1.383177570093458,1.6355140186915889,-0.2523364485981308,1478.1,90.0,0.13010922193446683,0.42174304695417186,0.07465375520774664,-0.6475622114626732
1075,2015-03-18,Barcelona,Manchester City,1,0,round : 18,,FC Barcelona,Manchester City,1,0,False,2014,18,Knockout,H,1,1,detailed_2005_2021,1671.824,1501.48,170.344,0.727,3,341,0.5747800586510264,1.9501466275659824,1.9794721407624636,1.0439882697947214,0.9354838709677419,1628.8,17,127,0.5669291338582677,1.905511811023622,2.118110236220472,1.1496062992125984,0.968503937007874,1604.7,24.09999999999991,0.007850924792758729,0.044634816542360456,-0.1386380954580082,-0.10561802941787701
1076,2015-03-18,Borussia Dortmund,Juventus,0,3,round : 18,,Borussia Dortmund,Juventus,0,3,False,2014,18,Knockout,A,0,-3,detailed_2005_2021,1565.203,1573.493,-8.29,0.488,14,176,0.4715909090909091,1.6193181818181819,1.6875,1.2613636363636365,0.42613636363636365,1546.4,5,297,0.5084175084175084,1.754208754208754,1.589225589225589,1.0134680134680134,0.5757575757575758,1581.5,-35.09999999999991,-0.03682659932659932,-0.13489057239057223,0.0982744107744109,0.24789562289562306
1077,2015-04-14,Atlético Madrid,Real Madrid,0,0,round : quarterfinals,,Atlético Madrid,Real Madrid,0,0,False,2014,quarterfinals,Knockout,D,0,0,detailed_2005_2021,1610.354,1694.331,-83.977,0.381,15,166,0.4759036144578313,1.6927710843373494,1.4578313253012047,0.9879518072289156,0.46987951807228917,1568.1,1,486,0.5987654320987654,1.97119341563786,2.213991769547325,1.117283950617284,1.0967078189300412,1630.0,-61.90000000000009,-0.12286181764093412,-0.27842233130051075,-0.7561604442461203,-0.1293321433883684
1078,2015-04-14,Juventus,AS Monaco,1,0,round : quarterfinals,,Juventus,AS Monaco,1,0,False,2014,quarterfinals,Knockout,H,1,1,detailed_2005_2021,1583.254,1513.959,69.295,0.598,5,297,0.5084175084175084,1.754208754208754,1.589225589225589,1.0134680134680134,0.5757575757575758,1581.5,33,98,0.35714285714285715,1.2857142857142858,1.489795918367347,1.4183673469387754,0.07142857142857142,1479.4,102.09999999999991,0.15127465127465128,0.4684944684944683,0.09942967085824206,-0.404899333470762
1079,2015-04-15,FC Porto,Bayern München,3,1,round : quarterfinals,,FC Porto,Bayern Munich,3,1,False,2014,quarterfinals,Knockout,H,1,2,detailed_2005_2021,1570.251,1689.078,-118.827,0.335,8,265,0.4528301886792453,1.5773584905660378,1.4792452830188678,1.1547169811320754,0.32452830188679244,1540.4,2,388,0.595360824742268,1.9871134020618557,2.105670103092784,1.0051546391752575,1.1005154639175259,1636.0,-95.59999999999991,-0.14253063606302274,-0.4097549114958179,-0.6264248200739162,0.14956234195681795
1080,2015-04-15,Paris Saint-Germain,Barcelona,1,3,round : quarterfinals,,Paris Saint-Germain,FC Barcelona,1,3,False,2014,quarterfinals,Knockout,A,0,-2,detailed_2005_2021,1615.066,1677.279,-62.213,0.411,16,151,0.5231788079470199,1.7615894039735098,1.9470198675496688,1.185430463576159,0.7615894039735099,1574.3,3,341,0.5747800586510264,1.9501466275659824,1.9794721407624636,1.0439882697947214,0.9354838709677419,1628.8,-54.5,-0.05160125070400656,-0.18855722359247262,-0.03245227321279476,0.14144219378143763
1081,2015-04-21,Barcelona,Paris Saint-Germain,2,0,round : quarterfinals,,FC Barcelona,Paris Saint-Germain,2,0,False,2014,quarterfinals,Knockout,H,1,2,detailed_2005_2021,1685.508,1606.838,78.67,0.611,3,341,0.5747800586510264,1.9501466275659824,1.9794721407624636,1.0439882697947214,0.9354838709677419,1628.8,16,151,0.5231788079470199,1.7615894039735098,1.9470198675496688,1.185430463576159,0.7615894039735099,1574.3,54.5,0.05160125070400656,0.18855722359247262,0.03245227321279476,-0.14144219378143763
1082,2015-04-21,Bayern München,FC Porto,6,1,round : quarterfinals,,Bayern Munich,FC Porto,6,1,False,2014,quarterfinals,Knockout,H,1,5,detailed_2005_2021,1675.785,1583.544,92.241,0.63,2,388,0.595360824742268,1.9871134020618557,2.105670103092784,1.0051546391752575,1.1005154639175259,1636.0,8,265,0.4528301886792453,1.5773584905660378,1.4792452830188678,1.1547169811320754,0.32452830188679244,1540.4,95.59999999999991,0.14253063606302274,0.4097549114958179,0.6264248200739162,-0.14956234195681795
1083,2015-04-22,AS Monaco,Juventus,0,0,round : quarterfinals,,AS Monaco,Juventus,0,0,False,2014,quarterfinals,Knockout,D,0,0,detailed_2005_2021,1505.928,1591.286,-85.358,0.38,33,98,0.35714285714285715,1.2857142857142858,1.489795918367347,1.4183673469387754,0.07142857142857142,1479.4,5,297,0.5084175084175084,1.754208754208754,1.589225589225589,1.0134680134680134,0.5757575757575758,1581.5,-102.09999999999991,-0.15127465127465128,-0.4684944684944683,-0.09942967085824206,0.404899333470762
1084,2015-04-22,Real Madrid,Atlético Madrid,1,0,round : quarterfinals,,Real Madrid,Atlético Madrid,1,0,False,2014,quarterfinals,Knockout,H,1,1,detailed_2005_2021,1691.96,1612.725,79.235,0.612,1,486,0.5987654320987654,1.97119341563786,2.213991769547325,1.117283950617284,1.0967078189300412,1630.0,15,166,0.4759036144578313,1.6927710843373494,1.4578313253012047,0.9879518072289156,0.46987951807228917,1568.1,61.90000000000009,0.12286181764093412,0.27842233130051075,0.7561604442461203,0.1293321433883684
1085,2015-05-05,Juventus,Real Madrid,2,1,round : semifinals,,Juventus,Real Madrid,2,1,False,2014,semifinals,Knockout,H,1,1,detailed_2005_2021,1588.877,1699.718,-110.841,0.346,5,297,0.5084175084175084,1.754208754208754,1.589225589225589,1.0134680134680134,0.5757575757575758,1581.5,1,486,0.5987654320987654,1.97119341563786,2.213991769547325,1.117283950617284,1.0967078189300412,1630.0,-48.5,-0.09034792368125699,-0.216984661429106,-0.6247661803217359,-0.10381593714927062
1086,2015-05-06,Barcelona,Bayern München,3,0,round : semifinals,,FC Barcelona,Bayern Munich,3,0,False,2014,semifinals,Knockout,H,1,3,detailed_2005_2021,1693.281,1683.191,10.09,0.515,3,341,0.5747800586510264,1.9501466275659824,1.9794721407624636,1.0439882697947214,0.9354838709677419,1628.8,2,388,0.595360824742268,1.9871134020618557,2.105670103092784,1.0051546391752575,1.1005154639175259,1636.0,-7.2000000000000455,-0.020580766091241598,-0.03696677449587327,-0.12619796233032043,0.03883363061946388
1087,2015-05-12,Bayern München,Barcelona,3,2,round : semifinals,,Bayern Munich,FC Barcelona,3,2,False,2014,semifinals,Knockout,H,1,1,detailed_2005_2021,1673.481,1702.991,-29.509,0.458,2,388,0.595360824742268,1.9871134020618557,2.105670103092784,1.0051546391752575,1.1005154639175259,1636.0,3,341,0.5747800586510264,1.9501466275659824,1.9794721407624636,1.0439882697947214,0.9354838709677419,1628.8,7.2000000000000455,0.020580766091241598,0.03696677449587327,0.12619796233032043,-0.03883363061946388
1088,2015-05-13,Real Madrid,Juventus,1,1,round : semifinals,,Real Madrid,Juventus,1,1,False,2014,semifinals,Knockout,D,0,0,detailed_2005_2021,1686.632,1601.963,84.669,0.619,1,486,0.5987654320987654,1.97119341563786,2.213991769547325,1.117283950617284,1.0967078189300412,1630.0,5,297,0.5084175084175084,1.754208754208754,1.589225589225589,1.0134680134680134,0.5757575757575758,1581.5,48.5,0.09034792368125699,0.216984661429106,0.6247661803217359,0.10381593714927062
1089,2015-06-06,Juventus,Barcelona,1,3,round : final,,Juventus,FC Barcelona,1,3,False,2014,final,Knockout,A,0,-2,detailed_2005_2021,1604.353,1692.143,-87.79,0.376,5,297,0.5084175084175084,1.754208754208754,1.589225589225589,1.0134680134680134,0.5757575757575758,1581.5,3,341,0.5747800586510264,1.9501466275659824,1.9794721407624636,1.0439882697947214,0.9354838709677419,1628.8,-47.299999999999955,-0.066362550233518,-0.19593787335722834,-0.3902465515368745,-0.030520256326707962
1090,2015-09-15,Paris Saint-Germain,Malmö FF,2,0,round : 1,A,Paris Saint-Germain,Malmö FF,2,0,False,2015,1,Group,H,1,2,detailed_2005_2021,1599.064,1479.007,120.057,0.666,16,151,0.5231788079470199,1.7615894039735098,1.9470198675496688,1.185430463576159,0.7615894039735099,1574.3,69,53,0.2641509433962264,1.0,0.8490566037735849,1.9245283018867925,-1.0754716981132075,1432.5,141.79999999999995,0.25902786455079346,0.7615894039735098,1.0979632637760839,-0.7390978383106335
1091,2015-09-15,Real Madrid,Shakhtar Donetsk,4,0,round : 1,A,Real Madrid,Shakhtar Donetsk,4,0,False,2015,1,Group,H,1,4,detailed_2005_2021,1684.242,1524.183,160.059,0.715,1,486,0.5987654320987654,1.97119341563786,2.213991769547325,1.117283950617284,1.0967078189300412,1630.0,31,118,0.3305084745762712,1.2118644067796611,1.3644067796610169,1.7627118644067796,-0.3983050847457627,1464.6,165.4000000000001,0.26825695752249423,0.759329008858199,0.8495849898863082,-0.6454279137894956
1092,2015-09-15,PSV Eindhoven,Manchester United,2,1,round : 1,B,PSV Eindhoven,Manchester United,2,1,False,2015,1,Group,H,1,1,detailed_2005_2021,1472.209,1653.931,-181.722,0.26,19,171,0.3391812865497076,1.2690058479532165,1.2456140350877194,1.3099415204678362,-0.06432748538011696,1478.1,4,289,0.5294117647058824,1.8269896193771626,1.813148788927336,1.038062283737024,0.7750865051903114,1599.3,-121.20000000000005,-0.19023047815617478,-0.5579837714239462,-0.5675347538396167,0.27187923673081227
1093,2015-09-15,VfL Wolfsburg,CSKA Moscow,1,0,round : 1,B,VfL Wolfsburg,CSKA Moskva,1,0,False,2015,1,Group,H,1,1,detailed_2005_2021,1500.189,1458.978,41.211,0.559,92,22,0.45454545454545453,1.5,1.318181818181818,1.318181818181818,0.0,1508.3,47,86,0.26744186046511625,1.0348837209302326,1.1395348837209305,1.6395348837209305,-0.5,1433.7,74.59999999999991,0.18710359408033828,0.4651162790697674,0.17864693446088742,-0.3213530655391126
1094,2015-09-15,Galatasaray,Atlético Madrid,0,2,round : 1,C,Galatasaray,Atlético Madrid,0,2,False,2015,1,Group,A,0,-2,detailed_2005_2021,1448.244,1604.967,-156.723,0.289,24,161,0.2670807453416149,1.0559006211180124,1.0807453416149069,1.6832298136645962,-0.6024844720496895,1434.0,15,166,0.4759036144578313,1.6927710843373494,1.4578313253012047,0.9879518072289156,0.46987951807228917,1568.1,-134.0999999999999,-0.2088228691162164,-0.6368704632193369,-0.37708598368629787,0.6952780064356806
1095,2015-09-15,SL Benfica,Astana,2,0,round : 1,C,SL Benfica,FK Astana,2,0,False,2015,1,Group,H,1,2,detailed_2005_2021,1477.611,1500.0,-22.389,0.468,9,266,0.43609022556390975,1.537593984962406,1.6466165413533835,1.218045112781955,0.42857142857142855,1532.9,237,6,0.0,0.6666666666666666,0.8333333333333334,1.8333333333333333,-1.0,1473.2,59.700000000000045,0.43609022556390975,0.8709273182957394,0.8132832080200502,-0.6152882205513783
1096,2015-09-15,Manchester City,Juventus,1,2,round : 1,D,Manchester City,Juventus,1,2,False,2015,1,Group,A,0,-1,detailed_2005_2021,1496.024,1596.828,-100.804,0.359,17,127,0.5669291338582677,1.905511811023622,2.118110236220472,1.1496062992125984,0.968503937007874,1604.7,5,297,0.5084175084175084,1.754208754208754,1.589225589225589,1.0134680134680134,0.5757575757575758,1581.5,23.200000000000045,0.058511625440759274,0.1513030568148679,0.5288846469948827,0.13613828574458497
1097,2015-09-15,Sevilla,Borussia M'gladbach,3,0,round : 1,D,Sevilla FC,Bor. Mönchengladbach,3,0,False,2015,1,Group,H,1,3,detailed_2005_2021,1528.709,1500.0,28.709,0.541,42,72,0.375,1.4027777777777777,1.4583333333333333,1.4861111111111112,-0.027777777777777776,1507.6,58,51,0.37254901960784315,1.4313725490196079,1.9411764705882355,1.3529411764705883,0.5882352941176471,1514.7,-7.100000000000136,0.002450980392156854,-0.028594771241830186,-0.48284313725490224,0.13316993464052285
1098,2015-09-16,Bayer 04 Leverkusen,BATE Borisov,4,1,round : 1,E,Bayer Leverkusen,BATE Borisov,4,1,False,2015,1,Group,H,1,3,detailed_2005_2021,1512.626,1432.693,79.933,0.613,32,107,0.34579439252336447,1.2710280373831775,1.383177570093458,1.6355140186915889,-0.2523364485981308,1478.1,125,30,0.13333333333333333,0.6333333333333333,0.7333333333333333,2.466666666666667,-1.7333333333333334,1392.5,85.59999999999991,0.21246105919003114,0.6376947040498442,0.6498442367601248,-0.8311526479750779
1099,2015-09-16,Roma,Barcelona,1,1,round : 1,E,AS Roma,FC Barcelona,1,1,False,2015,1,Group,D,0,0,detailed_2005_2021,1520.955,1699.669,-178.714,0.263,28,109,0.3761467889908257,1.3669724770642202,1.3669724770642202,1.4587155963302751,-0.09174311926605505,1497.3,3,341,0.5747800586510264,1.9501466275659824,1.9794721407624636,1.0439882697947214,0.9354838709677419,1628.8,-131.5,-0.19863326966020073,-0.5831741505017622,-0.6124996636982434,0.4147273265355538
1100,2015-09-16,GNK Dinamo Zagreb,Arsenal,2,1,round : 1,F,Dinamo Zagreb,Arsenal FC,2,1,False,2015,1,Group,H,1,1,detailed_2005_2021,1416.841,1613.94,-197.098,0.243,94,54,0.14814814814814814,0.6111111111111112,0.7777777777777778,2.1296296296296298,-1.3518518518518519,1356.2,13,197,0.4720812182741117,1.6395939086294415,1.6446700507614214,1.1472081218274113,0.49746192893401014,1553.2,-197.0,-0.32393307012596356,-1.0284827975183304,-0.8668922729836436,0.9824215078022185
1101,2015-09-16,Olympiacos,Bayern München,0,3,round : 1,F,Olympiakos Piraeus,Bayern Munich,0,3,False,2015,1,Group,A,0,-3,detailed_2005_2021,1469.43,1684.329,-214.898,0.225,25,156,0.30128205128205127,1.0833333333333333,1.1282051282051282,1.698717948717949,-0.5705128205128205,1432.0,2,388,0.595360824742268,1.9871134020618557,2.105670103092784,1.0051546391752575,1.1005154639175259,1636.0,-204.0,-0.29407877346021677,-0.9037800687285225,-0.9774649748876558,0.6935633095426914
1102,2015-09-16,Chelsea,Maccabi Tel Aviv,4,0,round : 1,G,Chelsea FC,Maccabi Tel Aviv,4,0,False,2015,1,Group,H,1,4,detailed_2005_2021,1617.322,1500.0,117.322,0.663,10,197,0.5126903553299492,1.8020304568527918,1.7106598984771573,0.934010152284264,0.7766497461928934,1593.5,244,14,0.07142857142857142,0.2857142857142857,0.3571428571428571,2.2857142857142856,-1.9285714285714286,1383.4,210.0999999999999,0.4412617839013778,1.5163161711385063,1.3535170413343,-1.3517041334300215
1103,2015-09-16,Dynamo Kyiv,FC Porto,2,2,round : 1,G,Dinamo Kiev,FC Porto,2,2,False,2015,1,Group,D,0,0,detailed_2005_2021,1425.433,1576.138,-150.705,0.296,18,186,0.34946236559139787,1.2688172043010753,1.2311827956989247,1.3494623655913978,-0.11827956989247312,1474.7,8,265,0.4528301886792453,1.5773584905660378,1.4792452830188678,1.1547169811320754,0.32452830188679244,1540.4,-65.70000000000005,-0.10336782308784742,-0.3085412862649626,-0.24806248731994307,0.19474538445932232
1104,2015-09-16,KAA Gent,Olympique Lyonnais,1,1,round : 1,H,KAA Gent,Olympique Lyon,1,1,False,2015,1,Group,D,0,0,detailed_2005_2021,1500.0,1533.376,-33.376,0.452,165,8,0.375,1.25,1.25,1.375,-0.125,1487.6,21,136,0.4264705882352941,1.5441176470588236,1.588235294117647,1.2279411764705883,0.3602941176470588,1535.8,-48.200000000000045,-0.0514705882352941,-0.2941176470588236,-0.33823529411764697,0.1470588235294117
1105,2015-09-16,Valencia,Zenit St. Petersburg,2,3,round : 1,H,Valencia CF,Zenit St. Petersburg,2,3,False,2015,1,Group,A,0,-1,detailed_2005_2021,1534.463,1495.379,39.084,0.556,23,116,0.41379310344827586,1.5344827586206897,1.456896551724138,1.0775862068965518,0.3793103448275862,1535.9,56,64,0.328125,1.203125,1.1875,1.421875,-0.234375,1466.8,69.10000000000014,0.08566810344827586,0.3313577586206897,0.2693965517241379,-0.3442887931034482
1114,2015-09-29,Barcelona,Bayer 04 Leverkusen,2,1,round : 2,E,FC Barcelona,Bayer Leverkusen,2,1,False,2015,2,Group,H,1,1,detailed_2005_2021,1694.936,1520.365,174.57,0.732,3,341,0.5747800586510264,1.9501466275659824,1.9794721407624636,1.0439882697947214,0.9354838709677419,1628.8,32,107,0.34579439252336447,1.2710280373831775,1.383177570093458,1.6355140186915889,-0.2523364485981308,1478.1,150.70000000000005,0.22898566612766197,0.679118590182805,0.5962945706690055,-0.5915257488968675
1115,2015-09-29,BATE Borisov,Roma,3,2,round : 2,E,BATE Borisov,AS Roma,3,2,False,2015,2,Group,H,1,1,detailed_2005_2021,1424.954,1525.689,-100.734,0.359,125,30,0.13333333333333333,0.6333333333333333,0.7333333333333333,2.466666666666667,-1.7333333333333334,1392.5,28,109,0.3761467889908257,1.3669724770642202,1.3669724770642202,1.4587155963302751,-0.09174311926605505,1497.3,-104.79999999999995,-0.24281345565749238,-0.7336391437308869,-0.6336391437308869,1.0079510703363916
1116,2015-09-29,Arsenal,Olympiacos,2,3,round : 2,F,Arsenal FC,Olympiakos Piraeus,2,3,False,2015,2,Group,A,0,-1,detailed_2005_2021,1598.806,1464.931,133.875,0.684,13,197,0.4720812182741117,1.6395939086294415,1.6446700507614214,1.1472081218274113,0.49746192893401014,1553.2,25,156,0.30128205128205127,1.0833333333333333,1.1282051282051282,1.698717948717949,-0.5705128205128205,1432.0,121.20000000000005,0.17079916699206044,0.5562605752961083,0.5164649225562932,-0.5515098268905376
1117,2015-09-29,Bayern München,GNK Dinamo Zagreb,5,0,round : 2,F,Bayern Munich,Dinamo Zagreb,5,0,False,2015,2,Group,H,1,5,detailed_2005_2021,1688.828,1431.975,256.853,0.814,2,388,0.595360824742268,1.9871134020618557,2.105670103092784,1.0051546391752575,1.1005154639175259,1636.0,94,54,0.14814814814814814,0.6111111111111112,0.7777777777777778,2.1296296296296298,-1.3518518518518519,1356.2,279.79999999999995,0.4472126765941199,1.3760022909507446,1.3278923253150063,-1.1244749904543723
1118,2015-09-29,FC Porto,Chelsea,2,1,round : 2,G,FC Porto,Chelsea FC,2,1,False,2015,2,Group,H,1,1,detailed_2005_2021,1572.054,1624.068,-52.015,0.426,8,265,0.4528301886792453,1.5773584905660378,1.4792452830188678,1.1547169811320754,0.32452830188679244,1540.4,10,197,0.5126903553299492,1.8020304568527918,1.7106598984771573,0.934010152284264,0.7766497461928934,1593.5,-53.09999999999991,-0.05986016665070393,-0.224671966286754,-0.23141461545828945,0.22070682884781145
1119,2015-09-29,Maccabi Tel Aviv,Dynamo Kyiv,0,2,round : 2,G,Maccabi Tel Aviv,Dinamo Kiev,0,2,False,2015,2,Group,A,0,-2,detailed_2005_2021,1493.254,1429.518,63.736,0.591,244,14,0.07142857142857142,0.2857142857142857,0.3571428571428571,2.2857142857142856,-1.9285714285714286,1383.4,18,186,0.34946236559139787,1.2688172043010753,1.2311827956989247,1.3494623655913978,-0.11827956989247312,1474.7,-91.29999999999995,-0.2780337941628265,-0.9831029185867896,-0.8740399385560677,0.9362519201228878
1120,2015-09-29,Olympique Lyonnais,Valencia,0,1,round : 2,H,Olympique Lyon,Valencia CF,0,1,False,2015,2,Group,A,0,-1,detailed_2005_2021,1532.418,1523.343,9.076,0.513,21,136,0.4264705882352941,1.5441176470588236,1.588235294117647,1.2279411764705883,0.3602941176470588,1535.8,23,116,0.41379310344827586,1.5344827586206897,1.456896551724138,1.0775862068965518,0.3793103448275862,1535.9,-0.10000000000013642,0.012677484787018245,0.00963488843813387,0.13133874239350907,0.1503549695740365
1121,2015-09-29,Zenit St. Petersburg,KAA Gent,2,1,round : 2,H,Zenit St. Petersburg,KAA Gent,2,1,False,2015,2,Group,H,1,1,detailed_2005_2021,1506.499,1500.958,5.541,0.508,56,64,0.328125,1.203125,1.1875,1.421875,-0.234375,1466.8,165,8,0.375,1.25,1.25,1.375,-0.125,1487.6,-20.799999999999955,-0.046875,-0.046875,-0.0625,0.046875
1106,2015-09-30,Malmö FF,Real Madrid,0,2,round : 2,A,Malmö FF,Real Madrid,0,2,False,2015,2,Group,A,0,-2,detailed_2005_2021,1472.331,1689.936,-217.604,0.222,69,53,0.2641509433962264,1.0,0.8490566037735849,1.9245283018867925,-1.0754716981132075,1432.5,1,486,0.5987654320987654,1.97119341563786,2.213991769547325,1.117283950617284,1.0967078189300412,1630.0,-197.5,-0.334614488702539,-0.9711934156378601,-1.36493516577374,0.8072443512695084
1107,2015-09-30,Shakhtar Donetsk,Paris Saint-Germain,0,3,round : 2,A,Shakhtar Donetsk,Paris Saint-Germain,0,3,False,2015,2,Group,A,0,-3,detailed_2005_2021,1518.49,1605.74,-87.25,0.377,31,118,0.3305084745762712,1.2118644067796611,1.3644067796610169,1.7627118644067796,-0.3983050847457627,1464.6,16,151,0.5231788079470199,1.7615894039735098,1.9470198675496688,1.185430463576159,0.7615894039735099,1574.3,-109.70000000000005,-0.19267033337074868,-0.5497249971938487,-0.582613087888652,0.5772814008306206
1108,2015-09-30,CSKA Moscow,PSV Eindhoven,3,2,round : 2,B,CSKA Moskva,PSV Eindhoven,3,2,False,2015,2,Group,H,1,1,detailed_2005_2021,1450.159,1487.01,-36.851,0.447,47,86,0.26744186046511625,1.0348837209302326,1.1395348837209305,1.6395348837209305,-0.5,1433.7,19,171,0.3391812865497076,1.2690058479532165,1.2456140350877194,1.3099415204678362,-0.06432748538011696,1478.1,-44.399999999999864,-0.07173942608459133,-0.23412212702298385,-0.10607915136678892,0.3295933632530943
1109,2015-09-30,Manchester United,VfL Wolfsburg,2,1,round : 2,B,Manchester United,VfL Wolfsburg,2,1,False,2015,2,Group,H,1,1,detailed_2005_2021,1639.131,1509.009,130.122,0.679,4,289,0.5294117647058824,1.8269896193771626,1.813148788927336,1.038062283737024,0.7750865051903114,1599.3,92,22,0.45454545454545453,1.5,1.318181818181818,1.318181818181818,0.0,1508.3,91.0,0.07486631016042783,0.32698961937716264,0.4949669707455182,-0.280119534444794
1110,2015-09-30,Astana,Galatasaray,2,2,round : 2,C,FK Astana,Galatasaray,2,2,False,2015,2,Group,D,0,0,detailed_2005_2021,1489.356,1442.472,46.884,0.567,237,6,0.0,0.6666666666666666,0.8333333333333334,1.8333333333333333,-1.0,1473.2,24,161,0.2670807453416149,1.0559006211180124,1.0807453416149069,1.6832298136645962,-0.6024844720496895,1434.0,39.200000000000045,-0.2670807453416149,-0.3892339544513458,-0.2474120082815735,0.15010351966873703
1111,2015-09-30,Atlético Madrid,SL Benfica,1,2,round : 2,C,Atlético Madrid,SL Benfica,1,2,False,2015,2,Group,A,0,-1,detailed_2005_2021,1610.739,1488.254,122.484,0.669,15,166,0.4759036144578313,1.6927710843373494,1.4578313253012047,0.9879518072289156,0.46987951807228917,1568.1,9,266,0.43609022556390975,1.537593984962406,1.6466165413533835,1.218045112781955,0.42857142857142855,1532.9,35.19999999999982,0.03981338889392155,0.15517709937494328,-0.1887852160521788,-0.2300933055530393
1112,2015-09-30,Borussia M'gladbach,Manchester City,1,2,round : 2,D,Bor. Mönchengladbach,Manchester City,1,2,False,2015,2,Group,A,0,-1,detailed_2005_2021,1490.824,1488.847,1.978,0.503,58,51,0.37254901960784315,1.4313725490196079,1.9411764705882355,1.3529411764705883,0.5882352941176471,1514.7,17,127,0.5669291338582677,1.905511811023622,2.118110236220472,1.1496062992125984,0.968503937007874,1604.7,-90.0,-0.19438011425042456,-0.47413926200401413,-0.17693376563223628,0.20333487725798993
1113,2015-09-30,Juventus,Sevilla,2,0,round : 2,D,Juventus,Sevilla FC,2,0,False,2015,2,Group,H,1,2,detailed_2005_2021,1604.005,1537.885,66.12,0.594,5,297,0.5084175084175084,1.754208754208754,1.589225589225589,1.0134680134680134,0.5757575757575758,1581.5,42,72,0.375,1.4027777777777777,1.4583333333333333,1.4861111111111112,-0.027777777777777776,1507.6,73.90000000000009,0.13341750841750843,0.3514309764309764,0.13089225589225584,-0.47264309764309775
1130,2015-10-20,BATE Borisov,Barcelona,0,2,round : 3,E,BATE Borisov,FC Barcelona,0,2,False,2015,3,Group,A,0,-2,detailed_2005_2021,1437.775,1700.295,-262.52,0.181,125,30,0.13333333333333333,0.6333333333333333,0.7333333333333333,2.466666666666667,-1.7333333333333334,1392.5,3,341,0.5747800586510264,1.9501466275659824,1.9794721407624636,1.0439882697947214,0.9354838709677419,1628.8,-236.29999999999995,-0.44144672531769313,-1.3168132942326491,-1.2461388074291304,1.4226783968719454
1131,2015-10-20,Bayer 04 Leverkusen,Roma,4,4,round : 3,E,Bayer Leverkusen,AS Roma,4,4,False,2015,3,Group,D,0,0,detailed_2005_2021,1515.006,1512.868,2.138,0.503,32,107,0.34579439252336447,1.2710280373831775,1.383177570093458,1.6355140186915889,-0.2523364485981308,1478.1,28,109,0.3761467889908257,1.3669724770642202,1.3669724770642202,1.4587155963302751,-0.09174311926605505,1497.3,-19.200000000000045,-0.03035239646746124,-0.09594443968104271,0.016205093029237894,0.1767984223613137
1132,2015-10-20,Arsenal,Bayern München,2,0,round : 3,F,Arsenal FC,Bayern Munich,2,0,False,2015,3,Group,H,1,2,detailed_2005_2021,1585.133,1692.541,-107.408,0.35,13,197,0.4720812182741117,1.6395939086294415,1.6446700507614214,1.1472081218274113,0.49746192893401014,1553.2,2,388,0.595360824742268,1.9871134020618557,2.105670103092784,1.0051546391752575,1.1005154639175259,1636.0,-82.79999999999995,-0.12327960646815633,-0.3475194934324142,-0.46100005233136265,0.14205348265215378
1133,2015-10-20,GNK Dinamo Zagreb,Olympiacos,0,1,round : 3,F,Dinamo Zagreb,Olympiakos Piraeus,0,1,False,2015,3,Group,A,0,-1,detailed_2005_2021,1428.262,1478.604,-50.343,0.428,94,54,0.14814814814814814,0.6111111111111112,0.7777777777777778,2.1296296296296298,-1.3518518518518519,1356.2,25,156,0.30128205128205127,1.0833333333333333,1.1282051282051282,1.698717948717949,-0.5705128205128205,1432.0,-75.79999999999995,-0.15313390313390313,-0.4722222222222221,-0.3504273504273504,0.43091168091168086
1134,2015-10-20,Dynamo Kyiv,Chelsea,0,0,round : 3,G,Dinamo Kiev,Chelsea FC,0,0,False,2015,3,Group,D,0,0,detailed_2005_2021,1441.332,1612.582,-171.25,0.272,18,186,0.34946236559139787,1.2688172043010753,1.2311827956989247,1.3494623655913978,-0.11827956989247312,1474.7,10,197,0.5126903553299492,1.8020304568527918,1.7106598984771573,0.934010152284264,0.7766497461928934,1593.5,-118.79999999999995,-0.16322798973855135,-0.5332132525517166,-0.4794771027782325,0.4154522133071338
1135,2015-10-20,FC Porto,Maccabi Tel Aviv,2,0,round : 3,G,FC Porto,Maccabi Tel Aviv,2,0,False,2015,3,Group,H,1,2,detailed_2005_2021,1583.54,1481.44,102.1,0.643,8,265,0.4528301886792453,1.5773584905660378,1.4792452830188678,1.1547169811320754,0.32452830188679244,1540.4,244,14,0.07142857142857142,0.2857142857142857,0.3571428571428571,2.2857142857142856,-1.9285714285714286,1383.4,157.0,0.3814016172506739,1.2916442048517522,1.1221024258760108,-1.1309973045822102
1136,2015-10-20,Valencia,KAA Gent,2,1,round : 3,H,Valencia CF,KAA Gent,2,1,False,2015,3,Group,H,1,1,detailed_2005_2021,1533.604,1491.117,42.487,0.561,23,116,0.41379310344827586,1.5344827586206897,1.456896551724138,1.0775862068965518,0.3793103448275862,1535.9,165,8,0.375,1.25,1.25,1.375,-0.125,1487.6,48.30000000000018,0.038793103448275856,0.2844827586206897,0.2068965517241379,-0.2974137931034482
1137,2015-10-20,Zenit St. Petersburg,Olympique Lyonnais,3,1,round : 3,H,Zenit St. Petersburg,Olympique Lyon,3,1,False,2015,3,Group,H,1,2,detailed_2005_2021,1516.339,1522.157,-5.818,0.492,56,64,0.328125,1.203125,1.1875,1.421875,-0.234375,1466.8,21,136,0.4264705882352941,1.5441176470588236,1.588235294117647,1.2279411764705883,0.3602941176470588,1535.8,-69.0,-0.0983455882352941,-0.3409926470588236,-0.40073529411764697,0.1939338235294117
1122,2015-10-21,Malmö FF,Shakhtar Donetsk,1,0,round : 3,A,Malmö FF,Shakhtar Donetsk,1,0,False,2015,3,Group,H,1,1,detailed_2005_2021,1467.887,1510.949,-43.063,0.438,69,53,0.2641509433962264,1.0,0.8490566037735849,1.9245283018867925,-1.0754716981132075,1432.5,31,118,0.3305084745762712,1.2118644067796611,1.3644067796610169,1.7627118644067796,-0.3983050847457627,1464.6,-32.09999999999991,-0.06635753118004478,-0.21186440677966112,-0.5153501758874319,0.16181643748001284
1123,2015-10-21,Paris Saint-Germain,Real Madrid,0,0,round : 3,A,Paris Saint-Germain,Real Madrid,0,0,False,2015,3,Group,D,0,0,detailed_2005_2021,1613.28,1694.381,-81.101,0.385,16,151,0.5231788079470199,1.7615894039735098,1.9470198675496688,1.185430463576159,0.7615894039735099,1574.3,1,486,0.5987654320987654,1.97119341563786,2.213991769547325,1.117283950617284,1.0967078189300412,1630.0,-55.700000000000045,-0.07558662415174555,-0.20960401166435028,-0.2669719019976562,0.06814651295887497
1124,2015-10-21,CSKA Moscow,Manchester United,1,1,round : 3,B,CSKA Moskva,Manchester United,1,1,False,2015,3,Group,D,0,0,detailed_2005_2021,1461.216,1645.551,-184.336,0.257,47,86,0.26744186046511625,1.0348837209302326,1.1395348837209305,1.6395348837209305,-0.5,1433.7,4,289,0.5294117647058824,1.8269896193771626,1.813148788927336,1.038062283737024,0.7750865051903114,1599.3,-165.5999999999999,-0.2619699042407661,-0.79210589844693,-0.6736139052064056,0.6014725999839066
1125,2015-10-21,VfL Wolfsburg,PSV Eindhoven,2,0,round : 3,B,VfL Wolfsburg,PSV Eindhoven,2,0,False,2015,3,Group,H,1,2,detailed_2005_2021,1502.588,1475.953,26.635,0.538,92,22,0.45454545454545453,1.5,1.318181818181818,1.318181818181818,0.0,1508.3,19,171,0.3391812865497076,1.2690058479532165,1.2456140350877194,1.3099415204678362,-0.06432748538011696,1478.1,30.200000000000045,0.11536416799574695,0.23099415204678353,0.0725677830940985,0.008240297713981715
1126,2015-10-21,Atlético Madrid,Astana,4,0,round : 3,C,Atlético Madrid,FK Astana,4,0,False,2015,3,Group,H,1,4,detailed_2005_2021,1597.352,1488.015,109.337,0.652,15,166,0.4759036144578313,1.6927710843373494,1.4578313253012047,0.9879518072289156,0.46987951807228917,1568.1,237,6,0.0,0.6666666666666666,0.8333333333333334,1.8333333333333333,-1.0,1473.2,94.89999999999986,0.4759036144578313,1.0261044176706826,0.6244979919678714,-0.8453815261044176
1127,2015-10-21,Galatasaray,SL Benfica,2,1,round : 3,C,Galatasaray,SL Benfica,2,1,False,2015,3,Group,H,1,1,detailed_2005_2021,1443.813,1501.641,-57.827,0.418,24,161,0.2670807453416149,1.0559006211180124,1.0807453416149069,1.6832298136645962,-0.6024844720496895,1434.0,9,266,0.43609022556390975,1.537593984962406,1.6466165413533835,1.218045112781955,0.42857142857142855,1532.9,-98.90000000000009,-0.16900948022229484,-0.48169336384439365,-0.5658711997384767,0.4651847008826413
1128,2015-10-21,Juventus,Borussia M'gladbach,0,0,round : 3,D,Juventus,Bor. Mönchengladbach,0,0,False,2015,3,Group,D,0,0,detailed_2005_2021,1612.125,1480.768,131.357,0.681,5,297,0.5084175084175084,1.754208754208754,1.589225589225589,1.0134680134680134,0.5757575757575758,1581.5,58,51,0.37254901960784315,1.4313725490196079,1.9411764705882355,1.3529411764705883,0.5882352941176471,1514.7,66.79999999999995,0.1358684888096653,0.32283620518914624,-0.3519508813626464,-0.3394731630025749
1129,2015-10-21,Manchester City,Sevilla,2,1,round : 3,D,Manchester City,Sevilla FC,2,1,False,2015,3,Group,H,1,1,detailed_2005_2021,1498.904,1529.765,-30.862,0.456,17,127,0.5669291338582677,1.905511811023622,2.118110236220472,1.1496062992125984,0.968503937007874,1604.7,42,72,0.375,1.4027777777777777,1.4583333333333333,1.4861111111111112,-0.027777777777777776,1507.6,97.10000000000014,0.1919291338582677,0.5027340332458443,0.6597769028871385,-0.3365048118985128
1138,2015-11-03,Real Madrid,Paris Saint-Germain,1,0,round : 4,A,Real Madrid,Paris Saint-Germain,1,0,False,2015,4,Group,H,1,1,detailed_2005_2021,1692.088,1615.573,76.515,0.608,1,486,0.5987654320987654,1.97119341563786,2.213991769547325,1.117283950617284,1.0967078189300412,1630.0,16,151,0.5231788079470199,1.7615894039735098,1.9470198675496688,1.185430463576159,0.7615894039735099,1574.3,55.700000000000045,0.07558662415174555,0.20960401166435028,0.2669719019976562,-0.06814651295887497
1139,2015-11-03,Shakhtar Donetsk,Malmö FF,4,0,round : 4,A,Shakhtar Donetsk,Malmö FF,4,0,False,2015,4,Group,H,1,4,detailed_2005_2021,1499.716,1479.12,20.597,0.53,31,118,0.3305084745762712,1.2118644067796611,1.3644067796610169,1.7627118644067796,-0.3983050847457627,1464.6,69,53,0.2641509433962264,1.0,0.8490566037735849,1.9245283018867925,-1.0754716981132075,1432.5,32.09999999999991,0.06635753118004478,0.21186440677966112,0.5153501758874319,-0.16181643748001284
1140,2015-11-03,Manchester United,CSKA Moscow,1,0,round : 4,B,Manchester United,CSKA Moskva,1,0,False,2015,4,Group,H,1,1,detailed_2005_2021,1640.693,1466.074,174.619,0.732,4,289,0.5294117647058824,1.8269896193771626,1.813148788927336,1.038062283737024,0.7750865051903114,1599.3,47,86,0.26744186046511625,1.0348837209302326,1.1395348837209305,1.6395348837209305,-0.5,1433.7,165.5999999999999,0.2619699042407661,0.79210589844693,0.6736139052064056,-0.6014725999839066
1141,2015-11-03,PSV Eindhoven,VfL Wolfsburg,2,0,round : 4,B,PSV Eindhoven,VfL Wolfsburg,2,0,False,2015,4,Group,H,1,2,detailed_2005_2021,1466.718,1511.823,-45.105,0.435,19,171,0.3391812865497076,1.2690058479532165,1.2456140350877194,1.3099415204678362,-0.06432748538011696,1478.1,92,22,0.45454545454545453,1.5,1.318181818181818,1.318181818181818,0.0,1508.3,-30.200000000000045,-0.11536416799574695,-0.23099415204678353,-0.0725677830940985,-0.008240297713981715
1142,2015-11-03,Astana,Atlético Madrid,0,0,round : 4,C,FK Astana,Atlético Madrid,0,0,False,2015,4,Group,D,0,0,detailed_2005_2021,1481.062,1604.305,-123.243,0.33,237,6,0.0,0.6666666666666666,0.8333333333333334,1.8333333333333333,-1.0,1473.2,15,166,0.4759036144578313,1.6927710843373494,1.4578313253012047,0.9879518072289156,0.46987951807228917,1568.1,-94.89999999999986,-0.4759036144578313,-1.0261044176706826,-0.6244979919678714,0.8453815261044176
1143,2015-11-03,SL Benfica,Galatasaray,2,1,round : 4,C,SL Benfica,Galatasaray,2,1,False,2015,4,Group,H,1,1,detailed_2005_2021,1489.991,1455.463,34.529,0.55,9,266,0.43609022556390975,1.537593984962406,1.6466165413533835,1.218045112781955,0.42857142857142855,1532.9,24,161,0.2670807453416149,1.0559006211180124,1.0807453416149069,1.6832298136645962,-0.6024844720496895,1434.0,98.90000000000009,0.16900948022229484,0.48169336384439365,0.5658711997384767,-0.4651847008826413
1144,2015-11-03,Borussia M'gladbach,Juventus,1,1,round : 4,D,Bor. Mönchengladbach,Juventus,1,1,False,2015,4,Group,D,0,0,detailed_2005_2021,1484.378,1608.514,-124.136,0.329,58,51,0.37254901960784315,1.4313725490196079,1.9411764705882355,1.3529411764705883,0.5882352941176471,1514.7,5,297,0.5084175084175084,1.754208754208754,1.589225589225589,1.0134680134680134,0.5757575757575758,1581.5,-66.79999999999995,-0.1358684888096653,-0.32283620518914624,0.3519508813626464,0.3394731630025749
1145,2015-11-03,Sevilla,Manchester City,1,3,round : 4,D,Sevilla FC,Manchester City,1,3,False,2015,4,Group,A,0,-2,detailed_2005_2021,1518.879,1509.79,9.09,0.513,42,72,0.375,1.4027777777777777,1.4583333333333333,1.4861111111111112,-0.027777777777777776,1507.6,17,127,0.5669291338582677,1.905511811023622,2.118110236220472,1.1496062992125984,0.968503937007874,1604.7,-97.10000000000014,-0.1919291338582677,-0.5027340332458443,-0.6597769028871385,0.3365048118985128
1146,2015-11-04,Barcelona,BATE Borisov,3,0,round : 4,E,FC Barcelona,BATE Borisov,3,0,False,2015,4,Group,H,1,3,detailed_2005_2021,1703.91,1434.16,269.751,0.825,3,341,0.5747800586510264,1.9501466275659824,1.9794721407624636,1.0439882697947214,0.9354838709677419,1628.8,125,30,0.13333333333333333,0.6333333333333333,0.7333333333333333,2.466666666666667,-1.7333333333333334,1392.5,236.29999999999995,0.44144672531769313,1.3168132942326491,1.2461388074291304,-1.4226783968719454
1147,2015-11-04,Roma,Bayer 04 Leverkusen,3,2,round : 4,E,AS Roma,Bayer Leverkusen,3,2,False,2015,4,Group,H,1,1,detailed_2005_2021,1512.929,1514.944,-2.015,0.497,28,109,0.3761467889908257,1.3669724770642202,1.3669724770642202,1.4587155963302751,-0.09174311926605505,1497.3,32,107,0.34579439252336447,1.2710280373831775,1.383177570093458,1.6355140186915889,-0.2523364485981308,1478.1,19.200000000000045,0.03035239646746124,0.09594443968104271,-0.016205093029237894,-0.1767984223613137
1148,2015-11-04,Bayern München,Arsenal,5,1,round : 4,F,Bayern Munich,Arsenal FC,5,1,False,2015,4,Group,H,1,4,detailed_2005_2021,1679.544,1598.129,81.415,0.615,2,388,0.595360824742268,1.9871134020618557,2.105670103092784,1.0051546391752575,1.1005154639175259,1636.0,13,197,0.4720812182741117,1.6395939086294415,1.6446700507614214,1.1472081218274113,0.49746192893401014,1553.2,82.79999999999995,0.12327960646815633,0.3475194934324142,0.46100005233136265,-0.14205348265215378
1149,2015-11-04,Olympiacos,GNK Dinamo Zagreb,2,1,round : 4,F,Olympiakos Piraeus,Dinamo Zagreb,2,1,False,2015,4,Group,H,1,1,detailed_2005_2021,1487.166,1419.701,67.465,0.596,25,156,0.30128205128205127,1.0833333333333333,1.1282051282051282,1.698717948717949,-0.5705128205128205,1432.0,94,54,0.14814814814814814,0.6111111111111112,0.7777777777777778,2.1296296296296298,-1.3518518518518519,1356.2,75.79999999999995,0.15313390313390313,0.4722222222222221,0.3504273504273504,-0.43091168091168086
1150,2015-11-04,Chelsea,Dynamo Kyiv,2,1,round : 4,G,Chelsea FC,Dinamo Kiev,2,1,False,2015,4,Group,H,1,1,detailed_2005_2021,1608.017,1445.897,162.12,0.718,10,197,0.5126903553299492,1.8020304568527918,1.7106598984771573,0.934010152284264,0.7766497461928934,1593.5,18,186,0.34946236559139787,1.2688172043010753,1.2311827956989247,1.3494623655913978,-0.11827956989247312,1474.7,118.79999999999995,0.16322798973855135,0.5332132525517166,0.4794771027782325,-0.4154522133071338
1151,2015-11-04,Maccabi Tel Aviv,FC Porto,1,3,round : 4,G,Maccabi Tel Aviv,FC Porto,1,3,False,2015,4,Group,A,0,-2,detailed_2005_2021,1474.297,1590.683,-116.386,0.339,244,14,0.07142857142857142,0.2857142857142857,0.3571428571428571,2.2857142857142856,-1.9285714285714286,1383.4,8,265,0.4528301886792453,1.5773584905660378,1.4792452830188678,1.1547169811320754,0.32452830188679244,1540.4,-157.0,-0.3814016172506739,-1.2916442048517522,-1.1221024258760108,1.1309973045822102
1152,2015-11-04,KAA Gent,Valencia,1,0,round : 4,H,KAA Gent,Valencia CF,1,0,False,2015,4,Group,H,1,1,detailed_2005_2021,1482.334,1542.387,-60.053,0.414,165,8,0.375,1.25,1.25,1.375,-0.125,1487.6,23,116,0.41379310344827586,1.5344827586206897,1.456896551724138,1.0775862068965518,0.3793103448275862,1535.9,-48.30000000000018,-0.038793103448275856,-0.2844827586206897,-0.2068965517241379,0.2974137931034482
1153,2015-11-04,Olympique Lyonnais,Zenit St. Petersburg,0,2,round : 4,H,Olympique Lyon,Zenit St. Petersburg,0,2,False,2015,4,Group,A,0,-2,detailed_2005_2021,1511.99,1526.507,-14.517,0.479,21,136,0.4264705882352941,1.5441176470588236,1.588235294117647,1.2279411764705883,0.3602941176470588,1535.8,56,64,0.328125,1.203125,1.1875,1.421875,-0.234375,1466.8,69.0,0.0983455882352941,0.3409926470588236,0.40073529411764697,-0.1939338235294117
1162,2015-11-24,BATE Borisov,Bayer 04 Leverkusen,1,1,round : 5,E,BATE Borisov,Bayer Leverkusen,1,1,False,2015,5,Group,D,0,0,detailed_2005_2021,1430.666,1504.886,-74.22,0.395,125,30,0.13333333333333333,0.6333333333333333,0.7333333333333333,2.466666666666667,-1.7333333333333334,1392.5,32,107,0.34579439252336447,1.2710280373831775,1.383177570093458,1.6355140186915889,-0.2523364485981308,1478.1,-85.59999999999991,-0.21246105919003114,-0.6376947040498442,-0.6498442367601248,0.8311526479750779
1163,2015-11-24,Barcelona,Roma,6,1,round : 5,E,FC Barcelona,AS Roma,6,1,False,2015,5,Group,H,1,5,detailed_2005_2021,1707.404,1522.987,184.417,0.743,3,341,0.5747800586510264,1.9501466275659824,1.9794721407624636,1.0439882697947214,0.9354838709677419,1628.8,28,109,0.3761467889908257,1.3669724770642202,1.3669724770642202,1.4587155963302751,-0.09174311926605505,1497.3,131.5,0.19863326966020073,0.5831741505017622,0.6124996636982434,-0.4147273265355538
1164,2015-11-24,Arsenal,GNK Dinamo Zagreb,3,0,round : 5,F,Arsenal FC,Dinamo Zagreb,3,0,False,2015,5,Group,H,1,3,detailed_2005_2021,1590.431,1411.619,178.812,0.737,13,197,0.4720812182741117,1.6395939086294415,1.6446700507614214,1.1472081218274113,0.49746192893401014,1553.2,94,54,0.14814814814814814,0.6111111111111112,0.7777777777777778,2.1296296296296298,-1.3518518518518519,1356.2,197.0,0.32393307012596356,1.0284827975183304,0.8668922729836436,-0.9824215078022185
1165,2015-11-24,Bayern München,Olympiacos,4,0,round : 5,F,Bayern Munich,Olympiakos Piraeus,4,0,False,2015,5,Group,H,1,4,detailed_2005_2021,1687.243,1495.248,191.995,0.751,2,388,0.595360824742268,1.9871134020618557,2.105670103092784,1.0051546391752575,1.1005154639175259,1636.0,25,156,0.30128205128205127,1.0833333333333333,1.1282051282051282,1.698717948717949,-0.5705128205128205,1432.0,204.0,0.29407877346021677,0.9037800687285225,0.9774649748876558,-0.6935633095426914
1166,2015-11-24,FC Porto,Dynamo Kyiv,0,2,round : 5,G,FC Porto,Dinamo Kiev,0,2,False,2015,5,Group,A,0,-2,detailed_2005_2021,1597.453,1440.252,157.201,0.712,8,265,0.4528301886792453,1.5773584905660378,1.4792452830188678,1.1547169811320754,0.32452830188679244,1540.4,18,186,0.34946236559139787,1.2688172043010753,1.2311827956989247,1.3494623655913978,-0.11827956989247312,1474.7,65.70000000000005,0.10336782308784742,0.3085412862649626,0.24806248731994307,-0.19474538445932232
1167,2015-11-24,Maccabi Tel Aviv,Chelsea,0,4,round : 5,G,Maccabi Tel Aviv,Chelsea FC,0,4,False,2015,5,Group,A,0,-4,detailed_2005_2021,1467.527,1613.663,-146.136,0.301,244,14,0.07142857142857142,0.2857142857142857,0.3571428571428571,2.2857142857142856,-1.9285714285714286,1383.4,10,197,0.5126903553299492,1.8020304568527918,1.7106598984771573,0.934010152284264,0.7766497461928934,1593.5,-210.0999999999999,-0.4412617839013778,-1.5163161711385063,-1.3535170413343,1.3517041334300215
1168,2015-11-24,Zenit St. Petersburg,Valencia,2,0,round : 5,H,Zenit St. Petersburg,Valencia CF,2,0,False,2015,5,Group,H,1,2,detailed_2005_2021,1536.089,1530.675,5.414,0.508,56,64,0.328125,1.203125,1.1875,1.421875,-0.234375,1466.8,23,116,0.41379310344827586,1.5344827586206897,1.456896551724138,1.0775862068965518,0.3793103448275862,1535.9,-69.10000000000014,-0.08566810344827586,-0.3313577586206897,-0.2693965517241379,0.3442887931034482
1169,2015-11-24,Olympique Lyonnais,KAA Gent,1,2,round : 5,H,Olympique Lyon,KAA Gent,1,2,False,2015,5,Group,A,0,-1,detailed_2005_2021,1502.407,1494.045,8.362,0.512,21,136,0.4264705882352941,1.5441176470588236,1.588235294117647,1.2279411764705883,0.3602941176470588,1535.8,165,8,0.375,1.25,1.25,1.375,-0.125,1487.6,48.200000000000045,0.0514705882352941,0.2941176470588236,0.33823529411764697,-0.1470588235294117
1154,2015-11-25,Malmö FF,Paris Saint-Germain,0,5,round : 5,A,Malmö FF,Paris Saint-Germain,0,5,False,2015,5,Group,A,0,-5,detailed_2005_2021,1469.712,1607.74,-138.028,0.311,69,53,0.2641509433962264,1.0,0.8490566037735849,1.9245283018867925,-1.0754716981132075,1432.5,16,151,0.5231788079470199,1.7615894039735098,1.9470198675496688,1.185430463576159,0.7615894039735099,1574.3,-141.79999999999995,-0.25902786455079346,-0.7615894039735098,-1.0979632637760839,0.7390978383106335
1155,2015-11-25,Shakhtar Donetsk,Real Madrid,3,4,round : 5,A,Shakhtar Donetsk,Real Madrid,3,4,False,2015,5,Group,A,0,-1,detailed_2005_2021,1509.124,1699.921,-190.796,0.25,31,118,0.3305084745762712,1.2118644067796611,1.3644067796610169,1.7627118644067796,-0.3983050847457627,1464.6,1,486,0.5987654320987654,1.97119341563786,2.213991769547325,1.117283950617284,1.0967078189300412,1630.0,-165.4000000000001,-0.26825695752249423,-0.759329008858199,-0.8495849898863082,0.6454279137894956
1156,2015-11-25,CSKA Moscow,VfL Wolfsburg,0,2,round : 5,B,CSKA Moskva,VfL Wolfsburg,0,2,False,2015,5,Group,A,0,-2,detailed_2005_2021,1460.715,1500.532,-39.816,0.443,47,86,0.26744186046511625,1.0348837209302326,1.1395348837209305,1.6395348837209305,-0.5,1433.7,92,22,0.45454545454545453,1.5,1.318181818181818,1.318181818181818,0.0,1508.3,-74.59999999999991,-0.18710359408033828,-0.4651162790697674,-0.17864693446088742,0.3213530655391126
1157,2015-11-25,Manchester United,PSV Eindhoven,0,0,round : 5,B,Manchester United,PSV Eindhoven,0,0,False,2015,5,Group,D,0,0,detailed_2005_2021,1646.052,1478.009,168.042,0.725,4,289,0.5294117647058824,1.8269896193771626,1.813148788927336,1.038062283737024,0.7750865051903114,1599.3,19,171,0.3391812865497076,1.2690058479532165,1.2456140350877194,1.3099415204678362,-0.06432748538011696,1478.1,121.20000000000005,0.19023047815617478,0.5579837714239462,0.5675347538396167,-0.27187923673081227
1158,2015-11-25,Astana,SL Benfica,2,2,round : 5,C,FK Astana,SL Benfica,2,2,False,2015,5,Group,D,0,0,detailed_2005_2021,1484.468,1499.001,-14.533,0.479,237,6,0.0,0.6666666666666666,0.8333333333333334,1.8333333333333333,-1.0,1473.2,9,266,0.43609022556390975,1.537593984962406,1.6466165413533835,1.218045112781955,0.42857142857142855,1532.9,-59.700000000000045,-0.43609022556390975,-0.8709273182957394,-0.8132832080200502,0.6152882205513783
1159,2015-11-25,Atlético Madrid,Galatasaray,2,0,round : 5,C,Atlético Madrid,Galatasaray,2,0,False,2015,5,Group,H,1,2,detailed_2005_2021,1600.9,1446.453,154.447,0.709,15,166,0.4759036144578313,1.6927710843373494,1.4578313253012047,0.9879518072289156,0.46987951807228917,1568.1,24,161,0.2670807453416149,1.0559006211180124,1.0807453416149069,1.6832298136645962,-0.6024844720496895,1434.0,134.0999999999999,0.2088228691162164,0.6368704632193369,0.37708598368629787,-0.6952780064356806
1160,2015-11-25,Borussia M'gladbach,Sevilla,4,2,round : 5,D,Bor. Mönchengladbach,Sevilla FC,4,2,False,2015,5,Group,H,1,2,detailed_2005_2021,1487.806,1508.618,-20.812,0.47,58,51,0.37254901960784315,1.4313725490196079,1.9411764705882355,1.3529411764705883,0.5882352941176471,1514.7,42,72,0.375,1.4027777777777777,1.4583333333333333,1.4861111111111112,-0.027777777777777776,1507.6,7.100000000000136,-0.002450980392156854,0.028594771241830186,0.48284313725490224,-0.13316993464052285
1161,2015-11-25,Juventus,Manchester City,1,0,round : 5,D,Juventus,Manchester City,1,0,False,2015,5,Group,H,1,1,detailed_2005_2021,1605.086,1520.051,85.035,0.62,5,297,0.5084175084175084,1.754208754208754,1.589225589225589,1.0134680134680134,0.5757575757575758,1581.5,17,127,0.5669291338582677,1.905511811023622,2.118110236220472,1.1496062992125984,0.968503937007874,1604.7,-23.200000000000045,-0.058511625440759274,-0.1513030568148679,-0.5288846469948827,-0.13613828574458497
1170,2016-02-16,Paris Saint-Germain,Chelsea,2,1,round : 18,,Paris Saint-Germain,Chelsea FC,2,1,False,2015,18,Knockout,H,1,1,detailed_2005_2021,1613.964,1619.688,-5.724,0.492,16,151,0.5231788079470199,1.7615894039735098,1.9470198675496688,1.185430463576159,0.7615894039735099,1574.3,10,197,0.5126903553299492,1.8020304568527918,1.7106598984771573,0.934010152284264,0.7766497461928934,1593.5,-19.200000000000045,0.010488452617070654,-0.04044105287928201,0.23635996907251156,0.251420311291895
1171,2016-02-16,SL Benfica,Zenit St. Petersburg,1,0,round : 18,,SL Benfica,Zenit St. Petersburg,1,0,False,2015,18,Knockout,H,1,1,detailed_2005_2021,1498.583,1545.933,-47.351,0.432,9,266,0.43609022556390975,1.537593984962406,1.6466165413533835,1.218045112781955,0.42857142857142855,1532.9,56,64,0.328125,1.203125,1.1875,1.421875,-0.234375,1466.8,66.10000000000014,0.10796522556390975,0.33446898496240607,0.45911654135338353,-0.20382988721804507
1172,2016-02-17,KAA Gent,VfL Wolfsburg,2,3,round : 18,,KAA Gent,VfL Wolfsburg,2,3,False,2015,18,Knockout,A,0,-1,detailed_2005_2021,1504.286,1509.391,-5.105,0.493,165,8,0.375,1.25,1.25,1.375,-0.125,1487.6,92,22,0.45454545454545453,1.5,1.318181818181818,1.318181818181818,0.0,1508.3,-20.700000000000045,-0.07954545454545453,-0.25,-0.0681818181818179,0.0568181818181821
1173,2016-02-17,Roma,Real Madrid,0,2,round : 18,,AS Roma,Real Madrid,0,2,False,2015,18,Knockout,A,0,-2,detailed_2005_2021,1517.847,1704.922,-187.074,0.254,28,109,0.3761467889908257,1.3669724770642202,1.3669724770642202,1.4587155963302751,-0.09174311926605505,1497.3,1,486,0.5987654320987654,1.97119341563786,2.213991769547325,1.117283950617284,1.0967078189300412,1630.0,-132.70000000000005,-0.22261864310793972,-0.6042209385736399,-0.8470192924831048,0.3414316457129911
1174,2016-02-23,Arsenal,Barcelona,0,2,round : 18,,Arsenal FC,FC Barcelona,0,2,False,2015,18,Knockout,A,0,-2,detailed_2005_2021,1595.695,1712.544,-116.849,0.338,13,197,0.4720812182741117,1.6395939086294415,1.6446700507614214,1.1472081218274113,0.49746192893401014,1553.2,3,341,0.5747800586510264,1.9501466275659824,1.9794721407624636,1.0439882697947214,0.9354838709677419,1628.8,-75.59999999999991,-0.10269884037691474,-0.3105527189365409,-0.3348020900010422,0.10321985203268991
1175,2016-02-23,Juventus,Bayern München,2,2,round : 18,,Juventus,Bayern Munich,2,2,False,2015,18,Knockout,D,0,0,detailed_2005_2021,1612.686,1692.218,-79.532,0.388,5,297,0.5084175084175084,1.754208754208754,1.589225589225589,1.0134680134680134,0.5757575757575758,1581.5,2,388,0.595360824742268,1.9871134020618557,2.105670103092784,1.0051546391752575,1.1005154639175259,1636.0,-54.5,-0.0869433163247596,-0.2329046478531016,-0.5164445138671949,0.008313374292755915
1176,2016-02-24,Dynamo Kyiv,Manchester City,1,3,round : 18,,Dinamo Kiev,Manchester City,1,3,False,2015,18,Knockout,A,0,-2,detailed_2005_2021,1454.491,1512.451,-57.96,0.417,18,186,0.34946236559139787,1.2688172043010753,1.2311827956989247,1.3494623655913978,-0.11827956989247312,1474.7,17,127,0.5669291338582677,1.905511811023622,2.118110236220472,1.1496062992125984,0.968503937007874,1604.7,-130.0,-0.21746676826686984,-0.6366946067225467,-0.886927440521547,0.19985606637879938
1177,2016-02-24,PSV Eindhoven,Atlético Madrid,0,0,round : 18,,PSV Eindhoven,Atlético Madrid,0,0,False,2015,18,Knockout,D,0,0,detailed_2005_2021,1482.501,1606.726,-124.225,0.328,19,171,0.3391812865497076,1.2690058479532165,1.2456140350877194,1.3099415204678362,-0.06432748538011696,1478.1,15,166,0.4759036144578313,1.6927710843373494,1.4578313253012047,0.9879518072289156,0.46987951807228917,1568.1,-90.0,-0.13672232790812372,-0.4237652363841329,-0.21221729021348534,0.32198971323892056
1178,2016-03-08,Real Madrid,Roma,2,0,round : 18,,Real Madrid,AS Roma,2,0,False,2015,18,Knockout,H,1,2,detailed_2005_2021,1710.004,1512.765,197.238,0.757,1,486,0.5987654320987654,1.97119341563786,2.213991769547325,1.117283950617284,1.0967078189300412,1630.0,28,109,0.3761467889908257,1.3669724770642202,1.3669724770642202,1.4587155963302751,-0.09174311926605505,1497.3,132.70000000000005,0.22261864310793972,0.6042209385736399,0.8470192924831048,-0.3414316457129911
1179,2016-03-08,VfL Wolfsburg,KAA Gent,1,0,round : 18,,VfL Wolfsburg,KAA Gent,1,0,False,2015,18,Knockout,H,1,1,detailed_2005_2021,1519.244,1494.433,24.811,0.536,92,22,0.45454545454545453,1.5,1.318181818181818,1.318181818181818,0.0,1508.3,165,8,0.375,1.25,1.25,1.375,-0.125,1487.6,20.700000000000045,0.07954545454545453,0.25,0.0681818181818179,-0.0568181818181821
1180,2016-03-09,Zenit St. Petersburg,SL Benfica,1,2,round : 18,,Zenit St. Petersburg,SL Benfica,1,2,False,2015,18,Knockout,A,0,-1,detailed_2005_2021,1534.579,1509.937,24.642,0.535,56,64,0.328125,1.203125,1.1875,1.421875,-0.234375,1466.8,9,266,0.43609022556390975,1.537593984962406,1.6466165413533835,1.218045112781955,0.42857142857142855,1532.9,-66.10000000000014,-0.10796522556390975,-0.33446898496240607,-0.45911654135338353,0.20382988721804507
1181,2016-03-09,Chelsea,Paris Saint-Germain,1,2,round : 18,,Chelsea FC,Paris Saint-Germain,1,2,False,2015,18,Knockout,A,0,-1,detailed_2005_2021,1609.523,1624.129,-14.605,0.479,10,197,0.5126903553299492,1.8020304568527918,1.7106598984771573,0.934010152284264,0.7766497461928934,1593.5,16,151,0.5231788079470199,1.7615894039735098,1.9470198675496688,1.185430463576159,0.7615894039735099,1574.3,19.200000000000045,-0.010488452617070654,0.04044105287928201,-0.23635996907251156,-0.251420311291895
1182,2016-03-15,Atlético Madrid,PSV Eindhoven,0(0) (8),0(0) (7),round : 18,,Atlético Madrid,PSV Eindhoven,0,0,True,2015,18,Knockout,D,0,0,detailed_2005_2021,1603.295,1485.931,117.364,0.663,15,166,0.4759036144578313,1.6927710843373494,1.4578313253012047,0.9879518072289156,0.46987951807228917,1568.1,19,171,0.3391812865497076,1.2690058479532165,1.2456140350877194,1.3099415204678362,-0.06432748538011696,1478.1,90.0,0.13672232790812372,0.4237652363841329,0.21221729021348534,-0.32198971323892056
1183,2016-03-15,Manchester City,Dynamo Kyiv,0,0,round : 18,,Manchester City,Dinamo Kiev,0,0,False,2015,18,Knockout,D,0,0,detailed_2005_2021,1520.798,1446.144,74.654,0.606,17,127,0.5669291338582677,1.905511811023622,2.118110236220472,1.1496062992125984,0.968503937007874,1604.7,18,186,0.34946236559139787,1.2688172043010753,1.2311827956989247,1.3494623655913978,-0.11827956989247312,1474.7,130.0,0.21746676826686984,0.6366946067225467,0.886927440521547,-0.19985606637879938
1184,2016-03-16,Barcelona,Arsenal,3,1,round : 18,,FC Barcelona,Arsenal FC,3,1,False,2015,18,Knockout,H,1,2,detailed_2005_2021,1719.302,1588.937,130.366,0.679,3,341,0.5747800586510264,1.9501466275659824,1.9794721407624636,1.0439882697947214,0.9354838709677419,1628.8,13,197,0.4720812182741117,1.6395939086294415,1.6446700507614214,1.1472081218274113,0.49746192893401014,1553.2,75.59999999999991,0.10269884037691474,0.3105527189365409,0.3348020900010422,-0.10321985203268991
1185,2016-03-16,Bayern München,Juventus,2(2),2(0),round : 18,,Bayern Munich,Juventus,2,2,True,2015,18,Knockout,D,0,0,detailed_2005_2021,1689.968,1614.936,75.032,0.606,2,388,0.595360824742268,1.9871134020618557,2.105670103092784,1.0051546391752575,1.1005154639175259,1636.0,5,297,0.5084175084175084,1.754208754208754,1.589225589225589,1.0134680134680134,0.5757575757575758,1581.5,54.5,0.0869433163247596,0.2329046478531016,0.5164445138671949,-0.008313374292755915
1186,2016-04-05,Barcelona,Atlético Madrid,2,1,round : quarterfinals,,FC Barcelona,Atlético Madrid,2,1,False,2015,quarterfinals,Knockout,H,1,1,detailed_2005_2021,1725.717,1600.04,125.676,0.673,3,341,0.5747800586510264,1.9501466275659824,1.9794721407624636,1.0439882697947214,0.9354838709677419,1628.8,15,166,0.4759036144578313,1.6927710843373494,1.4578313253012047,0.9879518072289156,0.46987951807228917,1568.1,60.700000000000045,0.09887644419319513,0.2573755432286331,0.5216408154612588,0.056036462565805745
1187,2016-04-05,Bayern München,SL Benfica,1,0,round : quarterfinals,,Bayern Munich,SL Benfica,1,0,False,2015,quarterfinals,Knockout,H,1,1,detailed_2005_2021,1687.841,1520.645,167.196,0.724,2,388,0.595360824742268,1.9871134020618557,2.105670103092784,1.0051546391752575,1.1005154639175259,1636.0,9,266,0.43609022556390975,1.537593984962406,1.6466165413533835,1.218045112781955,0.42857142857142855,1532.9,103.09999999999991,0.15927059917835829,0.44951941709944965,0.4590535617394005,-0.21289047360669744
1188,2016-04-06,Paris Saint-Germain,Manchester City,2,2,round : quarterfinals,,Paris Saint-Germain,Manchester City,2,2,False,2015,quarterfinals,Knockout,D,0,0,detailed_2005_2021,1633.708,1518.682,115.027,0.66,16,151,0.5231788079470199,1.7615894039735098,1.9470198675496688,1.185430463576159,0.7615894039735099,1574.3,17,127,0.5669291338582677,1.905511811023622,2.118110236220472,1.1496062992125984,0.968503937007874,1604.7,-30.40000000000009,-0.043750325911247834,-0.14392240705011217,-0.17109036867080296,0.03582416436356062
1189,2016-04-06,VfL Wolfsburg,Real Madrid,2,0,round : quarterfinals,,VfL Wolfsburg,Real Madrid,2,0,False,2015,quarterfinals,Knockout,H,1,2,detailed_2005_2021,1528.531,1714.867,-186.336,0.255,92,22,0.45454545454545453,1.5,1.318181818181818,1.318181818181818,0.0,1508.3,1,486,0.5987654320987654,1.97119341563786,2.213991769547325,1.117283950617284,1.0967078189300412,1630.0,-121.70000000000005,-0.1442199775533109,-0.4711934156378601,-0.8958099513655071,0.20089786756453387
1190,2016-04-12,Manchester City,Paris Saint-Germain,1,0,round : quarterfinals,,Manchester City,Paris Saint-Germain,1,0,False,2015,quarterfinals,Knockout,H,1,1,detailed_2005_2021,1521.877,1630.514,-108.637,0.349,17,127,0.5669291338582677,1.905511811023622,2.118110236220472,1.1496062992125984,0.968503937007874,1604.7,16,151,0.5231788079470199,1.7615894039735098,1.9470198675496688,1.185430463576159,0.7615894039735099,1574.3,30.40000000000009,0.043750325911247834,0.14392240705011217,0.17109036867080296,-0.03582416436356062
1191,2016-04-12,Real Madrid,VfL Wolfsburg,3,0,round : quarterfinals,,Real Madrid,VfL Wolfsburg,3,0,False,2015,quarterfinals,Knockout,H,1,3,detailed_2005_2021,1699.965,1543.433,156.532,0.711,1,486,0.5987654320987654,1.97119341563786,2.213991769547325,1.117283950617284,1.0967078189300412,1630.0,92,22,0.45454545454545453,1.5,1.318181818181818,1.318181818181818,0.0,1508.3,121.70000000000005,0.1442199775533109,0.4711934156378601,0.8958099513655071,-0.20089786756453387
1192,2016-04-13,Atlético Madrid,Barcelona,2,0,round : quarterfinals,,Atlético Madrid,FC Barcelona,2,0,False,2015,quarterfinals,Knockout,H,1,2,detailed_2005_2021,1593.508,1732.249,-138.742,0.31,15,166,0.4759036144578313,1.6927710843373494,1.4578313253012047,0.9879518072289156,0.46987951807228917,1568.1,3,341,0.5747800586510264,1.9501466275659824,1.9794721407624636,1.0439882697947214,0.9354838709677419,1628.8,-60.700000000000045,-0.09887644419319513,-0.2573755432286331,-0.5216408154612588,-0.056036462565805745
1193,2016-04-13,SL Benfica,Bayern München,2,2,round : quarterfinals,,SL Benfica,Bayern Munich,2,2,False,2015,quarterfinals,Knockout,D,0,0,detailed_2005_2021,1515.118,1693.369,-178.252,0.264,9,266,0.43609022556390975,1.537593984962406,1.6466165413533835,1.218045112781955,0.42857142857142855,1532.9,2,388,0.595360824742268,1.9871134020618557,2.105670103092784,1.0051546391752575,1.1005154639175259,1636.0,-103.09999999999991,-0.15927059917835829,-0.44951941709944965,-0.4590535617394005,0.21289047360669744
1194,2016-04-26,Manchester City,Real Madrid,0,0,round : semifinals,,Manchester City,Real Madrid,0,0,False,2015,semifinals,Knockout,D,0,0,detailed_2005_2021,1534.905,1705.742,-170.836,0.272,17,127,0.5669291338582677,1.905511811023622,2.118110236220472,1.1496062992125984,0.968503937007874,1604.7,1,486,0.5987654320987654,1.97119341563786,2.213991769547325,1.117283950617284,1.0967078189300412,1630.0,-25.299999999999955,-0.03183629824049772,-0.06568160461423811,-0.09588153332685323,0.032322348595314354
1195,2016-04-27,Atlético Madrid,Bayern München,1,0,round : semifinals,,Atlético Madrid,Bayern Munich,1,0,False,2015,semifinals,Knockout,H,1,1,detailed_2005_2021,1607.301,1688.646,-81.345,0.385,15,166,0.4759036144578313,1.6927710843373494,1.4578313253012047,0.9879518072289156,0.46987951807228917,1568.1,2,388,0.595360824742268,1.9871134020618557,2.105670103092784,1.0051546391752575,1.1005154639175259,1636.0,-67.90000000000009,-0.11945721028443673,-0.29434231772450636,-0.6478387777915793,-0.017202831946341868
1196,2016-05-03,Bayern München,Atlético Madrid,2,1,round : semifinals,,Bayern Munich,Atlético Madrid,2,1,False,2015,semifinals,Knockout,H,1,1,detailed_2005_2021,1676.346,1619.601,56.746,0.581,2,388,0.595360824742268,1.9871134020618557,2.105670103092784,1.0051546391752575,1.1005154639175259,1636.0,15,166,0.4759036144578313,1.6927710843373494,1.4578313253012047,0.9879518072289156,0.46987951807228917,1568.1,67.90000000000009,0.11945721028443673,0.29434231772450636,0.6478387777915793,0.017202831946341868
1197,2016-05-04,Real Madrid,Manchester City,1,0,round : semifinals,,Real Madrid,Manchester City,1,0,False,2015,semifinals,Knockout,H,1,1,detailed_2005_2021,1701.186,1539.461,161.725,0.717,1,486,0.5987654320987654,1.97119341563786,2.213991769547325,1.117283950617284,1.0967078189300412,1630.0,17,127,0.5669291338582677,1.905511811023622,2.118110236220472,1.1496062992125984,0.968503937007874,1604.7,25.299999999999955,0.03183629824049772,0.06568160461423811,0.09588153332685323,-0.032322348595314354
1198,2016-05-28,Real Madrid,Atlético Madrid,1(0) (5),1(0) (3),round : final,,Real Madrid,Atlético Madrid,1,1,True,2015,final,Knockout,D,0,0,detailed_2005_2021,1706.84,1611.22,95.621,0.634,1,486,0.5987654320987654,1.97119341563786,2.213991769547325,1.117283950617284,1.0967078189300412,1630.0,15,166,0.4759036144578313,1.6927710843373494,1.4578313253012047,0.9879518072289156,0.46987951807228917,1568.1,61.90000000000009,0.12286181764093412,0.27842233130051075,0.7561604442461203,0.1293321433883684
1199,2016-09-13,FC Basel,Ludogorets Razgrad,1,1,round : 1,A,FC Basel,PFC Ludogorets Razgrad,1,1,False,2016,1,Group,D,0,0,detailed_2005_2021,1498.338,1490.457,7.881,0.511,41,82,0.35365853658536583,1.2439024390243902,1.3780487804878048,1.8170731707317076,-0.43902439024390244,1469.3,206,12,0.08333333333333333,0.5833333333333334,0.9166666666666666,2.4166666666666665,-1.5,1434.1,35.200000000000045,0.2703252032520325,0.6605691056910569,0.46138211382113814,-0.5995934959349589
1200,2016-09-13,Paris Saint-Germain,Arsenal,1,1,round : 1,A,Paris Saint-Germain,Arsenal FC,1,1,False,2016,1,Group,D,0,0,detailed_2005_2021,1617.485,1582.522,34.963,0.55,16,151,0.5231788079470199,1.7615894039735098,1.9470198675496688,1.185430463576159,0.7615894039735099,1574.3,13,197,0.4720812182741117,1.6395939086294415,1.6446700507614214,1.1472081218274113,0.49746192893401014,1553.2,21.09999999999991,0.05109758967290817,0.12199549534406828,0.30234981678824746,0.038222341748747723
1201,2016-09-13,Dynamo Kyiv,Napoli,1,2,round : 1,B,Dinamo Kiev,SSC Napoli,1,2,False,2016,1,Group,A,0,-1,detailed_2005_2021,1448.26,1529.637,-81.377,0.385,18,186,0.34946236559139787,1.2688172043010753,1.2311827956989247,1.3494623655913978,-0.11827956989247312,1474.7,39,66,0.45454545454545453,1.621212121212121,1.7121212121212122,1.2575757575757576,0.45454545454545453,1544.7,-70.0,-0.10508308895405666,-0.35239491691104585,-0.4809384164222874,0.09188660801564019
1202,2016-09-13,SL Benfica,Beşiktaş,1,1,round : 1,B,SL Benfica,Beşiktaş,1,1,False,2016,1,Group,D,0,0,detailed_2005_2021,1519.841,1482.768,37.072,0.553,9,266,0.43609022556390975,1.537593984962406,1.6466165413533835,1.218045112781955,0.42857142857142855,1532.9,65,70,0.24285714285714285,0.9142857142857143,0.9,2.0,-1.1,1409.2,123.70000000000005,0.1932330827067669,0.6233082706766918,0.7466165413533835,-0.7819548872180451
1203,2016-09-13,Barcelona,Celtic,7,0,round : 1,C,FC Barcelona,Celtic FC,7,0,False,2016,1,Group,H,1,7,detailed_2005_2021,1718.456,1457.795,260.66,0.818,3,341,0.5747800586510264,1.9501466275659824,1.9794721407624636,1.0439882697947214,0.9354838709677419,1628.8,20,156,0.391025641025641,1.3525641025641026,1.3846153846153846,1.4230769230769231,-0.038461538461538464,1488.2,140.5999999999999,0.1837544176253854,0.5975825250018798,0.594856756147079,-0.37908865328220176
1205,2016-09-13,Bayern München,FC Rostov,5,0,round : 1,D,Bayern Munich,FK Rostov,5,0,False,2016,1,Group,H,1,5,detailed_2005_2021,1684.728,1500.0,184.728,0.743,2,388,0.595360824742268,1.9871134020618557,2.105670103092784,1.0051546391752575,1.1005154639175259,1636.0,225,6,0.16666666666666666,0.8333333333333334,1.0,2.0,-1.0,1473.2,162.79999999999995,0.4286941580756014,1.1537800687285222,1.105670103092784,-0.9948453608247425
1206,2016-09-13,PSV Eindhoven,Atlético Madrid,0,1,round : 1,D,PSV Eindhoven,Atlético Madrid,0,1,False,2016,1,Group,A,0,-1,detailed_2005_2021,1489.187,1613.904,-124.718,0.328,19,171,0.3391812865497076,1.2690058479532165,1.2456140350877194,1.3099415204678362,-0.06432748538011696,1478.1,15,166,0.4759036144578313,1.6927710843373494,1.4578313253012047,0.9879518072289156,0.46987951807228917,1568.1,-90.0,-0.13672232790812372,-0.4237652363841329,-0.21221729021348534,0.32198971323892056
1204,2016-09-14,Manchester City,Borussia M'gladbach,4,0,round : 1,C,Manchester City,Bor. Mönchengladbach,4,0,False,2016,1,Group,H,1,4,detailed_2005_2021,1533.806,1498.404,35.402,0.551,17,127,0.5669291338582677,1.905511811023622,2.118110236220472,1.1496062992125984,0.968503937007874,1604.7,58,51,0.37254901960784315,1.4313725490196079,1.9411764705882355,1.3529411764705883,0.5882352941176471,1514.7,90.0,0.19438011425042456,0.47413926200401413,0.17693376563223628,-0.20333487725798993
1207,2016-09-14,Bayer 04 Leverkusen,CSKA Moscow,2,2,round : 1,E,Bayer Leverkusen,CSKA Moskva,2,2,False,2016,1,Group,D,0,0,detailed_2005_2021,1502.782,1451.856,50.925,0.573,32,107,0.34579439252336447,1.2710280373831775,1.383177570093458,1.6355140186915889,-0.2523364485981308,1478.1,47,86,0.26744186046511625,1.0348837209302326,1.1395348837209305,1.6395348837209305,-0.5,1433.7,44.399999999999864,0.07835253205824821,0.23614431645294487,0.24364268637252762,-0.004020865029341625
1208,2016-09-14,Tottenham,AS Monaco,1,2,round : 1,E,Tottenham Hotspur,AS Monaco,1,2,False,2016,1,Group,A,0,-1,detailed_2005_2021,1516.921,1508.336,8.585,0.512,46,61,0.4426229508196721,1.540983606557377,1.819672131147541,1.4426229508196722,0.3770491803278688,1525.8,33,98,0.35714285714285715,1.2857142857142858,1.489795918367347,1.4183673469387754,0.07142857142857142,1479.4,46.399999999999864,0.08548009367681497,0.2552693208430912,0.32987621278019397,0.02425560388089676
1209,2016-09-14,Legia Warszawa,Borussia Dortmund,0,6,round : 1,F,Legia Warszawa,Borussia Dortmund,0,6,False,2016,1,Group,A,0,-6,detailed_2005_2021,1500.0,1555.442,-55.442,0.421,74,32,0.4375,1.46875,1.34375,1.59375,-0.25,1506.7,14,176,0.4715909090909091,1.6193181818181819,1.6875,1.2613636363636365,0.42613636363636365,1546.4,-39.700000000000045,-0.034090909090909116,-0.15056818181818188,-0.34375,0.33238636363636354
1210,2016-09-14,Real Madrid,Sporting CP,2,1,round : 1,F,Real Madrid,Sporting CP,2,1,False,2016,1,Group,H,1,1,detailed_2005_2021,1704.156,1486.593,217.562,0.778,1,486,0.5987654320987654,1.97119341563786,2.213991769547325,1.117283950617284,1.0967078189300412,1630.0,44,92,0.30434782608695654,1.076086956521739,1.358695652173913,1.7934782608695652,-0.43478260869565216,1434.1,195.9000000000001,0.2944176060118089,0.8951064591161211,0.8552961173734119,-0.6761943102522812
1211,2016-09-14,Club Brugge,Leicester City,0,3,round : 1,G,Club Brugge KV,Leicester City,0,3,False,2016,1,Group,A,0,-3,detailed_2005_2021,1490.575,1500.0,-9.425,0.486,38,97,0.31958762886597936,1.1855670103092784,1.1855670103092784,1.4845360824742269,-0.29896907216494845,1461.2,130,10,0.5,1.7,1.1,1.0,0.1,1523.2,-62.0,-0.18041237113402064,-0.5144329896907216,0.08556701030927827,0.48453608247422686
1212,2016-09-14,FC Porto,FC København,1,1,round : 1,G,FC Porto,FC København,1,1,False,2016,1,Group,D,0,0,detailed_2005_2021,1583.214,1477.208,106.005,0.648,8,265,0.4528301886792453,1.5773584905660378,1.4792452830188678,1.1547169811320754,0.32452830188679244,1540.4,79,44,0.25,1.0227272727272727,0.8863636363636364,1.5227272727272727,-0.6363636363636364,1445.3,95.10000000000014,0.2028301886792453,0.5546312178387651,0.5928816466552315,-0.36801029159519727
1213,2016-09-14,Juventus,Sevilla,0,0,round : 1,H,Juventus,Sevilla FC,0,0,False,2016,1,Group,D,0,0,detailed_2005_2021,1617.063,1498.02,119.043,0.665,5,297,0.5084175084175084,1.754208754208754,1.589225589225589,1.0134680134680134,0.5757575757575758,1581.5,42,72,0.375,1.4027777777777777,1.4583333333333333,1.4861111111111112,-0.027777777777777776,1507.6,73.90000000000009,0.13341750841750843,0.3514309764309764,0.13089225589225584,-0.47264309764309775
1214,2016-09-14,Olympique Lyonnais,GNK Dinamo Zagreb,3,0,round : 1,H,Olympique Lyon,Dinamo Zagreb,3,0,False,2016,1,Group,H,1,3,detailed_2005_2021,1492.167,1406.354,85.812,0.621,21,136,0.4264705882352941,1.5441176470588236,1.588235294117647,1.2279411764705883,0.3602941176470588,1535.8,94,54,0.14814814814814814,0.6111111111111112,0.7777777777777778,2.1296296296296298,-1.3518518518518519,1356.2,179.5999999999999,0.27832244008714596,0.9330065359477124,0.8104575163398692,-0.9016884531590414
1223,2016-09-27,AS Monaco,Bayer 04 Leverkusen,1,1,round : 2,E,AS Monaco,Bayer Leverkusen,1,1,False,2016,2,Group,D,0,0,detailed_2005_2021,1518.583,1501.326,17.257,0.525,33,98,0.35714285714285715,1.2857142857142858,1.489795918367347,1.4183673469387754,0.07142857142857142,1479.4,32,107,0.34579439252336447,1.2710280373831775,1.383177570093458,1.6355140186915889,-0.2523364485981308,1478.1,1.300000000000182,0.011348464619492682,0.01468624833110832,0.10661834827388894,-0.21714667175281344
1224,2016-09-27,CSKA Moscow,Tottenham,0,1,round : 2,E,CSKA Moskva,Tottenham Hotspur,0,1,False,2016,2,Group,A,0,-1,detailed_2005_2021,1453.312,1506.674,-53.362,0.424,47,86,0.26744186046511625,1.0348837209302326,1.1395348837209305,1.6395348837209305,-0.5,1433.7,46,61,0.4426229508196721,1.540983606557377,1.819672131147541,1.4426229508196722,0.3770491803278688,1525.8,-92.09999999999991,-0.17518109035455587,-0.5060998856271444,-0.6801372474266105,0.1969119329012583
1225,2016-09-27,Borussia Dortmund,Real Madrid,2,2,round : 2,F,Borussia Dortmund,Real Madrid,2,2,False,2016,2,Group,D,0,0,detailed_2005_2021,1563.859,1708.601,-144.742,0.303,14,176,0.4715909090909091,1.6193181818181819,1.6875,1.2613636363636365,0.42613636363636365,1546.4,1,486,0.5987654320987654,1.97119341563786,2.213991769547325,1.117283950617284,1.0967078189300412,1630.0,-83.59999999999991,-0.1271745230078563,-0.3518752338196782,-0.526491769547325,0.14407968574635244
1226,2016-09-27,Sporting CP,Legia Warszawa,2,0,round : 2,F,Sporting CP,Legia Warszawa,2,0,False,2016,2,Group,H,1,2,detailed_2005_2021,1482.148,1491.582,-9.435,0.486,44,92,0.30434782608695654,1.076086956521739,1.358695652173913,1.7934782608695652,-0.43478260869565216,1434.1,74,32,0.4375,1.46875,1.34375,1.59375,-0.25,1506.7,-72.60000000000014,-0.13315217391304346,-0.392663043478261,0.014945652173913082,0.1997282608695652
1227,2016-09-27,FC København,Club Brugge,4,0,round : 2,G,FC København,Club Brugge KV,4,0,False,2016,2,Group,H,1,4,detailed_2005_2021,1480.168,1480.846,-0.678,0.499,79,44,0.25,1.0227272727272727,0.8863636363636364,1.5227272727272727,-0.6363636363636364,1445.3,38,97,0.31958762886597936,1.1855670103092784,1.1855670103092784,1.4845360824742269,-0.29896907216494845,1461.2,-15.900000000000091,-0.06958762886597936,-0.16283973758200565,-0.299203373945642,0.03819119025304585
1228,2016-09-27,Leicester City,FC Porto,1,0,round : 2,G,Leicester City,FC Porto,1,0,False,2016,2,Group,H,1,1,detailed_2005_2021,1509.729,1580.254,-70.525,0.4,130,10,0.5,1.7,1.1,1.0,0.1,1523.2,8,265,0.4528301886792453,1.5773584905660378,1.4792452830188678,1.1547169811320754,0.32452830188679244,1540.4,-17.200000000000045,0.047169811320754707,0.12264150943396213,-0.37924528301886773,-0.15471698113207544
1229,2016-09-27,GNK Dinamo Zagreb,Juventus,0,4,round : 2,H,Dinamo Zagreb,Juventus,0,4,False,2016,2,Group,A,0,-4,detailed_2005_2021,1398.775,1613.765,-214.989,0.225,94,54,0.14814814814814814,0.6111111111111112,0.7777777777777778,2.1296296296296298,-1.3518518518518519,1356.2,5,297,0.5084175084175084,1.754208754208754,1.589225589225589,1.0134680134680134,0.5757575757575758,1581.5,-225.29999999999995,-0.3602693602693603,-1.143097643097643,-0.8114478114478113,1.1161616161616164
1230,2016-09-27,Sevilla,Olympique Lyonnais,1,0,round : 2,H,Sevilla FC,Olympique Lyon,1,0,False,2016,2,Group,H,1,1,detailed_2005_2021,1501.318,1499.746,1.572,0.502,42,72,0.375,1.4027777777777777,1.4583333333333333,1.4861111111111112,-0.027777777777777776,1507.6,21,136,0.4264705882352941,1.5441176470588236,1.588235294117647,1.2279411764705883,0.3602941176470588,1535.8,-28.200000000000045,-0.0514705882352941,-0.14133986928104592,-0.1299019607843137,0.25816993464052285
1215,2016-09-28,Arsenal,FC Basel,2,0,round : 2,A,Arsenal FC,FC Basel,2,0,False,2016,2,Group,H,1,2,detailed_2005_2021,1583.525,1498.111,85.414,0.621,13,197,0.4720812182741117,1.6395939086294415,1.6446700507614214,1.1472081218274113,0.49746192893401014,1553.2,41,82,0.35365853658536583,1.2439024390243902,1.3780487804878048,1.8170731707317076,-0.43902439024390244,1469.3,83.90000000000009,0.11842268168874587,0.3956914696050513,0.2666212702736166,-0.6698650489042963
1216,2016-09-28,Ludogorets Razgrad,Paris Saint-Germain,1,3,round : 2,A,PFC Ludogorets Razgrad,Paris Saint-Germain,1,3,False,2016,2,Group,A,0,-2,detailed_2005_2021,1490.684,1616.482,-125.798,0.326,206,12,0.08333333333333333,0.5833333333333334,0.9166666666666666,2.4166666666666665,-1.5,1434.1,16,151,0.5231788079470199,1.7615894039735098,1.9470198675496688,1.185430463576159,0.7615894039735099,1574.3,-140.20000000000005,-0.43984547461368656,-1.1782560706401766,-1.030353200883002,1.2312362030905075
1217,2016-09-28,Beşiktaş,Dynamo Kyiv,1,1,round : 2,B,Beşiktaş,Dinamo Kiev,1,1,False,2016,2,Group,D,0,0,detailed_2005_2021,1483.831,1440.561,43.271,0.562,65,70,0.24285714285714285,0.9142857142857143,0.9,2.0,-1.1,1409.2,18,186,0.34946236559139787,1.2688172043010753,1.2311827956989247,1.3494623655913978,-0.11827956989247312,1474.7,-65.5,-0.10660522273425502,-0.354531490015361,-0.3311827956989247,0.6505376344086022
1218,2016-09-28,Napoli,SL Benfica,4,2,round : 2,B,SSC Napoli,SL Benfica,4,2,False,2016,2,Group,H,1,2,detailed_2005_2021,1537.337,1518.778,18.559,0.527,39,66,0.45454545454545453,1.621212121212121,1.7121212121212122,1.2575757575757576,0.45454545454545453,1544.7,9,266,0.43609022556390975,1.537593984962406,1.6466165413533835,1.218045112781955,0.42857142857142855,1532.9,11.799999999999955,0.01845522898154478,0.08361813624971504,0.06550467076782862,0.03953064479380264
1219,2016-09-28,Borussia M'gladbach,Barcelona,1,2,round : 2,C,Bor. Mönchengladbach,FC Barcelona,1,2,False,2016,2,Group,A,0,-1,detailed_2005_2021,1489.42,1722.103,-232.683,0.208,58,51,0.37254901960784315,1.4313725490196079,1.9411764705882355,1.3529411764705883,0.5882352941176471,1514.7,3,341,0.5747800586510264,1.9501466275659824,1.9794721407624636,1.0439882697947214,0.9354838709677419,1628.8,-114.09999999999991,-0.2022310390431833,-0.5187740785463746,-0.03829567017422808,0.30895290667586695
1220,2016-09-28,Celtic,Manchester City,3,3,round : 2,C,Celtic FC,Manchester City,3,3,False,2016,2,Group,D,0,0,detailed_2005_2021,1454.148,1542.791,-88.643,0.375,20,156,0.391025641025641,1.3525641025641026,1.3846153846153846,1.4230769230769231,-0.038461538461538464,1488.2,17,127,0.5669291338582677,1.905511811023622,2.118110236220472,1.1496062992125984,0.968503937007874,1604.7,-116.5,-0.17590349283262668,-0.5529477084595193,-0.7334948516050872,0.27347062386432475
1221,2016-09-28,Atlético Madrid,Bayern München,1,0,round : 2,D,Atlético Madrid,Bayern Munich,1,0,False,2016,2,Group,H,1,1,detailed_2005_2021,1620.461,1689.861,-69.399,0.401,15,166,0.4759036144578313,1.6927710843373494,1.4578313253012047,0.9879518072289156,0.46987951807228917,1568.1,2,388,0.595360824742268,1.9871134020618557,2.105670103092784,1.0051546391752575,1.1005154639175259,1636.0,-67.90000000000009,-0.11945721028443673,-0.29434231772450636,-0.6478387777915793,-0.017202831946341868
1222,2016-09-28,FC Rostov,PSV Eindhoven,2,2,round : 2,D,FK Rostov,PSV Eindhoven,2,2,False,2016,2,Group,D,0,0,detailed_2005_2021,1494.867,1482.63,12.237,0.518,225,6,0.16666666666666666,0.8333333333333334,1.0,2.0,-1.0,1473.2,19,171,0.3391812865497076,1.2690058479532165,1.2456140350877194,1.3099415204678362,-0.06432748538011696,1478.1,-4.899999999999864,-0.17251461988304093,-0.4356725146198831,-0.2456140350877194,0.6900584795321638
1239,2016-10-18,Bayer 04 Leverkusen,Tottenham,0,0,round : 3,E,Bayer Leverkusen,Tottenham Hotspur,0,0,False,2016,3,Group,D,0,0,detailed_2005_2021,1501.823,1515.15,-13.327,0.481,32,107,0.34579439252336447,1.2710280373831775,1.383177570093458,1.6355140186915889,-0.2523364485981308,1478.1,46,61,0.4426229508196721,1.540983606557377,1.819672131147541,1.4426229508196722,0.3770491803278688,1525.8,-47.700000000000045,-0.09682855829630765,-0.2699555691741995,-0.4364945610540829,0.19289106787191668
1240,2016-10-18,CSKA Moscow,AS Monaco,1,1,round : 3,E,CSKA Moskva,AS Monaco,1,1,False,2016,3,Group,D,0,0,detailed_2005_2021,1444.836,1518.087,-73.251,0.396,47,86,0.26744186046511625,1.0348837209302326,1.1395348837209305,1.6395348837209305,-0.5,1433.7,33,98,0.35714285714285715,1.2857142857142858,1.489795918367347,1.4183673469387754,0.07142857142857142,1479.4,-45.700000000000045,-0.0897009966777409,-0.2508305647840532,-0.35026103464641656,0.22116753678215506
1241,2016-10-18,Real Madrid,Legia Warszawa,5,1,round : 3,F,Real Madrid,Legia Warszawa,5,1,False,2016,3,Group,H,1,4,detailed_2005_2021,1704.661,1481.311,223.35,0.783,1,486,0.5987654320987654,1.97119341563786,2.213991769547325,1.117283950617284,1.0967078189300412,1630.0,74,32,0.4375,1.46875,1.34375,1.59375,-0.25,1506.7,123.29999999999995,0.16126543209876543,0.5024434156378601,0.870241769547325,-0.476466049382716
1242,2016-10-18,Sporting CP,Borussia Dortmund,1,2,round : 3,F,Sporting CP,Borussia Dortmund,1,2,False,2016,3,Group,A,0,-1,detailed_2005_2021,1492.419,1567.8,-75.381,0.393,44,92,0.30434782608695654,1.076086956521739,1.358695652173913,1.7934782608695652,-0.43478260869565216,1434.1,14,176,0.4715909090909091,1.6193181818181819,1.6875,1.2613636363636365,0.42613636363636365,1546.4,-112.30000000000018,-0.16724308300395258,-0.5432312252964429,-0.3288043478260869,0.5321146245059287
1243,2016-10-18,Club Brugge,FC Porto,1,2,round : 3,G,Club Brugge KV,FC Porto,1,2,False,2016,3,Group,A,0,-1,detailed_2005_2021,1470.827,1568.251,-97.425,0.363,38,97,0.31958762886597936,1.1855670103092784,1.1855670103092784,1.4845360824742269,-0.29896907216494845,1461.2,8,265,0.4528301886792453,1.5773584905660378,1.4792452830188678,1.1547169811320754,0.32452830188679244,1540.4,-79.20000000000005,-0.13324255981326594,-0.3917914802567595,-0.29367827270958946,0.3298191013421514
1244,2016-10-18,Leicester City,FC København,1,0,round : 3,G,Leicester City,FC København,1,0,False,2016,3,Group,H,1,1,detailed_2005_2021,1521.731,1490.188,31.544,0.545,130,10,0.5,1.7,1.1,1.0,0.1,1523.2,79,44,0.25,1.0227272727272727,0.8863636363636364,1.5227272727272727,-0.6363636363636364,1445.3,77.90000000000009,0.25,0.6772727272727272,0.21363636363636374,-0.5227272727272727
1245,2016-10-18,GNK Dinamo Zagreb,Sevilla,0,1,round : 3,H,Dinamo Zagreb,Sevilla FC,0,1,False,2016,3,Group,A,0,-1,detailed_2005_2021,1394.278,1511.273,-116.995,0.338,94,54,0.14814814814814814,0.6111111111111112,0.7777777777777778,2.1296296296296298,-1.3518518518518519,1356.2,42,72,0.375,1.4027777777777777,1.4583333333333333,1.4861111111111112,-0.027777777777777776,1507.6,-151.39999999999986,-0.22685185185185186,-0.7916666666666665,-0.6805555555555555,0.6435185185185186
1246,2016-10-18,Olympique Lyonnais,Juventus,0,1,round : 3,H,Olympique Lyon,Juventus,0,1,False,2016,3,Group,A,0,-1,detailed_2005_2021,1489.791,1618.262,-128.471,0.323,21,136,0.4264705882352941,1.5441176470588236,1.588235294117647,1.2279411764705883,0.3602941176470588,1535.8,5,297,0.5084175084175084,1.754208754208754,1.589225589225589,1.0134680134680134,0.5757575757575758,1581.5,-45.700000000000045,-0.08194692018221433,-0.2100911071499305,-0.0009902951079421296,0.2144731630025749
1231,2016-10-19,Arsenal,Ludogorets Razgrad,6,0,round : 3,A,Arsenal FC,PFC Ludogorets Razgrad,6,0,False,2016,3,Group,H,1,6,detailed_2005_2021,1591.115,1484.154,106.961,0.649,13,197,0.4720812182741117,1.6395939086294415,1.6446700507614214,1.1472081218274113,0.49746192893401014,1553.2,206,12,0.08333333333333333,0.5833333333333334,0.9166666666666666,2.4166666666666665,-1.5,1434.1,119.10000000000014,0.3887478849407784,1.056260575296108,0.7280033840947547,-1.2694585448392552
1232,2016-10-19,Paris Saint-Germain,FC Basel,3,0,round : 3,A,Paris Saint-Germain,FC Basel,3,0,False,2016,3,Group,H,1,3,detailed_2005_2021,1623.012,1490.521,132.49,0.682,16,151,0.5231788079470199,1.7615894039735098,1.9470198675496688,1.185430463576159,0.7615894039735099,1574.3,41,82,0.35365853658536583,1.2439024390243902,1.3780487804878048,1.8170731707317076,-0.43902439024390244,1469.3,105.0,0.16952027136165404,0.5176869649491196,0.5689710870618641,-0.6316427071555486
1233,2016-10-19,Dynamo Kyiv,SL Benfica,0,2,round : 3,B,Dinamo Kiev,SL Benfica,0,2,False,2016,3,Group,A,0,-2,detailed_2005_2021,1441.8,1509.311,-67.512,0.404,18,186,0.34946236559139787,1.2688172043010753,1.2311827956989247,1.3494623655913978,-0.11827956989247312,1474.7,9,266,0.43609022556390975,1.537593984962406,1.6466165413533835,1.218045112781955,0.42857142857142855,1532.9,-58.200000000000045,-0.08662785997251188,-0.2687767806613308,-0.4154337456544588,0.13141725280944283
1234,2016-10-19,Napoli,Beşiktaş,2,3,round : 3,B,SSC Napoli,Beşiktaş,2,3,False,2016,3,Group,A,0,-1,detailed_2005_2021,1546.803,1482.592,64.211,0.591,39,66,0.45454545454545453,1.621212121212121,1.7121212121212122,1.2575757575757576,0.45454545454545453,1544.7,65,70,0.24285714285714285,0.9142857142857143,0.9,2.0,-1.1,1409.2,135.5,0.21168831168831168,0.7069264069264068,0.8121212121212121,-0.7424242424242424
1235,2016-10-19,Barcelona,Manchester City,4,0,round : 3,C,FC Barcelona,Manchester City,4,0,False,2016,3,Group,H,1,4,detailed_2005_2021,1726.255,1540.294,185.961,0.745,3,341,0.5747800586510264,1.9501466275659824,1.9794721407624636,1.0439882697947214,0.9354838709677419,1628.8,17,127,0.5669291338582677,1.905511811023622,2.118110236220472,1.1496062992125984,0.968503937007874,1604.7,24.09999999999991,0.007850924792758729,0.044634816542360456,-0.1386380954580082,-0.10561802941787701
1236,2016-10-19,Celtic,Borussia M'gladbach,0,2,round : 3,C,Celtic FC,Bor. Mönchengladbach,0,2,False,2016,3,Group,A,0,-2,detailed_2005_2021,1456.646,1485.268,-28.622,0.459,20,156,0.391025641025641,1.3525641025641026,1.3846153846153846,1.4230769230769231,-0.038461538461538464,1488.2,58,51,0.37254901960784315,1.4313725490196079,1.9411764705882355,1.3529411764705883,0.5882352941176471,1514.7,-26.5,0.018476621417797878,-0.07880844645550522,-0.5565610859728509,0.07013574660633481
1237,2016-10-19,Bayern München,PSV Eindhoven,4,1,round : 3,D,Bayern Munich,PSV Eindhoven,4,1,False,2016,3,Group,H,1,3,detailed_2005_2021,1677.89,1482.982,194.908,0.754,2,388,0.595360824742268,1.9871134020618557,2.105670103092784,1.0051546391752575,1.1005154639175259,1636.0,19,171,0.3391812865497076,1.2690058479532165,1.2456140350877194,1.3099415204678362,-0.06432748538011696,1478.1,157.9000000000001,0.25617953819256045,0.7181075541086392,0.8600560680050646,-0.3047868812925787
1238,2016-10-19,FC Rostov,Atlético Madrid,0,1,round : 3,D,FK Rostov,Atlético Madrid,0,1,False,2016,3,Group,A,0,-1,detailed_2005_2021,1494.515,1632.433,-137.918,0.311,225,6,0.16666666666666666,0.8333333333333334,1.0,2.0,-1.0,1473.2,15,166,0.4759036144578313,1.6927710843373494,1.4578313253012047,0.9879518072289156,0.46987951807228917,1568.1,-94.89999999999986,-0.3092369477911646,-0.859437751004016,-0.45783132530120474,1.0120481927710845
1247,2016-11-01,FC Basel,Paris Saint-Germain,1,2,round : 4,A,FC Basel,Paris Saint-Germain,1,2,False,2016,4,Group,A,0,-1,detailed_2005_2021,1484.16,1629.373,-145.213,0.302,41,82,0.35365853658536583,1.2439024390243902,1.3780487804878048,1.8170731707317076,-0.43902439024390244,1469.3,16,151,0.5231788079470199,1.7615894039735098,1.9470198675496688,1.185430463576159,0.7615894039735099,1574.3,-105.0,-0.16952027136165404,-0.5176869649491196,-0.5689710870618641,0.6316427071555486
1248,2016-11-01,Ludogorets Razgrad,Arsenal,2,3,round : 4,A,PFC Ludogorets Razgrad,Arsenal FC,2,3,False,2016,4,Group,A,0,-1,detailed_2005_2021,1477.139,1598.13,-120.991,0.333,206,12,0.08333333333333333,0.5833333333333334,0.9166666666666666,2.4166666666666665,-1.5,1434.1,13,197,0.4720812182741117,1.6395939086294415,1.6446700507614214,1.1472081218274113,0.49746192893401014,1553.2,-119.10000000000014,-0.3887478849407784,-1.056260575296108,-0.7280033840947547,1.2694585448392552
1249,2016-11-01,Beşiktaş,Napoli,1,1,round : 4,B,Beşiktaş,SSC Napoli,1,1,False,2016,4,Group,D,0,0,detailed_2005_2021,1494.42,1534.976,-40.556,0.442,65,70,0.24285714285714285,0.9142857142857143,0.9,2.0,-1.1,1409.2,39,66,0.45454545454545453,1.621212121212121,1.7121212121212122,1.2575757575757576,0.45454545454545453,1544.7,-135.5,-0.21168831168831168,-0.7069264069264068,-0.8121212121212121,0.7424242424242424
1250,2016-11-01,SL Benfica,Dynamo Kyiv,1,0,round : 4,B,SL Benfica,Dinamo Kiev,1,0,False,2016,4,Group,H,1,1,detailed_2005_2021,1517.392,1433.719,83.674,0.618,9,266,0.43609022556390975,1.537593984962406,1.6466165413533835,1.218045112781955,0.42857142857142855,1532.9,18,186,0.34946236559139787,1.2688172043010753,1.2311827956989247,1.3494623655913978,-0.11827956989247312,1474.7,58.200000000000045,0.08662785997251188,0.2687767806613308,0.4154337456544588,-0.13141725280944283
1251,2016-11-01,Borussia M'gladbach,Celtic,1,1,round : 4,C,Bor. Mönchengladbach,Celtic FC,1,1,False,2016,4,Group,D,0,0,detailed_2005_2021,1494.446,1447.468,46.978,0.567,58,51,0.37254901960784315,1.4313725490196079,1.9411764705882355,1.3529411764705883,0.5882352941176471,1514.7,20,156,0.391025641025641,1.3525641025641026,1.3846153846153846,1.4230769230769231,-0.038461538461538464,1488.2,26.5,-0.018476621417797878,0.07880844645550522,0.5565610859728509,-0.07013574660633481
1252,2016-11-01,Manchester City,Barcelona,3,1,round : 4,C,Manchester City,FC Barcelona,3,1,False,2016,4,Group,H,1,2,detailed_2005_2021,1535.187,1731.361,-196.174,0.244,17,127,0.5669291338582677,1.905511811023622,2.118110236220472,1.1496062992125984,0.968503937007874,1604.7,3,341,0.5747800586510264,1.9501466275659824,1.9794721407624636,1.0439882697947214,0.9354838709677419,1628.8,-24.09999999999991,-0.007850924792758729,-0.044634816542360456,0.1386380954580082,0.10561802941787701
1253,2016-11-01,Atlético Madrid,FC Rostov,2,1,round : 4,D,Atlético Madrid,FK Rostov,2,1,False,2016,4,Group,H,1,1,detailed_2005_2021,1638.659,1488.288,150.371,0.704,15,166,0.4759036144578313,1.6927710843373494,1.4578313253012047,0.9879518072289156,0.46987951807228917,1568.1,225,6,0.16666666666666666,0.8333333333333334,1.0,2.0,-1.0,1473.2,94.89999999999986,0.3092369477911646,0.859437751004016,0.45783132530120474,-1.0120481927710845
1254,2016-11-01,PSV Eindhoven,Bayern München,1,2,round : 4,D,PSV Eindhoven,Bayern Munich,1,2,False,2016,4,Group,A,0,-1,detailed_2005_2021,1478.069,1682.802,-204.734,0.235,19,171,0.3391812865497076,1.2690058479532165,1.2456140350877194,1.3099415204678362,-0.06432748538011696,1478.1,2,388,0.595360824742268,1.9871134020618557,2.105670103092784,1.0051546391752575,1.1005154639175259,1636.0,-157.9000000000001,-0.25617953819256045,-0.7181075541086392,-0.8600560680050646,0.3047868812925787
1255,2016-11-02,AS Monaco,CSKA Moscow,3,0,round : 4,E,AS Monaco,CSKA Moskva,3,0,False,2016,4,Group,H,1,3,detailed_2005_2021,1516.009,1446.913,69.096,0.598,33,98,0.35714285714285715,1.2857142857142858,1.489795918367347,1.4183673469387754,0.07142857142857142,1479.4,47,86,0.26744186046511625,1.0348837209302326,1.1395348837209305,1.6395348837209305,-0.5,1433.7,45.700000000000045,0.0897009966777409,0.2508305647840532,0.35026103464641656,-0.22116753678215506
1256,2016-11-02,Tottenham,Bayer 04 Leverkusen,0,1,round : 4,E,Tottenham Hotspur,Bayer Leverkusen,0,1,False,2016,4,Group,A,0,-1,detailed_2005_2021,1514.767,1502.206,12.561,0.518,46,61,0.4426229508196721,1.540983606557377,1.819672131147541,1.4426229508196722,0.3770491803278688,1525.8,32,107,0.34579439252336447,1.2710280373831775,1.383177570093458,1.6355140186915889,-0.2523364485981308,1478.1,47.700000000000045,0.09682855829630765,0.2699555691741995,0.4364945610540829,-0.19289106787191668
1257,2016-11-02,Borussia Dortmund,Sporting CP,1,0,round : 4,F,Borussia Dortmund,Sporting CP,1,0,False,2016,4,Group,H,1,1,detailed_2005_2021,1575.664,1484.555,91.108,0.628,14,176,0.4715909090909091,1.6193181818181819,1.6875,1.2613636363636365,0.42613636363636365,1546.4,44,92,0.30434782608695654,1.076086956521739,1.358695652173913,1.7934782608695652,-0.43478260869565216,1434.1,112.30000000000018,0.16724308300395258,0.5432312252964429,0.3288043478260869,-0.5321146245059287
1258,2016-11-02,Legia Warszawa,Real Madrid,3,3,round : 4,F,Legia Warszawa,Real Madrid,3,3,False,2016,4,Group,D,0,0,detailed_2005_2021,1476.979,1708.992,-232.013,0.208,74,32,0.4375,1.46875,1.34375,1.59375,-0.25,1506.7,1,486,0.5987654320987654,1.97119341563786,2.213991769547325,1.117283950617284,1.0967078189300412,1630.0,-123.29999999999995,-0.16126543209876543,-0.5024434156378601,-0.870241769547325,0.476466049382716
1259,2016-11-02,FC København,Leicester City,0,0,round : 4,G,FC København,Leicester City,0,0,False,2016,4,Group,D,0,0,detailed_2005_2021,1481.093,1530.826,-49.733,0.429,79,44,0.25,1.0227272727272727,0.8863636363636364,1.5227272727272727,-0.6363636363636364,1445.3,130,10,0.5,1.7,1.1,1.0,0.1,1523.2,-77.90000000000009,-0.25,-0.6772727272727272,-0.21363636363636374,0.5227272727272727
1260,2016-11-02,FC Porto,Club Brugge,1,0,round : 4,G,FC Porto,Club Brugge KV,1,0,False,2016,4,Group,H,1,1,detailed_2005_2021,1575.519,1463.56,111.959,0.656,8,265,0.4528301886792453,1.5773584905660378,1.4792452830188678,1.1547169811320754,0.32452830188679244,1540.4,38,97,0.31958762886597936,1.1855670103092784,1.1855670103092784,1.4845360824742269,-0.29896907216494845,1461.2,79.20000000000005,0.13324255981326594,0.3917914802567595,0.29367827270958946,-0.3298191013421514
1261,2016-11-02,Juventus,Olympique Lyonnais,1,1,round : 4,H,Juventus,Olympique Lyon,1,1,False,2016,4,Group,D,0,0,detailed_2005_2021,1624.724,1483.329,141.395,0.693,5,297,0.5084175084175084,1.754208754208754,1.589225589225589,1.0134680134680134,0.5757575757575758,1581.5,21,136,0.4264705882352941,1.5441176470588236,1.588235294117647,1.2279411764705883,0.3602941176470588,1535.8,45.700000000000045,0.08194692018221433,0.2100911071499305,0.0009902951079421296,-0.2144731630025749
1262,2016-11-02,Sevilla,GNK Dinamo Zagreb,4,0,round : 4,H,Sevilla FC,Dinamo Zagreb,4,0,False,2016,4,Group,H,1,4,detailed_2005_2021,1518.027,1387.524,130.503,0.679,42,72,0.375,1.4027777777777777,1.4583333333333333,1.4861111111111112,-0.027777777777777776,1507.6,94,54,0.14814814814814814,0.6111111111111112,0.7777777777777778,2.1296296296296298,-1.3518518518518519,1356.2,151.39999999999986,0.22685185185185186,0.7916666666666665,0.6805555555555555,-0.6435185185185186
1271,2016-11-22,CSKA Moscow,Bayer 04 Leverkusen,1,1,round : 5,E,CSKA Moskva,Bayer Leverkusen,1,1,False,2016,5,Group,D,0,0,detailed_2005_2021,1438.876,1512.567,-73.691,0.396,47,86,0.26744186046511625,1.0348837209302326,1.1395348837209305,1.6395348837209305,-0.5,1433.7,32,107,0.34579439252336447,1.2710280373831775,1.383177570093458,1.6355140186915889,-0.2523364485981308,1478.1,-44.399999999999864,-0.07835253205824821,-0.23614431645294487,-0.24364268637252762,0.004020865029341625
1272,2016-11-22,AS Monaco,Tottenham,2,1,round : 5,E,AS Monaco,Tottenham Hotspur,2,1,False,2016,5,Group,H,1,1,detailed_2005_2021,1524.047,1504.405,19.641,0.528,33,98,0.35714285714285715,1.2857142857142858,1.489795918367347,1.4183673469387754,0.07142857142857142,1479.4,46,61,0.4426229508196721,1.540983606557377,1.819672131147541,1.4426229508196722,0.3770491803278688,1525.8,-46.399999999999864,-0.08548009367681497,-0.2552693208430912,-0.32987621278019397,-0.02425560388089676
1273,2016-11-22,Borussia Dortmund,Legia Warszawa,8,4,round : 5,F,Borussia Dortmund,Legia Warszawa,8,4,False,2016,5,Group,H,1,4,detailed_2005_2021,1583.1,1482.814,100.285,0.64,14,176,0.4715909090909091,1.6193181818181819,1.6875,1.2613636363636365,0.42613636363636365,1546.4,74,32,0.4375,1.46875,1.34375,1.59375,-0.25,1506.7,39.700000000000045,0.034090909090909116,0.15056818181818188,0.34375,-0.33238636363636354
1274,2016-11-22,Sporting CP,Real Madrid,1,2,round : 5,F,Sporting CP,Real Madrid,1,2,False,2016,5,Group,A,0,-1,detailed_2005_2021,1477.119,1703.157,-226.038,0.214,44,92,0.30434782608695654,1.076086956521739,1.358695652173913,1.7934782608695652,-0.43478260869565216,1434.1,1,486,0.5987654320987654,1.97119341563786,2.213991769547325,1.117283950617284,1.0967078189300412,1630.0,-195.9000000000001,-0.2944176060118089,-0.8951064591161211,-0.8552961173734119,0.6761943102522812
1275,2016-11-22,FC København,FC Porto,0,0,round : 5,G,FC København,FC Porto,0,0,False,2016,5,Group,D,0,0,detailed_2005_2021,1482.515,1582.403,-99.888,0.36,79,44,0.25,1.0227272727272727,0.8863636363636364,1.5227272727272727,-0.6363636363636364,1445.3,8,265,0.4528301886792453,1.5773584905660378,1.4792452830188678,1.1547169811320754,0.32452830188679244,1540.4,-95.10000000000014,-0.2028301886792453,-0.5546312178387651,-0.5928816466552315,0.36801029159519727
1276,2016-11-22,Leicester City,Club Brugge,2,1,round : 5,G,Leicester City,Club Brugge KV,2,1,False,2016,5,Group,H,1,1,detailed_2005_2021,1529.404,1456.675,72.729,0.603,130,10,0.5,1.7,1.1,1.0,0.1,1523.2,38,97,0.31958762886597936,1.1855670103092784,1.1855670103092784,1.4845360824742269,-0.29896907216494845,1461.2,62.0,0.18041237113402064,0.5144329896907216,-0.08556701030927827,-0.48453608247422686
1277,2016-11-22,GNK Dinamo Zagreb,Olympique Lyonnais,0,1,round : 5,H,Dinamo Zagreb,Olympique Lyon,0,1,False,2016,5,Group,A,0,-1,detailed_2005_2021,1381.113,1487.188,-106.075,0.352,94,54,0.14814814814814814,0.6111111111111112,0.7777777777777778,2.1296296296296298,-1.3518518518518519,1356.2,21,136,0.4264705882352941,1.5441176470588236,1.588235294117647,1.2279411764705883,0.3602941176470588,1535.8,-179.5999999999999,-0.27832244008714596,-0.9330065359477124,-0.8104575163398692,0.9016884531590414
1278,2016-11-22,Sevilla,Juventus,1,3,round : 5,H,Sevilla FC,Juventus,1,3,False,2016,5,Group,A,0,-2,detailed_2005_2021,1524.438,1620.865,-96.427,0.365,42,72,0.375,1.4027777777777777,1.4583333333333333,1.4861111111111112,-0.027777777777777776,1507.6,5,297,0.5084175084175084,1.754208754208754,1.589225589225589,1.0134680134680134,0.5757575757575758,1581.5,-73.90000000000009,-0.13341750841750843,-0.3514309764309764,-0.13089225589225584,0.47264309764309775
1263,2016-11-23,Arsenal,Paris Saint-Germain,2,2,round : 5,A,Arsenal FC,Paris Saint-Germain,2,2,False,2016,5,Group,D,0,0,detailed_2005_2021,1604.782,1635.421,-30.639,0.456,13,197,0.4720812182741117,1.6395939086294415,1.6446700507614214,1.1472081218274113,0.49746192893401014,1553.2,16,151,0.5231788079470199,1.7615894039735098,1.9470198675496688,1.185430463576159,0.7615894039735099,1574.3,-21.09999999999991,-0.05109758967290817,-0.12199549534406828,-0.30234981678824746,-0.038222341748747723
1264,2016-11-23,Ludogorets Razgrad,FC Basel,0,0,round : 5,A,PFC Ludogorets Razgrad,FC Basel,0,0,False,2016,5,Group,D,0,0,detailed_2005_2021,1470.487,1478.112,-7.625,0.489,206,12,0.08333333333333333,0.5833333333333334,0.9166666666666666,2.4166666666666665,-1.5,1434.1,41,82,0.35365853658536583,1.2439024390243902,1.3780487804878048,1.8170731707317076,-0.43902439024390244,1469.3,-35.200000000000045,-0.2703252032520325,-0.6605691056910569,-0.46138211382113814,0.5995934959349589
1265,2016-11-23,Beşiktaş,SL Benfica,3,3,round : 5,B,Beşiktaş,SL Benfica,3,3,False,2016,5,Group,D,0,0,detailed_2005_2021,1495.582,1525.03,-29.448,0.458,65,70,0.24285714285714285,0.9142857142857143,0.9,2.0,-1.1,1409.2,9,266,0.43609022556390975,1.537593984962406,1.6466165413533835,1.218045112781955,0.42857142857142855,1532.9,-123.70000000000005,-0.1932330827067669,-0.6233082706766918,-0.7466165413533835,0.7819548872180451
1266,2016-11-23,Napoli,Dynamo Kyiv,0,0,round : 5,B,SSC Napoli,Dinamo Kiev,0,0,False,2016,5,Group,D,0,0,detailed_2005_2021,1533.814,1426.082,107.732,0.65,39,66,0.45454545454545453,1.621212121212121,1.7121212121212122,1.2575757575757576,0.45454545454545453,1544.7,18,186,0.34946236559139787,1.2688172043010753,1.2311827956989247,1.3494623655913978,-0.11827956989247312,1474.7,70.0,0.10508308895405666,0.35239491691104585,0.4809384164222874,-0.09188660801564019
1267,2016-11-23,Borussia M'gladbach,Manchester City,1,1,round : 5,C,Bor. Mönchengladbach,Manchester City,1,1,False,2016,5,Group,D,0,0,detailed_2005_2021,1493.102,1550.301,-57.2,0.418,58,51,0.37254901960784315,1.4313725490196079,1.9411764705882355,1.3529411764705883,0.5882352941176471,1514.7,17,127,0.5669291338582677,1.905511811023622,2.118110236220472,1.1496062992125984,0.968503937007874,1604.7,-90.0,-0.19438011425042456,-0.47413926200401413,-0.17693376563223628,0.20333487725798993
1268,2016-11-23,Celtic,Barcelona,0,2,round : 5,C,Celtic FC,FC Barcelona,0,2,False,2016,5,Group,A,0,-2,detailed_2005_2021,1448.812,1716.247,-267.435,0.177,20,156,0.391025641025641,1.3525641025641026,1.3846153846153846,1.4230769230769231,-0.038461538461538464,1488.2,3,341,0.5747800586510264,1.9501466275659824,1.9794721407624636,1.0439882697947214,0.9354838709677419,1628.8,-140.5999999999999,-0.1837544176253854,-0.5975825250018798,-0.594856756147079,0.37908865328220176
1269,2016-11-23,FC Rostov,Bayern München,3,2,round : 5,D,FK Rostov,Bayern Munich,3,2,False,2016,5,Group,H,1,1,detailed_2005_2021,1482.365,1687.509,-205.144,0.235,225,6,0.16666666666666666,0.8333333333333334,1.0,2.0,-1.0,1473.2,2,388,0.595360824742268,1.9871134020618557,2.105670103092784,1.0051546391752575,1.1005154639175259,1636.0,-162.79999999999995,-0.4286941580756014,-1.1537800687285222,-1.105670103092784,0.9948453608247425
1270,2016-11-23,Atlético Madrid,PSV Eindhoven,2,0,round : 5,D,Atlético Madrid,PSV Eindhoven,2,0,False,2016,5,Group,H,1,2,detailed_2005_2021,1644.583,1473.362,171.22,0.728,15,166,0.4759036144578313,1.6927710843373494,1.4578313253012047,0.9879518072289156,0.46987951807228917,1568.1,19,171,0.3391812865497076,1.2690058479532165,1.2456140350877194,1.3099415204678362,-0.06432748538011696,1478.1,90.0,0.13672232790812372,0.4237652363841329,0.21221729021348534,-0.32198971323892056
1279,2017-02-14,Paris Saint-Germain,Barcelona,4,0,round : 18,,Paris Saint-Germain,FC Barcelona,4,0,False,2016,18,Knockout,H,1,4,detailed_2005_2021,1634.541,1719.779,-85.238,0.38,16,151,0.5231788079470199,1.7615894039735098,1.9470198675496688,1.185430463576159,0.7615894039735099,1574.3,3,341,0.5747800586510264,1.9501466275659824,1.9794721407624636,1.0439882697947214,0.9354838709677419,1628.8,-54.5,-0.05160125070400656,-0.18855722359247262,-0.03245227321279476,0.14144219378143763
1280,2017-02-14,SL Benfica,Borussia Dortmund,1,0,round : 18,,SL Benfica,Borussia Dortmund,1,0,False,2016,18,Knockout,H,1,1,detailed_2005_2021,1524.184,1590.291,-66.107,0.406,9,266,0.43609022556390975,1.537593984962406,1.6466165413533835,1.218045112781955,0.42857142857142855,1532.9,14,176,0.4715909090909091,1.6193181818181819,1.6875,1.2613636363636365,0.42613636363636365,1546.4,-13.5,-0.035500683526999366,-0.08172419685577581,-0.040883458646616466,-0.043318523581681534
1281,2017-02-15,Bayern München,Arsenal,5,1,round : 18,,Bayern Munich,Arsenal FC,5,1,False,2016,18,Knockout,H,1,4,detailed_2005_2021,1672.206,1605.662,66.545,0.595,2,388,0.595360824742268,1.9871134020618557,2.105670103092784,1.0051546391752575,1.1005154639175259,1636.0,13,197,0.4720812182741117,1.6395939086294415,1.6446700507614214,1.1472081218274113,0.49746192893401014,1553.2,82.79999999999995,0.12327960646815633,0.3475194934324142,0.46100005233136265,-0.14205348265215378
1282,2017-02-15,Real Madrid,Napoli,3,1,round : 18,,Real Madrid,SSC Napoli,3,1,False,2016,18,Knockout,H,1,2,detailed_2005_2021,1707.437,1530.809,176.628,0.734,1,486,0.5987654320987654,1.97119341563786,2.213991769547325,1.117283950617284,1.0967078189300412,1630.0,39,66,0.45454545454545453,1.621212121212121,1.7121212121212122,1.2575757575757576,0.45454545454545453,1544.7,85.29999999999995,0.1442199775533109,0.349981294425739,0.5018705574261129,-0.14029180695847354
1283,2017-02-21,Bayer 04 Leverkusen,Atlético Madrid,2,4,round : 18,,Bayer Leverkusen,Atlético Madrid,2,4,False,2016,18,Knockout,A,0,-2,detailed_2005_2021,1510.478,1650.018,-139.541,0.309,32,107,0.34579439252336447,1.2710280373831775,1.383177570093458,1.6355140186915889,-0.2523364485981308,1478.1,15,166,0.4759036144578313,1.6927710843373494,1.4578313253012047,0.9879518072289156,0.46987951807228917,1568.1,-90.0,-0.13010922193446683,-0.42174304695417186,-0.07465375520774664,0.6475622114626732
1284,2017-02-21,Manchester City,AS Monaco,5,3,round : 18,,Manchester City,AS Monaco,5,3,False,2016,18,Knockout,H,1,2,detailed_2005_2021,1548.67,1533.482,15.188,0.522,17,127,0.5669291338582677,1.905511811023622,2.118110236220472,1.1496062992125984,0.968503937007874,1604.7,33,98,0.35714285714285715,1.2857142857142858,1.489795918367347,1.4183673469387754,0.07142857142857142,1479.4,125.29999999999995,0.20978627671541056,0.6197975253093362,0.6283143178531247,-0.26876104772617704
1285,2017-02-22,FC Porto,Juventus,0,2,round : 18,,FC Porto,Juventus,0,2,False,2016,18,Knockout,A,0,-2,detailed_2005_2021,1579.605,1628.159,-48.554,0.431,8,265,0.4528301886792453,1.5773584905660378,1.4792452830188678,1.1547169811320754,0.32452830188679244,1540.4,5,297,0.5084175084175084,1.754208754208754,1.589225589225589,1.0134680134680134,0.5757575757575758,1581.5,-41.09999999999991,-0.05558731973826314,-0.17685026364271628,-0.10998030620672128,0.14124896766406203
1286,2017-02-22,Sevilla,Leicester City,2,1,round : 18,,Sevilla FC,Leicester City,2,1,False,2016,18,Knockout,H,1,1,detailed_2005_2021,1517.144,1537.341,-20.197,0.471,42,72,0.375,1.4027777777777777,1.4583333333333333,1.4861111111111112,-0.027777777777777776,1507.6,130,10,0.5,1.7,1.1,1.0,0.1,1523.2,-15.600000000000136,-0.125,-0.2972222222222223,0.35833333333333317,0.48611111111111116
1287,2017-03-07,Arsenal,Bayern München,1,5,round : 18,,Arsenal FC,Bayern Munich,1,5,False,2016,18,Knockout,A,0,-4,detailed_2005_2021,1597.554,1680.314,-82.76,0.383,13,197,0.4720812182741117,1.6395939086294415,1.6446700507614214,1.1472081218274113,0.49746192893401014,1553.2,2,388,0.595360824742268,1.9871134020618557,2.105670103092784,1.0051546391752575,1.1005154639175259,1636.0,-82.79999999999995,-0.12327960646815633,-0.3475194934324142,-0.46100005233136265,0.14205348265215378
1288,2017-03-07,Napoli,Real Madrid,1,3,round : 18,,SSC Napoli,Real Madrid,1,3,False,2016,18,Knockout,A,0,-2,detailed_2005_2021,1525.495,1712.75,-187.254,0.254,39,66,0.45454545454545453,1.621212121212121,1.7121212121212122,1.2575757575757576,0.45454545454545453,1544.7,1,486,0.5987654320987654,1.97119341563786,2.213991769547325,1.117283950617284,1.0967078189300412,1630.0,-85.29999999999995,-0.1442199775533109,-0.349981294425739,-0.5018705574261129,0.14029180695847354
1289,2017-03-08,Barcelona,Paris Saint-Germain,6,1,round : 18,,FC Barcelona,Paris Saint-Germain,6,1,False,2016,18,Knockout,H,1,5,detailed_2005_2021,1707.374,1646.946,60.427,0.586,3,341,0.5747800586510264,1.9501466275659824,1.9794721407624636,1.0439882697947214,0.9354838709677419,1628.8,16,151,0.5231788079470199,1.7615894039735098,1.9470198675496688,1.185430463576159,0.7615894039735099,1574.3,54.5,0.05160125070400656,0.18855722359247262,0.03245227321279476,-0.14144219378143763
1290,2017-03-08,Borussia Dortmund,SL Benfica,4,0,round : 18,,Borussia Dortmund,SL Benfica,4,0,False,2016,18,Knockout,H,1,4,detailed_2005_2021,1578.411,1536.064,42.347,0.561,14,176,0.4715909090909091,1.6193181818181819,1.6875,1.2613636363636365,0.42613636363636365,1546.4,9,266,0.43609022556390975,1.537593984962406,1.6466165413533835,1.218045112781955,0.42857142857142855,1532.9,13.5,0.035500683526999366,0.08172419685577581,0.040883458646616466,0.043318523581681534
1291,2017-03-14,Juventus,FC Porto,1,0,round : 18,,Juventus,FC Porto,1,0,False,2016,18,Knockout,H,1,1,detailed_2005_2021,1636.77,1570.993,65.777,0.594,5,297,0.5084175084175084,1.754208754208754,1.589225589225589,1.0134680134680134,0.5757575757575758,1581.5,8,265,0.4528301886792453,1.5773584905660378,1.4792452830188678,1.1547169811320754,0.32452830188679244,1540.4,41.09999999999991,0.05558731973826314,0.17685026364271628,0.10998030620672128,-0.14124896766406203
1292,2017-03-14,Leicester City,Sevilla,2,0,round : 18,,Leicester City,Sevilla FC,2,0,False,2016,18,Knockout,H,1,2,detailed_2005_2021,1526.76,1527.725,-0.965,0.499,130,10,0.5,1.7,1.1,1.0,0.1,1523.2,42,72,0.375,1.4027777777777777,1.4583333333333333,1.4861111111111112,-0.027777777777777776,1507.6,15.600000000000136,0.125,0.2972222222222223,-0.35833333333333317,-0.48611111111111116
1293,2017-03-15,AS Monaco,Manchester City,3,1,round : 18,,AS Monaco,Manchester City,3,1,False,2016,18,Knockout,H,1,2,detailed_2005_2021,1523.919,1558.233,-34.314,0.451,33,98,0.35714285714285715,1.2857142857142858,1.489795918367347,1.4183673469387754,0.07142857142857142,1479.4,17,127,0.5669291338582677,1.905511811023622,2.118110236220472,1.1496062992125984,0.968503937007874,1604.7,-125.29999999999995,-0.20978627671541056,-0.6197975253093362,-0.6283143178531247,0.26876104772617704
1294,2017-03-15,Atlético Madrid,Bayer 04 Leverkusen,0,0,round : 18,,Atlético Madrid,Bayer Leverkusen,0,0,False,2016,18,Knockout,D,0,0,detailed_2005_2021,1656.205,1504.291,151.914,0.706,15,166,0.4759036144578313,1.6927710843373494,1.4578313253012047,0.9879518072289156,0.46987951807228917,1568.1,32,107,0.34579439252336447,1.2710280373831775,1.383177570093458,1.6355140186915889,-0.2523364485981308,1478.1,90.0,0.13010922193446683,0.42174304695417186,0.07465375520774664,-0.6475622114626732
1295,2017-04-11,Juventus,Barcelona,3,0,round : quarterfinals,,Juventus,FC Barcelona,3,0,False,2016,quarterfinals,Knockout,H,1,3,detailed_2005_2021,1644.899,1715.652,-70.753,0.4,5,297,0.5084175084175084,1.754208754208754,1.589225589225589,1.0134680134680134,0.5757575757575758,1581.5,3,341,0.5747800586510264,1.9501466275659824,1.9794721407624636,1.0439882697947214,0.9354838709677419,1628.8,-47.299999999999955,-0.066362550233518,-0.19593787335722834,-0.3902465515368745,-0.030520256326707962
1296,2017-04-12,Borussia Dortmund,AS Monaco,2,3,round : quarterfinals,,Borussia Dortmund,AS Monaco,2,3,False,2016,quarterfinals,Knockout,A,0,-1,detailed_2005_2021,1587.198,1534.903,52.295,0.575,14,176,0.4715909090909091,1.6193181818181819,1.6875,1.2613636363636365,0.42613636363636365,1546.4,33,98,0.35714285714285715,1.2857142857142858,1.489795918367347,1.4183673469387754,0.07142857142857142,1479.4,67.0,0.11444805194805197,0.33360389610389607,0.19770408163265296,-0.15700371057513896
1297,2017-04-12,Atlético Madrid,Leicester City,1,0,round : quarterfinals,,Atlético Madrid,Leicester City,1,0,False,2016,quarterfinals,Knockout,H,1,1,detailed_2005_2021,1652.091,1536.788,115.303,0.66,15,166,0.4759036144578313,1.6927710843373494,1.4578313253012047,0.9879518072289156,0.46987951807228917,1568.1,130,10,0.5,1.7,1.1,1.0,0.1,1523.2,44.899999999999864,-0.024096385542168697,-0.0072289156626506035,0.35783132530120465,-0.012048192771084376
1298,2017-04-12,Bayern München,Real Madrid,1,2,round : quarterfinals,,Bayern Munich,Real Madrid,1,2,False,2016,quarterfinals,Knockout,A,0,-1,detailed_2005_2021,1687.976,1717.828,-29.851,0.457,2,388,0.595360824742268,1.9871134020618557,2.105670103092784,1.0051546391752575,1.1005154639175259,1636.0,1,486,0.5987654320987654,1.97119341563786,2.213991769547325,1.117283950617284,1.0967078189300412,1630.0,6.0,-0.003404607356497391,0.015919986423995613,-0.108321666454541,-0.11212931144202654
1299,2017-04-18,Leicester City,Atlético Madrid,1,1,round : quarterfinals,,Leicester City,Atlético Madrid,1,1,False,2016,quarterfinals,Knockout,D,0,0,detailed_2005_2021,1529.99,1658.889,-128.899,0.323,130,10,0.5,1.7,1.1,1.0,0.1,1523.2,15,166,0.4759036144578313,1.6927710843373494,1.4578313253012047,0.9879518072289156,0.46987951807228917,1568.1,-44.899999999999864,0.024096385542168697,0.0072289156626506035,-0.35783132530120465,0.012048192771084376
1300,2017-04-18,Real Madrid,Bayern München,1(3),2(0),round : quarterfinals,,Real Madrid,Bayern Munich,1,2,True,2016,quarterfinals,Knockout,A,0,-1,detailed_2005_2021,1726.971,1678.833,48.137,0.569,1,486,0.5987654320987654,1.97119341563786,2.213991769547325,1.117283950617284,1.0967078189300412,1630.0,2,388,0.595360824742268,1.9871134020618557,2.105670103092784,1.0051546391752575,1.1005154639175259,1636.0,-6.0,0.003404607356497391,-0.015919986423995613,0.108321666454541,0.11212931144202654
1301,2017-04-19,AS Monaco,Borussia Dortmund,3,1,round : quarterfinals,,AS Monaco,Borussia Dortmund,3,1,False,2016,quarterfinals,Knockout,H,1,2,detailed_2005_2021,1546.397,1575.704,-29.307,0.458,33,98,0.35714285714285715,1.2857142857142858,1.489795918367347,1.4183673469387754,0.07142857142857142,1479.4,14,176,0.4715909090909091,1.6193181818181819,1.6875,1.2613636363636365,0.42613636363636365,1546.4,-67.0,-0.11444805194805197,-0.33360389610389607,-0.19770408163265296,0.15700371057513896
1302,2017-04-19,Barcelona,Juventus,0,0,round : quarterfinals,,FC Barcelona,Juventus,0,0,False,2016,quarterfinals,Knockout,D,0,0,detailed_2005_2021,1703.643,1656.908,46.735,0.567,3,341,0.5747800586510264,1.9501466275659824,1.9794721407624636,1.0439882697947214,0.9354838709677419,1628.8,5,297,0.5084175084175084,1.754208754208754,1.589225589225589,1.0134680134680134,0.5757575757575758,1581.5,47.299999999999955,0.066362550233518,0.19593787335722834,0.3902465515368745,0.030520256326707962
1303,2017-05-02,Real Madrid,Atlético Madrid,3,0,round : semifinals,,Real Madrid,Atlético Madrid,3,0,False,2016,semifinals,Knockout,H,1,3,detailed_2005_2021,1715.594,1655.341,60.253,0.586,1,486,0.5987654320987654,1.97119341563786,2.213991769547325,1.117283950617284,1.0967078189300412,1630.0,15,166,0.4759036144578313,1.6927710843373494,1.4578313253012047,0.9879518072289156,0.46987951807228917,1568.1,61.90000000000009,0.12286181764093412,0.27842233130051075,0.7561604442461203,0.1293321433883684
1304,2017-05-03,AS Monaco,Juventus,0,2,round : semifinals,,AS Monaco,Juventus,0,2,False,2016,semifinals,Knockout,A,0,-2,detailed_2005_2021,1557.239,1658.245,-101.006,0.359,33,98,0.35714285714285715,1.2857142857142858,1.489795918367347,1.4183673469387754,0.07142857142857142,1479.4,5,297,0.5084175084175084,1.754208754208754,1.589225589225589,1.0134680134680134,0.5757575757575758,1581.5,-102.09999999999991,-0.15127465127465128,-0.4684944684944683,-0.09942967085824206,0.404899333470762
1305,2017-05-09,Juventus,AS Monaco,2,1,round : semifinals,,Juventus,AS Monaco,2,1,False,2016,semifinals,Knockout,H,1,1,detailed_2005_2021,1665.417,1550.067,115.351,0.66,5,297,0.5084175084175084,1.754208754208754,1.589225589225589,1.0134680134680134,0.5757575757575758,1581.5,33,98,0.35714285714285715,1.2857142857142858,1.489795918367347,1.4183673469387754,0.07142857142857142,1479.4,102.09999999999991,0.15127465127465128,0.4684944684944683,0.09942967085824206,-0.404899333470762
1306,2017-05-10,Atlético Madrid,Real Madrid,2,1,round : semifinals,,Atlético Madrid,Real Madrid,2,1,False,2016,semifinals,Knockout,H,1,1,detailed_2005_2021,1647.058,1723.877,-76.819,0.391,15,166,0.4759036144578313,1.6927710843373494,1.4578313253012047,0.9879518072289156,0.46987951807228917,1568.1,1,486,0.5987654320987654,1.97119341563786,2.213991769547325,1.117283950617284,1.0967078189300412,1630.0,-61.90000000000009,-0.12286181764093412,-0.27842233130051075,-0.7561604442461203,-0.1293321433883684
1307,2017-06-03,Juventus,Real Madrid,1,4,round : final,,Juventus,Real Madrid,1,4,False,2016,final,Knockout,A,0,-3,detailed_2005_2021,1672.214,1711.701,-39.487,0.443,5,297,0.5084175084175084,1.754208754208754,1.589225589225589,1.0134680134680134,0.5757575757575758,1581.5,1,486,0.5987654320987654,1.97119341563786,2.213991769547325,1.117283950617284,1.0967078189300412,1630.0,-48.5,-0.09034792368125699,-0.216984661429106,-0.6247661803217359,-0.10381593714927062
1308,2017-09-12,Manchester United,FC Basel,3,0,round : 1,A,Manchester United,FC Basel,3,0,False,2017,1,Group,H,1,3,detailed_2005_2021,1641.56,1477.893,163.667,0.72,4,289,0.5294117647058824,1.8269896193771626,1.813148788927336,1.038062283737024,0.7750865051903114,1599.3,41,82,0.35365853658536583,1.2439024390243902,1.3780487804878048,1.8170731707317076,-0.43902439024390244,1469.3,130.0,0.17575322812051652,0.5830871803527724,0.43510000843953134,-0.7790108869946837
1309,2017-09-12,SL Benfica,CSKA Moscow,1,2,round : 1,A,SL Benfica,CSKA Moskva,1,2,False,2017,1,Group,A,0,-1,detailed_2005_2021,1527.277,1440.966,86.311,0.622,9,266,0.43609022556390975,1.537593984962406,1.6466165413533835,1.218045112781955,0.42857142857142855,1532.9,47,86,0.26744186046511625,1.0348837209302326,1.1395348837209305,1.6395348837209305,-0.5,1433.7,99.20000000000005,0.1686483650987935,0.5027102640321734,0.507081657632453,-0.42148977093897555
1310,2017-09-12,Bayern München,RSC Anderlecht,3,0,round : 1,B,Bayern Munich,RSC Anderlecht,3,0,False,2017,1,Group,H,1,3,detailed_2005_2021,1690.21,1414.885,275.325,0.83,2,388,0.595360824742268,1.9871134020618557,2.105670103092784,1.0051546391752575,1.1005154639175259,1636.0,22,163,0.32515337423312884,1.1901840490797546,1.3312883435582823,1.7239263803680982,-0.39263803680981596,1458.0,178.0,0.2702074505091392,0.7969293529821011,0.7743817595345017,-0.7187717411928407
1311,2017-09-12,Celtic,Paris Saint-Germain,0,5,round : 1,B,Celtic FC,Paris Saint-Germain,0,5,False,2017,1,Group,A,0,-5,detailed_2005_2021,1445.279,1638.668,-193.389,0.247,20,156,0.391025641025641,1.3525641025641026,1.3846153846153846,1.4230769230769231,-0.038461538461538464,1488.2,16,151,0.5231788079470199,1.7615894039735098,1.9470198675496688,1.185430463576159,0.7615894039735099,1574.3,-86.09999999999991,-0.13215316692137885,-0.4090253014094072,-0.5624044829342842,0.23764645950076413
1312,2017-09-12,Chelsea,Qarabağ Ağdam FK,6,0,round : 1,C,Chelsea FC,Qarabağ FK,6,0,False,2017,1,Group,H,1,6,detailed_2005_2021,1599.943,1500.0,99.943,0.64,10,197,0.5126903553299492,1.8020304568527918,1.7106598984771573,0.934010152284264,0.7766497461928934,1593.5,278,6,0.0,0.3333333333333333,0.3333333333333333,2.333333333333333,-2.0,1446.1,147.4000000000001,0.5126903553299492,1.4686971235194586,1.377326565143824,-1.399323181049069
1313,2017-09-12,Roma,Atlético Madrid,0,0,round : 1,C,AS Roma,Atlético Madrid,0,0,False,2017,1,Group,D,0,0,detailed_2005_2021,1507.902,1659.233,-151.331,0.295,28,109,0.3761467889908257,1.3669724770642202,1.3669724770642202,1.4587155963302751,-0.09174311926605505,1497.3,15,166,0.4759036144578313,1.6927710843373494,1.4578313253012047,0.9879518072289156,0.46987951807228917,1568.1,-70.79999999999995,-0.0997568254670056,-0.32579860727312915,-0.09085884823698454,0.4707637891013595
1314,2017-09-12,Barcelona,Juventus,3,0,round : 1,D,FC Barcelona,Juventus,3,0,False,2017,1,Group,H,1,3,detailed_2005_2021,1702.306,1663.346,38.961,0.556,3,341,0.5747800586510264,1.9501466275659824,1.9794721407624636,1.0439882697947214,0.9354838709677419,1628.8,5,297,0.5084175084175084,1.754208754208754,1.589225589225589,1.0134680134680134,0.5757575757575758,1581.5,47.299999999999955,0.066362550233518,0.19593787335722834,0.3902465515368745,0.030520256326707962
1315,2017-09-12,Olympiacos,Sporting CP,2,3,round : 1,D,Olympiakos Piraeus,Sporting CP,2,3,False,2017,1,Group,A,0,-1,detailed_2005_2021,1490.273,1472.84,17.433,0.525,25,156,0.30128205128205127,1.0833333333333333,1.1282051282051282,1.698717948717949,-0.5705128205128205,1432.0,44,92,0.30434782608695654,1.076086956521739,1.358695652173913,1.7934782608695652,-0.43478260869565216,1434.1,-2.099999999999909,-0.0030657748049052747,0.007246376811594235,-0.2304905239687849,-0.09476031215161629
1316,2017-09-13,Liverpool,Sevilla,2,2,round : 1,E,Liverpool FC,Sevilla FC,2,2,False,2017,1,Group,D,0,0,detailed_2005_2021,1567.035,1517.697,49.338,0.571,7,230,0.5565217391304348,1.8782608695652174,1.891304347826087,0.9608695652173912,0.9304347826086956,1606.0,42,72,0.375,1.4027777777777777,1.4583333333333333,1.4861111111111112,-0.027777777777777776,1507.6,98.40000000000009,0.1815217391304348,0.47548309178743975,0.43297101449275366,-0.52524154589372
1317,2017-09-13,NK Maribor,Spartak Moscow,1,1,round : 1,E,NK Maribor,Spartak Moskva,1,1,False,2017,1,Group,D,0,0,detailed_2005_2021,1485.941,1455.532,30.409,0.544,170,18,0.05555555555555555,0.5555555555555556,0.5,2.2777777777777777,-1.7777777777777777,1416.1,34,104,0.3269230769230769,1.2019230769230769,1.4038461538461535,1.625,-0.22115384615384615,1463.4,-47.30000000000018,-0.2713675213675214,-0.6463675213675213,-0.9038461538461535,0.6527777777777777
1318,2017-09-13,Feyenoord,Manchester City,0,4,round : 1,F,Feyenoord,Manchester City,0,4,False,2017,1,Group,A,0,-4,detailed_2005_2021,1500.0,1547.249,-47.249,0.432,36,85,0.3764705882352941,1.388235294117647,1.6588235294117648,1.3294117647058823,0.32941176470588235,1503.3,17,127,0.5669291338582677,1.905511811023622,2.118110236220472,1.1496062992125984,0.968503937007874,1604.7,-101.40000000000009,-0.1904585456229736,-0.517276516905975,-0.459286706808707,0.1798054654932839
1319,2017-09-13,Shakhtar Donetsk,Napoli,2,1,round : 1,F,Shakhtar Donetsk,SSC Napoli,2,1,False,2017,1,Group,H,1,1,detailed_2005_2021,1504.123,1520.417,-16.294,0.477,31,118,0.3305084745762712,1.2118644067796611,1.3644067796610169,1.7627118644067796,-0.3983050847457627,1464.6,39,66,0.45454545454545453,1.621212121212121,1.7121212121212122,1.2575757575757576,0.45454545454545453,1544.7,-80.10000000000014,-0.12403697996918334,-0.40934771443246,-0.3477144324601953,0.5051361068310221
1320,2017-09-13,FC Porto,Beşiktaş,1,3,round : 1,G,FC Porto,Beşiktaş,1,3,False,2017,1,Group,A,0,-2,detailed_2005_2021,1562.864,1496.427,66.437,0.594,8,265,0.4528301886792453,1.5773584905660378,1.4792452830188678,1.1547169811320754,0.32452830188679244,1540.4,65,70,0.24285714285714285,0.9142857142857143,0.9,2.0,-1.1,1409.2,131.20000000000005,0.20997304582210244,0.6630727762803236,0.5792452830188678,-0.8452830188679246
1321,2017-09-13,RB Leipzig,AS Monaco,1,1,round : 1,G,RB Leipzig,AS Monaco,1,1,False,2017,1,Group,D,0,0,detailed_2005_2021,1500.0,1543.27,-43.27,0.438,60,46,0.4782608695652174,1.565217391304348,1.7608695652173914,1.8043478260869563,-0.043478260869565216,1521.1,33,98,0.35714285714285715,1.2857142857142858,1.489795918367347,1.4183673469387754,0.07142857142857142,1479.4,41.69999999999982,0.12111801242236025,0.2795031055900621,0.2710736468500443,0.3859804791481809
1322,2017-09-13,Real Madrid,APOEL Nicosia,3,0,round : 1,H,Real Madrid,APOEL Nikosia,3,0,False,2017,1,Group,H,1,3,detailed_2005_2021,1720.57,1466.088,254.481,0.812,1,486,0.5987654320987654,1.97119341563786,2.213991769547325,1.117283950617284,1.0967078189300412,1630.0,103,40,0.125,0.65,0.675,2.05,-1.375,1386.1,243.9000000000001,0.4737654320987654,1.3211934156378602,1.538991769547325,-0.9327160493827158
1323,2017-09-13,Tottenham,Borussia Dortmund,3,1,round : 1,H,Tottenham Hotspur,Borussia Dortmund,3,1,False,2017,1,Group,H,1,2,detailed_2005_2021,1494.97,1564.863,-69.893,0.401,46,61,0.4426229508196721,1.540983606557377,1.819672131147541,1.4426229508196722,0.3770491803278688,1525.8,14,176,0.4715909090909091,1.6193181818181819,1.6875,1.2613636363636365,0.42613636363636365,1546.4,-20.600000000000136,-0.028967958271236993,-0.0783345752608049,0.132172131147541,0.18125931445603571
1332,2017-09-26,Sevilla,NK Maribor,3,0,round : 2,E,Sevilla FC,NK Maribor,3,0,False,2017,2,Group,H,1,3,detailed_2005_2021,1519.108,1485.068,34.04,0.549,42,72,0.375,1.4027777777777777,1.4583333333333333,1.4861111111111112,-0.027777777777777776,1507.6,170,18,0.05555555555555555,0.5555555555555556,0.5,2.2777777777777777,-1.7777777777777777,1416.1,91.5,0.3194444444444444,0.8472222222222221,0.9583333333333333,-0.7916666666666665
1333,2017-09-26,Spartak Moscow,Liverpool,1,1,round : 2,E,Spartak Moskva,Liverpool FC,1,1,False,2017,2,Group,D,0,0,detailed_2005_2021,1456.405,1565.624,-109.219,0.348,34,104,0.3269230769230769,1.2019230769230769,1.4038461538461535,1.625,-0.22115384615384615,1463.4,7,230,0.5565217391304348,1.8782608695652174,1.891304347826087,0.9608695652173912,0.9304347826086956,1606.0,-142.5999999999999,-0.22959866220735786,-0.6763377926421406,-0.4874581939799334,0.6641304347826088
1334,2017-09-26,Manchester City,Shakhtar Donetsk,2,0,round : 2,F,Manchester City,Shakhtar Donetsk,2,0,False,2017,2,Group,H,1,2,detailed_2005_2021,1555.897,1514.592,41.305,0.559,17,127,0.5669291338582677,1.905511811023622,2.118110236220472,1.1496062992125984,0.968503937007874,1604.7,31,118,0.3305084745762712,1.2118644067796611,1.3644067796610169,1.7627118644067796,-0.3983050847457627,1464.6,140.10000000000014,0.23642065928199651,0.6936474042439609,0.7537034565594549,-0.6131055651941812
1335,2017-09-26,Napoli,Feyenoord,3,1,round : 2,F,SSC Napoli,Feyenoord,3,1,False,2017,2,Group,H,1,2,detailed_2005_2021,1509.949,1491.352,18.597,0.527,39,66,0.45454545454545453,1.621212121212121,1.7121212121212122,1.2575757575757576,0.45454545454545453,1544.7,36,85,0.3764705882352941,1.388235294117647,1.6588235294117648,1.3294117647058823,0.32941176470588235,1503.3,41.40000000000009,0.07807486631016042,0.2329768270944741,0.05329768270944735,-0.07183600713012472
1336,2017-09-26,AS Monaco,FC Porto,0,3,round : 2,G,AS Monaco,FC Porto,0,3,False,2017,2,Group,A,0,-3,detailed_2005_2021,1542.031,1550.975,-8.944,0.487,33,98,0.35714285714285715,1.2857142857142858,1.489795918367347,1.4183673469387754,0.07142857142857142,1479.4,8,265,0.4528301886792453,1.5773584905660378,1.4792452830188678,1.1547169811320754,0.32452830188679244,1540.4,-61.0,-0.09568733153638814,-0.291644204851752,0.01055063534847922,0.2636503658067
1337,2017-09-26,Beşiktaş,RB Leipzig,2,0,round : 2,G,Beşiktaş,RB Leipzig,2,0,False,2017,2,Group,H,1,2,detailed_2005_2021,1508.317,1501.239,7.078,0.51,65,70,0.24285714285714285,0.9142857142857143,0.9,2.0,-1.1,1409.2,60,46,0.4782608695652174,1.565217391304348,1.7608695652173914,1.8043478260869563,-0.043478260869565216,1521.1,-111.89999999999986,-0.23540372670807455,-0.6509316770186336,-0.8608695652173913,0.19565217391304368
1338,2017-09-26,APOEL Nicosia,Tottenham,0,3,round : 2,H,APOEL Nikosia,Tottenham Hotspur,0,3,False,2017,2,Group,A,0,-3,detailed_2005_2021,1462.334,1506.955,-44.621,0.436,103,40,0.125,0.65,0.675,2.05,-1.375,1386.1,46,61,0.4426229508196721,1.540983606557377,1.819672131147541,1.4426229508196722,0.3770491803278688,1525.8,-139.70000000000005,-0.3176229508196721,-0.890983606557377,-1.144672131147541,0.6073770491803276
1339,2017-09-26,Borussia Dortmund,Real Madrid,1,3,round : 2,H,Borussia Dortmund,Real Madrid,1,3,False,2017,2,Group,A,0,-2,detailed_2005_2021,1552.878,1724.324,-171.446,0.272,14,176,0.4715909090909091,1.6193181818181819,1.6875,1.2613636363636365,0.42613636363636365,1546.4,1,486,0.5987654320987654,1.97119341563786,2.213991769547325,1.117283950617284,1.0967078189300412,1630.0,-83.59999999999991,-0.1271745230078563,-0.3518752338196782,-0.526491769547325,0.14407968574635244
1324,2017-09-27,CSKA Moscow,Manchester United,1,4,round : 2,A,CSKA Moskva,Manchester United,1,4,False,2017,2,Group,A,0,-3,detailed_2005_2021,1453.4,1647.169,-193.769,0.247,47,86,0.26744186046511625,1.0348837209302326,1.1395348837209305,1.6395348837209305,-0.5,1433.7,4,289,0.5294117647058824,1.8269896193771626,1.813148788927336,1.038062283737024,0.7750865051903114,1599.3,-165.5999999999999,-0.2619699042407661,-0.79210589844693,-0.6736139052064056,0.6014725999839066
1325,2017-09-27,FC Basel,SL Benfica,5,0,round : 2,A,FC Basel,SL Benfica,5,0,False,2017,2,Group,H,1,5,detailed_2005_2021,1472.283,1514.843,-42.559,0.439,41,82,0.35365853658536583,1.2439024390243902,1.3780487804878048,1.8170731707317076,-0.43902439024390244,1469.3,9,266,0.43609022556390975,1.537593984962406,1.6466165413533835,1.218045112781955,0.42857142857142855,1532.9,-63.600000000000136,-0.08243168897854392,-0.29369154593801583,-0.26856776086557876,0.5990280579497527
1326,2017-09-27,Paris Saint-Germain,Bayern München,3,0,round : 2,B,Paris Saint-Germain,Bayern Munich,3,0,False,2017,2,Group,H,1,3,detailed_2005_2021,1643.614,1693.612,-49.998,0.429,16,151,0.5231788079470199,1.7615894039735098,1.9470198675496688,1.185430463576159,0.7615894039735099,1574.3,2,388,0.595360824742268,1.9871134020618557,2.105670103092784,1.0051546391752575,1.1005154639175259,1636.0,-61.700000000000045,-0.07218201679524816,-0.2255239980883459,-0.1586502355431152,0.1802758244009015
1327,2017-09-27,RSC Anderlecht,Celtic,0,3,round : 2,B,RSC Anderlecht,Celtic FC,0,3,False,2017,2,Group,A,0,-3,detailed_2005_2021,1411.483,1440.334,-28.851,0.459,22,163,0.32515337423312884,1.1901840490797546,1.3312883435582823,1.7239263803680982,-0.39263803680981596,1458.0,20,156,0.391025641025641,1.3525641025641026,1.3846153846153846,1.4230769230769231,-0.038461538461538464,1488.2,-30.200000000000045,-0.06587226679251218,-0.16238005348434803,-0.05332704105710229,0.30084945729117507
1328,2017-09-27,Qarabağ Ağdam FK,Roma,1,2,round : 2,C,Qarabağ FK,AS Roma,1,2,False,2017,2,Group,A,0,-1,detailed_2005_2021,1492.8,1512.002,-19.202,0.472,278,6,0.0,0.3333333333333333,0.3333333333333333,2.333333333333333,-2.0,1446.1,28,109,0.3761467889908257,1.3669724770642202,1.3669724770642202,1.4587155963302751,-0.09174311926605505,1497.3,-51.200000000000045,-0.3761467889908257,-1.033639143730887,-1.033639143730887,0.8746177370030579
1329,2017-09-27,Atlético Madrid,Chelsea,1,2,round : 2,C,Atlético Madrid,Chelsea FC,1,2,False,2017,2,Group,A,0,-1,detailed_2005_2021,1655.134,1607.144,47.99,0.569,15,166,0.4759036144578313,1.6927710843373494,1.4578313253012047,0.9879518072289156,0.46987951807228917,1568.1,10,197,0.5126903553299492,1.8020304568527918,1.7106598984771573,0.934010152284264,0.7766497461928934,1593.5,-25.40000000000009,-0.03678674087211792,-0.10925937251544249,-0.25282857317595253,0.05394165494465164
1330,2017-09-27,Juventus,Olympiacos,2,0,round : 2,D,Juventus,Olympiakos Piraeus,2,0,False,2017,2,Group,H,1,2,detailed_2005_2021,1654.462,1479.771,174.691,0.732,5,297,0.5084175084175084,1.754208754208754,1.589225589225589,1.0134680134680134,0.5757575757575758,1581.5,25,156,0.30128205128205127,1.0833333333333333,1.1282051282051282,1.698717948717949,-0.5705128205128205,1432.0,149.5,0.20713545713545717,0.6708754208754208,0.4610204610204609,-0.6852499352499355
1331,2017-09-27,Sporting CP,Barcelona,0,1,round : 2,D,Sporting CP,FC Barcelona,0,1,False,2017,2,Group,A,0,-1,detailed_2005_2021,1483.341,1711.189,-227.848,0.212,44,92,0.30434782608695654,1.076086956521739,1.358695652173913,1.7934782608695652,-0.43478260869565216,1434.1,3,341,0.5747800586510264,1.9501466275659824,1.9794721407624636,1.0439882697947214,0.9354838709677419,1628.8,-194.70000000000005,-0.2704322325640699,-0.8740596710442434,-0.6207764885885505,0.7494899910748438
1348,2017-10-17,NK Maribor,Liverpool,0,7,round : 3,E,NK Maribor,Liverpool FC,0,7,False,2017,3,Group,A,0,-7,detailed_2005_2021,1476.045,1562.58,-86.536,0.378,170,18,0.05555555555555555,0.5555555555555556,0.5,2.2777777777777777,-1.7777777777777777,1416.1,7,230,0.5565217391304348,1.8782608695652174,1.891304347826087,0.9608695652173912,0.9304347826086956,1606.0,-189.9000000000001,-0.5009661835748792,-1.3227053140096618,-1.391304347826087,1.3169082125603864
1349,2017-10-17,Spartak Moscow,Sevilla,5,1,round : 3,E,Spartak Moskva,Sevilla FC,5,1,False,2017,3,Group,H,1,4,detailed_2005_2021,1459.449,1528.131,-68.682,0.402,34,104,0.3269230769230769,1.2019230769230769,1.4038461538461535,1.625,-0.22115384615384615,1463.4,42,72,0.375,1.4027777777777777,1.4583333333333333,1.4861111111111112,-0.027777777777777776,1507.6,-44.19999999999982,-0.04807692307692307,-0.2008547008547008,-0.05448717948717974,0.13888888888888884
1350,2017-10-17,Feyenoord,Shakhtar Donetsk,1,2,round : 3,F,Feyenoord,Shakhtar Donetsk,1,2,False,2017,3,Group,A,0,-1,detailed_2005_2021,1481.886,1505.775,-23.889,0.466,36,85,0.3764705882352941,1.388235294117647,1.6588235294117648,1.3294117647058823,0.32941176470588235,1503.3,31,118,0.3305084745762712,1.2118644067796611,1.3644067796610169,1.7627118644067796,-0.3983050847457627,1464.6,38.700000000000045,0.04596211365902292,0.1763708873379859,0.29441674975074794,-0.43330009970089733
1351,2017-10-17,Manchester City,Napoli,2,1,round : 3,F,Manchester City,SSC Napoli,2,1,False,2017,3,Group,H,1,1,detailed_2005_2021,1564.714,1519.414,45.3,0.565,17,127,0.5669291338582677,1.905511811023622,2.118110236220472,1.1496062992125984,0.968503937007874,1604.7,39,66,0.45454545454545453,1.621212121212121,1.7121212121212122,1.2575757575757576,0.45454545454545453,1544.7,60.0,0.11238367931281318,0.2842996898115009,0.40598902409925963,-0.10796945836315919
1352,2017-10-17,AS Monaco,Beşiktaş,1,2,round : 3,G,AS Monaco,Beşiktaş,1,2,False,2017,3,Group,A,0,-1,detailed_2005_2021,1532.288,1518.113,14.175,0.52,33,98,0.35714285714285715,1.2857142857142858,1.489795918367347,1.4183673469387754,0.07142857142857142,1479.4,65,70,0.24285714285714285,0.9142857142857143,0.9,2.0,-1.1,1409.2,70.20000000000005,0.1142857142857143,0.37142857142857155,0.589795918367347,-0.5816326530612246
1353,2017-10-17,RB Leipzig,FC Porto,3,2,round : 3,G,RB Leipzig,FC Porto,3,2,False,2017,3,Group,H,1,1,detailed_2005_2021,1491.443,1560.718,-69.275,0.402,60,46,0.4782608695652174,1.565217391304348,1.7608695652173914,1.8043478260869563,-0.043478260869565216,1521.1,8,265,0.4528301886792453,1.5773584905660378,1.4792452830188678,1.1547169811320754,0.32452830188679244,1540.4,-19.300000000000182,0.025430680885972112,-0.012141099261689936,0.28162428219852353,0.6496308449548809
1354,2017-10-17,APOEL Nicosia,Borussia Dortmund,1,1,round : 3,H,APOEL Nikosia,Borussia Dortmund,1,1,False,2017,3,Group,D,0,0,detailed_2005_2021,1453.611,1547.447,-93.836,0.368,103,40,0.125,0.65,0.675,2.05,-1.375,1386.1,14,176,0.4715909090909091,1.6193181818181819,1.6875,1.2613636363636365,0.42613636363636365,1546.4,-160.30000000000018,-0.3465909090909091,-0.9693181818181819,-1.0125,0.7886363636363634
1355,2017-10-17,Real Madrid,Tottenham,1,1,round : 3,H,Real Madrid,Tottenham Hotspur,1,1,False,2017,3,Group,D,0,0,detailed_2005_2021,1729.754,1515.678,214.077,0.774,1,486,0.5987654320987654,1.97119341563786,2.213991769547325,1.117283950617284,1.0967078189300412,1630.0,46,61,0.4426229508196721,1.540983606557377,1.819672131147541,1.4426229508196722,0.3770491803278688,1525.8,104.20000000000005,0.1561424812790933,0.4302098090804831,0.394319638399784,-0.32533900020238815
1340,2017-10-18,CSKA Moscow,FC Basel,0,2,round : 3,A,CSKA Moskva,FC Basel,0,2,False,2017,3,Group,A,0,-2,detailed_2005_2021,1448.463,1483.502,-35.039,0.45,47,86,0.26744186046511625,1.0348837209302326,1.1395348837209305,1.6395348837209305,-0.5,1433.7,41,82,0.35365853658536583,1.2439024390243902,1.3780487804878048,1.8170731707317076,-0.43902439024390244,1469.3,-35.59999999999991,-0.08621667612024958,-0.20901871809415762,-0.2385138967668743,-0.17753828701077712
1341,2017-10-18,SL Benfica,Manchester United,0,1,round : 3,A,SL Benfica,Manchester United,0,1,False,2017,3,Group,A,0,-1,detailed_2005_2021,1503.624,1652.106,-148.483,0.298,9,266,0.43609022556390975,1.537593984962406,1.6466165413533835,1.218045112781955,0.42857142857142855,1532.9,4,289,0.5294117647058824,1.8269896193771626,1.813148788927336,1.038062283737024,0.7750865051903114,1599.3,-66.39999999999986,-0.09332153914197261,-0.2893956344147566,-0.16653224757395257,0.17998282904493101
1342,2017-10-18,Bayern München,Celtic,3,0,round : 3,B,Bayern Munich,Celtic FC,3,0,False,2017,3,Group,H,1,3,detailed_2005_2021,1682.183,1449.506,232.677,0.792,2,388,0.595360824742268,1.9871134020618557,2.105670103092784,1.0051546391752575,1.1005154639175259,1636.0,20,156,0.391025641025641,1.3525641025641026,1.3846153846153846,1.4230769230769231,-0.038461538461538464,1488.2,147.79999999999995,0.204335183716627,0.6345492994977531,0.7210547184773994,-0.41792228390166564
1343,2017-10-18,RSC Anderlecht,Paris Saint-Germain,0,4,round : 3,B,RSC Anderlecht,Paris Saint-Germain,0,4,False,2017,3,Group,A,0,-4,detailed_2005_2021,1402.312,1655.043,-252.731,0.189,22,163,0.32515337423312884,1.1901840490797546,1.3312883435582823,1.7239263803680982,-0.39263803680981596,1458.0,16,151,0.5231788079470199,1.7615894039735098,1.9470198675496688,1.185430463576159,0.7615894039735099,1574.3,-116.29999999999995,-0.19802543371389103,-0.5714053548937552,-0.6157315239913865,0.5384959167919392
1344,2017-10-18,Qarabağ Ağdam FK,Atlético Madrid,0,0,round : 3,C,Qarabağ FK,Atlético Madrid,0,0,False,2017,3,Group,D,0,0,detailed_2005_2021,1483.352,1643.761,-160.409,0.284,278,6,0.0,0.3333333333333333,0.3333333333333333,2.333333333333333,-2.0,1446.1,15,166,0.4759036144578313,1.6927710843373494,1.4578313253012047,0.9879518072289156,0.46987951807228917,1568.1,-122.0,-0.4759036144578313,-1.359437751004016,-1.1244979919678715,1.3453815261044175
1345,2017-10-18,Chelsea,Roma,3,3,round : 3,C,Chelsea FC,AS Roma,3,3,False,2017,3,Group,D,0,0,detailed_2005_2021,1618.516,1521.449,97.067,0.636,10,197,0.5126903553299492,1.8020304568527918,1.7106598984771573,0.934010152284264,0.7766497461928934,1593.5,28,109,0.3761467889908257,1.3669724770642202,1.3669724770642202,1.4587155963302751,-0.09174311926605505,1497.3,96.20000000000005,0.1365435663391235,0.43505797978857164,0.34368742141293707,-0.5247054440460112
1346,2017-10-18,Barcelona,Olympiacos,3,1,round : 3,D,FC Barcelona,Olympiakos Piraeus,3,1,False,2017,3,Group,H,1,2,detailed_2005_2021,1715.434,1474.414,241.019,0.8,3,341,0.5747800586510264,1.9501466275659824,1.9794721407624636,1.0439882697947214,0.9354838709677419,1628.8,25,156,0.30128205128205127,1.0833333333333333,1.1282051282051282,1.698717948717949,-0.5705128205128205,1432.0,196.79999999999995,0.27349800736897517,0.8668132942326492,0.8512670125573354,-0.6547296789232275
1347,2017-10-18,Juventus,Sporting CP,2,1,round : 3,D,Juventus,Sporting CP,2,1,False,2017,3,Group,H,1,1,detailed_2005_2021,1659.819,1479.097,180.722,0.739,5,297,0.5084175084175084,1.754208754208754,1.589225589225589,1.0134680134680134,0.5757575757575758,1581.5,44,92,0.30434782608695654,1.076086956521739,1.358695652173913,1.7934782608695652,-0.43478260869565216,1434.1,147.4000000000001,0.2040696823305519,0.6781217976870151,0.23052993705167601,-0.7800102474015518
1356,2017-10-31,FC Basel,CSKA Moscow,1,2,round : 4,A,FC Basel,CSKA Moskva,1,2,False,2017,4,Group,A,0,-1,detailed_2005_2021,1492.497,1439.468,53.029,0.576,41,82,0.35365853658536583,1.2439024390243902,1.3780487804878048,1.8170731707317076,-0.43902439024390244,1469.3,47,86,0.26744186046511625,1.0348837209302326,1.1395348837209305,1.6395348837209305,-0.5,1433.7,35.59999999999991,0.08621667612024958,0.20901871809415762,0.2385138967668743,0.17753828701077712
1357,2017-10-31,Manchester United,SL Benfica,2,0,round : 4,A,Manchester United,SL Benfica,2,0,False,2017,4,Group,H,1,2,detailed_2005_2021,1658.075,1497.655,160.42,0.716,4,289,0.5294117647058824,1.8269896193771626,1.813148788927336,1.038062283737024,0.7750865051903114,1599.3,9,266,0.43609022556390975,1.537593984962406,1.6466165413533835,1.218045112781955,0.42857142857142855,1532.9,66.39999999999986,0.09332153914197261,0.2893956344147566,0.16653224757395257,-0.17998282904493101
1358,2017-10-31,Celtic,Bayern München,1,2,round : 4,B,Celtic FC,Bayern Munich,1,2,False,2017,4,Group,A,0,-1,detailed_2005_2021,1445.353,1686.335,-240.982,0.2,20,156,0.391025641025641,1.3525641025641026,1.3846153846153846,1.4230769230769231,-0.038461538461538464,1488.2,2,388,0.595360824742268,1.9871134020618557,2.105670103092784,1.0051546391752575,1.1005154639175259,1636.0,-147.79999999999995,-0.204335183716627,-0.6345492994977531,-0.7210547184773994,0.41792228390166564
1359,2017-10-31,Paris Saint-Germain,RSC Anderlecht,5,0,round : 4,B,Paris Saint-Germain,RSC Anderlecht,5,0,False,2017,4,Group,H,1,5,detailed_2005_2021,1658.828,1398.527,260.302,0.817,16,151,0.5231788079470199,1.7615894039735098,1.9470198675496688,1.185430463576159,0.7615894039735099,1574.3,22,163,0.32515337423312884,1.1901840490797546,1.3312883435582823,1.7239263803680982,-0.39263803680981596,1458.0,116.29999999999995,0.19802543371389103,0.5714053548937552,0.6157315239913865,-0.5384959167919392
1360,2017-10-31,Atlético Madrid,Qarabağ Ağdam FK,1,1,round : 4,C,Atlético Madrid,Qarabağ FK,1,1,False,2017,4,Group,D,0,0,detailed_2005_2021,1639.446,1487.667,151.78,0.706,15,166,0.4759036144578313,1.6927710843373494,1.4578313253012047,0.9879518072289156,0.46987951807228917,1568.1,278,6,0.0,0.3333333333333333,0.3333333333333333,2.333333333333333,-2.0,1446.1,122.0,0.4759036144578313,1.359437751004016,1.1244979919678715,-1.3453815261044175
1361,2017-10-31,Roma,Chelsea,3,0,round : 4,C,AS Roma,Chelsea FC,3,0,False,2017,4,Group,H,1,3,detailed_2005_2021,1524.173,1615.793,-91.62,0.371,28,109,0.3761467889908257,1.3669724770642202,1.3669724770642202,1.4587155963302751,-0.09174311926605505,1497.3,10,197,0.5126903553299492,1.8020304568527918,1.7106598984771573,0.934010152284264,0.7766497461928934,1593.5,-96.20000000000005,-0.1365435663391235,-0.43505797978857164,-0.34368742141293707,0.5247054440460112
1362,2017-10-31,Olympiacos,Barcelona,0,0,round : 4,D,Olympiakos Piraeus,FC Barcelona,0,0,False,2017,4,Group,D,0,0,detailed_2005_2021,1470.418,1719.43,-249.012,0.193,25,156,0.30128205128205127,1.0833333333333333,1.1282051282051282,1.698717948717949,-0.5705128205128205,1432.0,3,341,0.5747800586510264,1.9501466275659824,1.9794721407624636,1.0439882697947214,0.9354838709677419,1628.8,-196.79999999999995,-0.27349800736897517,-0.8668132942326492,-0.8512670125573354,0.6547296789232275
1363,2017-10-31,Sporting CP,Juventus,1,1,round : 4,D,Sporting CP,Juventus,1,1,False,2017,4,Group,D,0,0,detailed_2005_2021,1473.875,1665.041,-191.166,0.25,44,92,0.30434782608695654,1.076086956521739,1.358695652173913,1.7934782608695652,-0.43478260869565216,1434.1,5,297,0.5084175084175084,1.754208754208754,1.589225589225589,1.0134680134680134,0.5757575757575758,1581.5,-147.4000000000001,-0.2040696823305519,-0.6781217976870151,-0.23052993705167601,0.7800102474015518
1364,2017-11-01,Liverpool,NK Maribor,3,0,round : 4,E,Liverpool FC,NK Maribor,3,0,False,2017,4,Group,H,1,3,detailed_2005_2021,1570.14,1468.485,101.655,0.642,7,230,0.5565217391304348,1.8782608695652174,1.891304347826087,0.9608695652173912,0.9304347826086956,1606.0,170,18,0.05555555555555555,0.5555555555555556,0.5,2.2777777777777777,-1.7777777777777777,1416.1,189.9000000000001,0.5009661835748792,1.3227053140096618,1.391304347826087,-1.3169082125603864
1365,2017-11-01,Sevilla,Spartak Moscow,2,1,round : 4,E,Sevilla FC,Spartak Moskva,2,1,False,2017,4,Group,H,1,1,detailed_2005_2021,1516.18,1471.401,44.779,0.564,42,72,0.375,1.4027777777777777,1.4583333333333333,1.4861111111111112,-0.027777777777777776,1507.6,34,104,0.3269230769230769,1.2019230769230769,1.4038461538461535,1.625,-0.22115384615384615,1463.4,44.19999999999982,0.04807692307692307,0.2008547008547008,0.05448717948717974,-0.13888888888888884
1366,2017-11-01,Napoli,Manchester City,2,4,round : 4,F,SSC Napoli,Manchester City,2,4,False,2017,4,Group,A,0,-2,detailed_2005_2021,1510.71,1573.417,-62.707,0.411,39,66,0.45454545454545453,1.621212121212121,1.7121212121212122,1.2575757575757576,0.45454545454545453,1544.7,17,127,0.5669291338582677,1.905511811023622,2.118110236220472,1.1496062992125984,0.968503937007874,1604.7,-60.0,-0.11238367931281318,-0.2842996898115009,-0.40598902409925963,0.10796945836315919
1367,2017-11-01,Shakhtar Donetsk,Feyenoord,3,1,round : 4,F,Shakhtar Donetsk,Feyenoord,3,1,False,2017,4,Group,H,1,2,detailed_2005_2021,1515.088,1472.573,42.516,0.561,31,118,0.3305084745762712,1.2118644067796611,1.3644067796610169,1.7627118644067796,-0.3983050847457627,1464.6,36,85,0.3764705882352941,1.388235294117647,1.6588235294117648,1.3294117647058823,0.32941176470588235,1503.3,-38.700000000000045,-0.04596211365902292,-0.1763708873379859,-0.29441674975074794,0.43330009970089733
1368,2017-11-01,Beşiktaş,AS Monaco,1,1,round : 4,G,Beşiktaş,AS Monaco,1,1,False,2017,4,Group,D,0,0,detailed_2005_2021,1528.521,1521.88,6.64,0.51,65,70,0.24285714285714285,0.9142857142857143,0.9,2.0,-1.1,1409.2,33,98,0.35714285714285715,1.2857142857142858,1.489795918367347,1.4183673469387754,0.07142857142857142,1479.4,-70.20000000000005,-0.1142857142857143,-0.37142857142857155,-0.589795918367347,0.5816326530612246
1369,2017-11-01,FC Porto,RB Leipzig,3,1,round : 4,G,FC Porto,RB Leipzig,3,1,False,2017,4,Group,H,1,2,detailed_2005_2021,1548.75,1503.411,45.339,0.565,8,265,0.4528301886792453,1.5773584905660378,1.4792452830188678,1.1547169811320754,0.32452830188679244,1540.4,60,46,0.4782608695652174,1.565217391304348,1.7608695652173914,1.8043478260869563,-0.043478260869565216,1521.1,19.300000000000182,-0.025430680885972112,0.012141099261689936,-0.28162428219852353,-0.6496308449548809
1370,2017-11-01,Borussia Dortmund,APOEL Nicosia,1,1,round : 4,H,Borussia Dortmund,APOEL Nikosia,1,1,False,2017,4,Group,D,0,0,detailed_2005_2021,1544.81,1456.248,88.562,0.625,14,176,0.4715909090909091,1.6193181818181819,1.6875,1.2613636363636365,0.42613636363636365,1546.4,103,40,0.125,0.65,0.675,2.05,-1.375,1386.1,160.30000000000018,0.3465909090909091,0.9693181818181819,1.0125,-0.7886363636363634
1371,2017-11-01,Tottenham,Real Madrid,3,1,round : 4,H,Tottenham Hotspur,Real Madrid,3,1,False,2017,4,Group,H,1,2,detailed_2005_2021,1521.162,1724.27,-203.108,0.237,46,61,0.4426229508196721,1.540983606557377,1.819672131147541,1.4426229508196722,0.3770491803278688,1525.8,1,486,0.5987654320987654,1.97119341563786,2.213991769547325,1.117283950617284,1.0967078189300412,1630.0,-104.20000000000005,-0.1561424812790933,-0.4302098090804831,-0.394319638399784,0.32533900020238815
1380,2017-11-21,Spartak Moscow,NK Maribor,1,1,round : 5,E,Spartak Moskva,NK Maribor,1,1,False,2017,5,Group,D,0,0,detailed_2005_2021,1462.683,1461.33,1.352,0.502,34,104,0.3269230769230769,1.2019230769230769,1.4038461538461535,1.625,-0.22115384615384615,1463.4,170,18,0.05555555555555555,0.5555555555555556,0.5,2.2777777777777777,-1.7777777777777777,1416.1,47.30000000000018,0.2713675213675214,0.6463675213675213,0.9038461538461535,-0.6527777777777777
1381,2017-11-21,Sevilla,Liverpool,3,3,round : 5,E,Sevilla FC,Liverpool FC,3,3,False,2017,5,Group,D,0,0,detailed_2005_2021,1524.898,1577.295,-52.397,0.425,42,72,0.375,1.4027777777777777,1.4583333333333333,1.4861111111111112,-0.027777777777777776,1507.6,7,230,0.5565217391304348,1.8782608695652174,1.891304347826087,0.9608695652173912,0.9304347826086956,1606.0,-98.40000000000009,-0.1815217391304348,-0.47548309178743975,-0.43297101449275366,0.52524154589372
1382,2017-11-21,Manchester City,Feyenoord,1,0,round : 5,F,Manchester City,Feyenoord,1,0,False,2017,5,Group,H,1,1,detailed_2005_2021,1581.632,1463.79,117.841,0.663,17,127,0.5669291338582677,1.905511811023622,2.118110236220472,1.1496062992125984,0.968503937007874,1604.7,36,85,0.3764705882352941,1.388235294117647,1.6588235294117648,1.3294117647058823,0.32941176470588235,1503.3,101.40000000000009,0.1904585456229736,0.517276516905975,0.459286706808707,-0.1798054654932839
1383,2017-11-21,Napoli,Shakhtar Donetsk,3,0,round : 5,F,SSC Napoli,Shakhtar Donetsk,3,0,False,2017,5,Group,H,1,3,detailed_2005_2021,1502.496,1523.871,-21.375,0.469,39,66,0.45454545454545453,1.621212121212121,1.7121212121212122,1.2575757575757576,0.45454545454545453,1544.7,31,118,0.3305084745762712,1.2118644067796611,1.3644067796610169,1.7627118644067796,-0.3983050847457627,1464.6,80.10000000000014,0.12403697996918334,0.40934771443246,0.3477144324601953,-0.5051361068310221
1384,2017-11-21,Beşiktaş,FC Porto,1,1,round : 5,G,Beşiktaş,FC Porto,1,1,False,2017,5,Group,D,0,0,detailed_2005_2021,1528.33,1557.452,-29.123,0.458,65,70,0.24285714285714285,0.9142857142857143,0.9,2.0,-1.1,1409.2,8,265,0.4528301886792453,1.5773584905660378,1.4792452830188678,1.1547169811320754,0.32452830188679244,1540.4,-131.20000000000005,-0.20997304582210244,-0.6630727762803236,-0.5792452830188678,0.8452830188679246
1385,2017-11-21,AS Monaco,RB Leipzig,1,4,round : 5,G,AS Monaco,RB Leipzig,1,4,False,2017,5,Group,A,0,-3,detailed_2005_2021,1522.071,1494.708,27.363,0.539,33,98,0.35714285714285715,1.2857142857142858,1.489795918367347,1.4183673469387754,0.07142857142857142,1479.4,60,46,0.4782608695652174,1.565217391304348,1.7608695652173914,1.8043478260869563,-0.043478260869565216,1521.1,-41.69999999999982,-0.12111801242236025,-0.2795031055900621,-0.2710736468500443,-0.3859804791481809
1386,2017-11-21,APOEL Nicosia,Real Madrid,0,6,round : 5,H,APOEL Nikosia,Real Madrid,0,6,False,2017,5,Group,A,0,-6,detailed_2005_2021,1458.744,1709.01,-250.266,0.191,103,40,0.125,0.65,0.675,2.05,-1.375,1386.1,1,486,0.5987654320987654,1.97119341563786,2.213991769547325,1.117283950617284,1.0967078189300412,1630.0,-243.9000000000001,-0.4737654320987654,-1.3211934156378602,-1.538991769547325,0.9327160493827158
1387,2017-11-21,Borussia Dortmund,Tottenham,1,2,round : 5,H,Borussia Dortmund,Tottenham Hotspur,1,2,False,2017,5,Group,A,0,-1,detailed_2005_2021,1542.315,1536.422,5.893,0.508,14,176,0.4715909090909091,1.6193181818181819,1.6875,1.2613636363636365,0.42613636363636365,1546.4,46,61,0.4426229508196721,1.540983606557377,1.819672131147541,1.4426229508196722,0.3770491803278688,1525.8,20.600000000000136,0.028967958271236993,0.0783345752608049,-0.132172131147541,-0.18125931445603571
1372,2017-11-22,CSKA Moscow,SL Benfica,2,0,round : 5,A,CSKA Moskva,SL Benfica,2,0,False,2017,5,Group,H,1,2,detailed_2005_2021,1450.983,1491.97,-40.987,0.441,47,86,0.26744186046511625,1.0348837209302326,1.1395348837209305,1.6395348837209305,-0.5,1433.7,9,266,0.43609022556390975,1.537593984962406,1.6466165413533835,1.218045112781955,0.42857142857142855,1532.9,-99.20000000000005,-0.1686483650987935,-0.5027102640321734,-0.507081657632453,0.42148977093897555
1373,2017-11-22,FC Basel,Manchester United,1,0,round : 5,A,FC Basel,Manchester United,1,0,False,2017,5,Group,H,1,1,detailed_2005_2021,1480.983,1663.76,-182.778,0.259,41,82,0.35365853658536583,1.2439024390243902,1.3780487804878048,1.8170731707317076,-0.43902439024390244,1469.3,4,289,0.5294117647058824,1.8269896193771626,1.813148788927336,1.038062283737024,0.7750865051903114,1599.3,-130.0,-0.17575322812051652,-0.5830871803527724,-0.43510000843953134,0.7790108869946837
1374,2017-11-22,Paris Saint-Germain,Celtic,7,1,round : 5,B,Paris Saint-Germain,Celtic FC,7,1,False,2017,5,Group,H,1,6,detailed_2005_2021,1662.481,1441.356,221.125,0.781,16,151,0.5231788079470199,1.7615894039735098,1.9470198675496688,1.185430463576159,0.7615894039735099,1574.3,20,156,0.391025641025641,1.3525641025641026,1.3846153846153846,1.4230769230769231,-0.038461538461538464,1488.2,86.09999999999991,0.13215316692137885,0.4090253014094072,0.5624044829342842,-0.23764645950076413
1375,2017-11-22,RSC Anderlecht,Bayern München,1,2,round : 5,B,RSC Anderlecht,Bayern Munich,1,2,False,2017,5,Group,A,0,-1,detailed_2005_2021,1394.873,1690.332,-295.459,0.154,22,163,0.32515337423312884,1.1901840490797546,1.3312883435582823,1.7239263803680982,-0.39263803680981596,1458.0,2,388,0.595360824742268,1.9871134020618557,2.105670103092784,1.0051546391752575,1.1005154639175259,1636.0,-178.0,-0.2702074505091392,-0.7969293529821011,-0.7743817595345017,0.7187717411928407
1376,2017-11-22,Qarabağ Ağdam FK,Chelsea,0,4,round : 5,C,Qarabağ FK,Chelsea FC,0,4,False,2017,5,Group,A,0,-4,detailed_2005_2021,1491.777,1603.215,-111.438,0.345,278,6,0.0,0.3333333333333333,0.3333333333333333,2.333333333333333,-2.0,1446.1,10,197,0.5126903553299492,1.8020304568527918,1.7106598984771573,0.934010152284264,0.7766497461928934,1593.5,-147.4000000000001,-0.5126903553299492,-1.4686971235194586,-1.377326565143824,1.399323181049069
1377,2017-11-22,Atlético Madrid,Roma,2,0,round : 5,C,Atlético Madrid,AS Roma,2,0,False,2017,5,Group,H,1,2,detailed_2005_2021,1635.336,1536.75,98.586,0.638,15,166,0.4759036144578313,1.6927710843373494,1.4578313253012047,0.9879518072289156,0.46987951807228917,1568.1,28,109,0.3761467889908257,1.3669724770642202,1.3669724770642202,1.4587155963302751,-0.09174311926605505,1497.3,70.79999999999995,0.0997568254670056,0.32579860727312915,0.09085884823698454,-0.4707637891013595
1378,2017-11-22,Juventus,Barcelona,0,0,round : 5,D,Juventus,FC Barcelona,0,0,False,2017,5,Group,D,0,0,detailed_2005_2021,1660.034,1713.282,-53.248,0.424,5,297,0.5084175084175084,1.754208754208754,1.589225589225589,1.0134680134680134,0.5757575757575758,1581.5,3,341,0.5747800586510264,1.9501466275659824,1.9794721407624636,1.0439882697947214,0.9354838709677419,1628.8,-47.299999999999955,-0.066362550233518,-0.19593787335722834,-0.3902465515368745,-0.030520256326707962
1379,2017-11-22,Sporting CP,Olympiacos,3,1,round : 5,D,Sporting CP,Olympiakos Piraeus,3,1,False,2017,5,Group,H,1,2,detailed_2005_2021,1478.882,1476.567,2.315,0.503,44,92,0.30434782608695654,1.076086956521739,1.358695652173913,1.7934782608695652,-0.43478260869565216,1434.1,25,156,0.30128205128205127,1.0833333333333333,1.1282051282051282,1.698717948717949,-0.5705128205128205,1432.0,2.099999999999909,0.0030657748049052747,-0.007246376811594235,0.2304905239687849,0.09476031215161629
1388,2018-02-13,FC Basel,Manchester City,0,4,round : 18,,FC Basel,Manchester City,0,4,False,2017,18,Knockout,A,0,-4,detailed_2005_2021,1495.806,1588.364,-92.558,0.37,41,82,0.35365853658536583,1.2439024390243902,1.3780487804878048,1.8170731707317076,-0.43902439024390244,1469.3,17,127,0.5669291338582677,1.905511811023622,2.118110236220472,1.1496062992125984,0.968503937007874,1604.7,-135.4000000000001,-0.21327059727290187,-0.6616093719992318,-0.740061455732667,0.6674668715191092
1389,2018-02-13,Juventus,Tottenham,2,2,round : 18,,Juventus,Tottenham Hotspur,2,2,False,2017,18,Knockout,D,0,0,detailed_2005_2021,1661.555,1546.592,114.963,0.66,5,297,0.5084175084175084,1.754208754208754,1.589225589225589,1.0134680134680134,0.5757575757575758,1581.5,46,61,0.4426229508196721,1.540983606557377,1.819672131147541,1.4426229508196722,0.3770491803278688,1525.8,55.700000000000045,0.06579455759783631,0.21322514765137712,-0.2304465419219519,-0.42915493735165877
1390,2018-02-14,FC Porto,Liverpool,0,5,round : 18,,FC Porto,Liverpool FC,0,5,False,2017,18,Knockout,A,0,-5,detailed_2005_2021,1556.616,1575.798,-19.182,0.472,8,265,0.4528301886792453,1.5773584905660378,1.4792452830188678,1.1547169811320754,0.32452830188679244,1540.4,7,230,0.5565217391304348,1.8782608695652174,1.891304347826087,0.9608695652173912,0.9304347826086956,1606.0,-65.59999999999991,-0.1036915504511895,-0.3009023789991796,-0.4120590648072191,0.19384741591468424
1391,2018-02-14,Real Madrid,Paris Saint-Germain,3,1,round : 18,,Real Madrid,Paris Saint-Germain,3,1,False,2017,18,Knockout,H,1,2,detailed_2005_2021,1712.839,1666.857,45.982,0.566,1,486,0.5987654320987654,1.97119341563786,2.213991769547325,1.117283950617284,1.0967078189300412,1630.0,16,151,0.5231788079470199,1.7615894039735098,1.9470198675496688,1.185430463576159,0.7615894039735099,1574.3,55.700000000000045,0.07558662415174555,0.20960401166435028,0.2669719019976562,-0.06814651295887497
1392,2018-02-20,Bayern München,Beşiktaş,5,0,round : 18,,Bayern Munich,Beşiktaş,5,0,False,2017,18,Knockout,H,1,5,detailed_2005_2021,1693.419,1529.166,164.254,0.72,2,388,0.595360824742268,1.9871134020618557,2.105670103092784,1.0051546391752575,1.1005154639175259,1636.0,65,70,0.24285714285714285,0.9142857142857143,0.9,2.0,-1.1,1409.2,226.79999999999995,0.35250368188512515,1.0728276877761416,1.205670103092784,-0.9948453608247425
1393,2018-02-20,Chelsea,Barcelona,1,1,round : 18,,Chelsea FC,FC Barcelona,1,1,False,2017,18,Knockout,D,0,0,detailed_2005_2021,1610.113,1711.761,-101.647,0.358,10,197,0.5126903553299492,1.8020304568527918,1.7106598984771573,0.934010152284264,0.7766497461928934,1593.5,3,341,0.5747800586510264,1.9501466275659824,1.9794721407624636,1.0439882697947214,0.9354838709677419,1628.8,-35.299999999999955,-0.062089703321077216,-0.1481161707131906,-0.2688122422853063,-0.10997811751045738
1394,2018-02-21,Sevilla,Manchester United,0,0,round : 18,,Sevilla FC,Manchester United,0,0,False,2017,18,Knockout,D,0,0,detailed_2005_2021,1526.395,1648.937,-122.542,0.331,42,72,0.375,1.4027777777777777,1.4583333333333333,1.4861111111111112,-0.027777777777777776,1507.6,4,289,0.5294117647058824,1.8269896193771626,1.813148788927336,1.038062283737024,0.7750865051903114,1599.3,-91.70000000000005,-0.15441176470588236,-0.42421184159938496,-0.35481545559400285,0.44804882737408724
1395,2018-02-21,Shakhtar Donetsk,Roma,2,1,round : 18,,Shakhtar Donetsk,AS Roma,2,1,False,2017,18,Knockout,H,1,1,detailed_2005_2021,1513.256,1529.514,-16.258,0.477,31,118,0.3305084745762712,1.2118644067796611,1.3644067796610169,1.7627118644067796,-0.3983050847457627,1464.6,28,109,0.3761467889908257,1.3669724770642202,1.3669724770642202,1.4587155963302751,-0.09174311926605505,1497.3,-32.700000000000045,-0.045638314414554515,-0.15510807028455909,-0.0025656974032033375,0.3039962680765045
1396,2018-03-06,Liverpool,FC Porto,0,0,round : 18,,Liverpool FC,FC Porto,0,0,False,2017,18,Knockout,D,0,0,detailed_2005_2021,1585.247,1547.167,38.079,0.555,7,230,0.5565217391304348,1.8782608695652174,1.891304347826087,0.9608695652173912,0.9304347826086956,1606.0,8,265,0.4528301886792453,1.5773584905660378,1.4792452830188678,1.1547169811320754,0.32452830188679244,1540.4,65.59999999999991,0.1036915504511895,0.3009023789991796,0.4120590648072191,-0.19384741591468424
1397,2018-03-06,Paris Saint-Germain,Real Madrid,1,2,round : 18,,Paris Saint-Germain,Real Madrid,1,2,False,2017,18,Knockout,A,0,-1,detailed_2005_2021,1658.172,1721.523,-63.351,0.41,16,151,0.5231788079470199,1.7615894039735098,1.9470198675496688,1.185430463576159,0.7615894039735099,1574.3,1,486,0.5987654320987654,1.97119341563786,2.213991769547325,1.117283950617284,1.0967078189300412,1630.0,-55.700000000000045,-0.07558662415174555,-0.20960401166435028,-0.2669719019976562,0.06814651295887497
1398,2018-03-07,Manchester City,FC Basel,1,2,round : 18,,Manchester City,FC Basel,1,2,False,2017,18,Knockout,A,0,-1,detailed_2005_2021,1595.761,1488.409,107.352,0.65,17,127,0.5669291338582677,1.905511811023622,2.118110236220472,1.1496062992125984,0.968503937007874,1604.7,41,82,0.35365853658536583,1.2439024390243902,1.3780487804878048,1.8170731707317076,-0.43902439024390244,1469.3,135.4000000000001,0.21327059727290187,0.6616093719992318,0.740061455732667,-0.6674668715191092
1399,2018-03-07,Tottenham,Juventus,1,2,round : 18,,Tottenham Hotspur,Juventus,1,2,False,2017,18,Knockout,A,0,-1,detailed_2005_2021,1549.785,1658.361,-108.577,0.349,46,61,0.4426229508196721,1.540983606557377,1.819672131147541,1.4426229508196722,0.3770491803278688,1525.8,5,297,0.5084175084175084,1.754208754208754,1.589225589225589,1.0134680134680134,0.5757575757575758,1581.5,-55.700000000000045,-0.06579455759783631,-0.21322514765137712,0.2304465419219519,0.42915493735165877
1400,2018-03-13,Manchester United,Sevilla,1,2,round : 18,,Manchester United,Sevilla FC,1,2,False,2017,18,Knockout,A,0,-1,detailed_2005_2021,1645.549,1529.782,115.766,0.661,4,289,0.5294117647058824,1.8269896193771626,1.813148788927336,1.038062283737024,0.7750865051903114,1599.3,42,72,0.375,1.4027777777777777,1.4583333333333333,1.4861111111111112,-0.027777777777777776,1507.6,91.70000000000005,0.15441176470588236,0.42421184159938496,0.35481545559400285,-0.44804882737408724
1401,2018-03-13,Roma,Shakhtar Donetsk,1,0,round : 18,,AS Roma,Shakhtar Donetsk,1,0,False,2017,18,Knockout,H,1,1,detailed_2005_2021,1519.046,1523.724,-4.677,0.493,28,109,0.3761467889908257,1.3669724770642202,1.3669724770642202,1.4587155963302751,-0.09174311926605505,1497.3,31,118,0.3305084745762712,1.2118644067796611,1.3644067796610169,1.7627118644067796,-0.3983050847457627,1464.6,32.700000000000045,0.045638314414554515,0.15510807028455909,0.0025656974032033375,-0.3039962680765045
1402,2018-03-14,Beşiktaş,Bayern München,1,3,round : 18,,Beşiktaş,Bayern Munich,1,3,False,2017,18,Knockout,A,0,-2,detailed_2005_2021,1523.57,1699.015,-175.445,0.267,65,70,0.24285714285714285,0.9142857142857143,0.9,2.0,-1.1,1409.2,2,388,0.595360824742268,1.9871134020618557,2.105670103092784,1.0051546391752575,1.1005154639175259,1636.0,-226.79999999999995,-0.35250368188512515,-1.0728276877761416,-1.205670103092784,0.9948453608247425
1403,2018-03-14,Barcelona,Chelsea,3,0,round : 18,,FC Barcelona,Chelsea FC,3,0,False,2017,18,Knockout,H,1,3,detailed_2005_2021,1708.916,1612.958,95.957,0.635,3,341,0.5747800586510264,1.9501466275659824,1.9794721407624636,1.0439882697947214,0.9354838709677419,1628.8,10,197,0.5126903553299492,1.8020304568527918,1.7106598984771573,0.934010152284264,0.7766497461928934,1593.5,35.299999999999955,0.062089703321077216,0.1481161707131906,0.2688122422853063,0.10997811751045738
1404,2018-04-03,Juventus,Real Madrid,0,3,round : quarterfinals,,Juventus,Real Madrid,0,3,False,2017,quarterfinals,Knockout,A,0,-3,detailed_2005_2021,1665.334,1729.719,-64.385,0.408,5,297,0.5084175084175084,1.754208754208754,1.589225589225589,1.0134680134680134,0.5757575757575758,1581.5,1,486,0.5987654320987654,1.97119341563786,2.213991769547325,1.117283950617284,1.0967078189300412,1630.0,-48.5,-0.09034792368125699,-0.216984661429106,-0.6247661803217359,-0.10381593714927062
1405,2018-04-03,Sevilla,Bayern München,1,2,round : quarterfinals,,Sevilla FC,Bayern Munich,1,2,False,2017,quarterfinals,Knockout,A,0,-1,detailed_2005_2021,1542.996,1704.355,-161.359,0.283,42,72,0.375,1.4027777777777777,1.4583333333333333,1.4861111111111112,-0.027777777777777776,1507.6,2,388,0.595360824742268,1.9871134020618557,2.105670103092784,1.0051546391752575,1.1005154639175259,1636.0,-128.4000000000001,-0.22036082474226804,-0.584335624284078,-0.6473367697594508,0.48095647193585367
1406,2018-04-04,Barcelona,Roma,4,1,round : quarterfinals,,FC Barcelona,AS Roma,4,1,False,2017,quarterfinals,Knockout,H,1,3,detailed_2005_2021,1716.222,1529.181,187.041,0.746,3,341,0.5747800586510264,1.9501466275659824,1.9794721407624636,1.0439882697947214,0.9354838709677419,1628.8,28,109,0.3761467889908257,1.3669724770642202,1.3669724770642202,1.4587155963302751,-0.09174311926605505,1497.3,131.5,0.19863326966020073,0.5831741505017622,0.6124996636982434,-0.4147273265355538
1407,2018-04-04,Liverpool,Manchester City,3,0,round : quarterfinals,,Liverpool FC,Manchester City,3,0,False,2017,quarterfinals,Knockout,H,1,3,detailed_2005_2021,1584.155,1582.766,1.389,0.502,7,230,0.5565217391304348,1.8782608695652174,1.891304347826087,0.9608695652173912,0.9304347826086956,1606.0,17,127,0.5669291338582677,1.905511811023622,2.118110236220472,1.1496062992125984,0.968503937007874,1604.7,1.2999999999999545,-0.01040739472783292,-0.027250941458404565,-0.22680588839438487,-0.18873673399520718
1408,2018-04-10,Manchester City,Liverpool,1,2,round : quarterfinals,,Manchester City,Liverpool FC,1,2,False,2017,quarterfinals,Knockout,A,0,-1,detailed_2005_2021,1572.806,1594.115,-21.309,0.469,17,127,0.5669291338582677,1.905511811023622,2.118110236220472,1.1496062992125984,0.968503937007874,1604.7,7,230,0.5565217391304348,1.8782608695652174,1.891304347826087,0.9608695652173912,0.9304347826086956,1606.0,-1.2999999999999545,0.01040739472783292,0.027250941458404565,0.22680588839438487,0.18873673399520718
1409,2018-04-10,Roma,Barcelona,3,0,round : quarterfinals,,AS Roma,FC Barcelona,3,0,False,2017,quarterfinals,Knockout,H,1,3,detailed_2005_2021,1524.098,1721.305,-197.206,0.243,28,109,0.3761467889908257,1.3669724770642202,1.3669724770642202,1.4587155963302751,-0.09174311926605505,1497.3,3,341,0.5747800586510264,1.9501466275659824,1.9794721407624636,1.0439882697947214,0.9354838709677419,1628.8,-131.5,-0.19863326966020073,-0.5831741505017622,-0.6124996636982434,0.4147273265355538
1410,2018-04-11,Bayern München,Sevilla,0,0,round : quarterfinals,,Bayern Munich,Sevilla FC,0,0,False,2017,quarterfinals,Knockout,D,0,0,detailed_2005_2021,1710.018,1537.333,172.685,0.73,2,388,0.595360824742268,1.9871134020618557,2.105670103092784,1.0051546391752575,1.1005154639175259,1636.0,42,72,0.375,1.4027777777777777,1.4583333333333333,1.4861111111111112,-0.027777777777777776,1507.6,128.4000000000001,0.22036082474226804,0.584335624284078,0.6473367697594508,-0.48095647193585367
1411,2018-04-11,Real Madrid,Juventus,1,3,round : quarterfinals,,Real Madrid,Juventus,1,3,False,2017,quarterfinals,Knockout,A,0,-2,detailed_2005_2021,1737.887,1657.167,80.721,0.614,1,486,0.5987654320987654,1.97119341563786,2.213991769547325,1.117283950617284,1.0967078189300412,1630.0,5,297,0.5084175084175084,1.754208754208754,1.589225589225589,1.0134680134680134,0.5757575757575758,1581.5,48.5,0.09034792368125699,0.216984661429106,0.6247661803217359,0.10381593714927062
1412,2018-04-24,Liverpool,Roma,5,2,round : semifinals,,Liverpool FC,AS Roma,5,2,False,2017,semifinals,Knockout,H,1,3,detailed_2005_2021,1603.502,1539.234,64.268,0.591,7,230,0.5565217391304348,1.8782608695652174,1.891304347826087,0.9608695652173912,0.9304347826086956,1606.0,28,109,0.3761467889908257,1.3669724770642202,1.3669724770642202,1.4587155963302751,-0.09174311926605505,1497.3,108.70000000000005,0.18037495013960908,0.5112883925009972,0.5243318707618667,-0.49784603111288395
1413,2018-04-25,Bayern München,Real Madrid,1,2,round : semifinals,,Bayern Munich,Real Madrid,1,2,False,2017,semifinals,Knockout,A,0,-1,detailed_2005_2021,1705.42,1725.605,-20.185,0.471,2,388,0.595360824742268,1.9871134020618557,2.105670103092784,1.0051546391752575,1.1005154639175259,1636.0,1,486,0.5987654320987654,1.97119341563786,2.213991769547325,1.117283950617284,1.0967078189300412,1630.0,6.0,-0.003404607356497391,0.015919986423995613,-0.108321666454541,-0.11212931144202654
1414,2018-05-01,Real Madrid,Bayern München,2,2,round : semifinals,,Real Madrid,Bayern Munich,2,2,False,2017,semifinals,Knockout,D,0,0,detailed_2005_2021,1735.025,1696.001,39.024,0.556,1,486,0.5987654320987654,1.97119341563786,2.213991769547325,1.117283950617284,1.0967078189300412,1630.0,2,388,0.595360824742268,1.9871134020618557,2.105670103092784,1.0051546391752575,1.1005154639175259,1636.0,-6.0,0.003404607356497391,-0.015919986423995613,0.108321666454541,0.11212931144202654
1415,2018-05-02,Roma,Liverpool,4,2,round : semifinals,,AS Roma,Liverpool FC,4,2,False,2017,semifinals,Knockout,H,1,2,detailed_2005_2021,1531.063,1611.673,-80.61,0.386,28,109,0.3761467889908257,1.3669724770642202,1.3669724770642202,1.4587155963302751,-0.09174311926605505,1497.3,7,230,0.5565217391304348,1.8782608695652174,1.891304347826087,0.9608695652173912,0.9304347826086956,1606.0,-108.70000000000005,-0.18037495013960908,-0.5112883925009972,-0.5243318707618667,0.49784603111288395
1416,2018-05-26,Real Madrid,Liverpool,3,1,round : final,,Real Madrid,Liverpool FC,3,1,False,2017,final,Knockout,H,1,2,detailed_2005_2021,1733.906,1599.394,134.512,0.684,1,486,0.5987654320987654,1.97119341563786,2.213991769547325,1.117283950617284,1.0967078189300412,1630.0,7,230,0.5565217391304348,1.8782608695652174,1.891304347826087,0.9608695652173912,0.9304347826086956,1606.0,24.0,0.04224369296833064,0.09293254607264267,0.3226874217212381,0.15641438539989283
1417,2018-09-18,AS Monaco,Atlético Madrid,1,2,round : 1,A,AS Monaco,Atlético Madrid,1,2,False,2018,1,Group,A,0,-1,detailed_2005_2021,1511.286,1642.572,-131.287,0.32,33,98,0.35714285714285715,1.2857142857142858,1.489795918367347,1.4183673469387754,0.07142857142857142,1479.4,15,166,0.4759036144578313,1.6927710843373494,1.4578313253012047,0.9879518072289156,0.46987951807228917,1568.1,-88.69999999999982,-0.11876075731497415,-0.40705679862306354,0.0319645930661423,0.4304155397098598
1418,2018-09-18,Club Brugge,Borussia Dortmund,0,1,round : 1,A,Club Brugge KV,Borussia Dortmund,0,1,False,2018,1,Group,A,0,-1,detailed_2005_2021,1448.738,1532.146,-83.407,0.382,38,97,0.31958762886597936,1.1855670103092784,1.1855670103092784,1.4845360824742269,-0.29896907216494845,1461.2,14,176,0.4715909090909091,1.6193181818181819,1.6875,1.2613636363636365,0.42613636363636365,1546.4,-85.20000000000005,-0.15200328022492976,-0.4337511715089035,-0.5019329896907216,0.2231724461105904
1419,2018-09-18,Barcelona,PSV Eindhoven,4,0,round : 1,B,FC Barcelona,PSV Eindhoven,4,0,False,2018,1,Group,H,1,4,detailed_2005_2021,1706.169,1467.927,238.242,0.798,3,341,0.5747800586510264,1.9501466275659824,1.9794721407624636,1.0439882697947214,0.9354838709677419,1628.8,19,171,0.3391812865497076,1.2690058479532165,1.2456140350877194,1.3099415204678362,-0.06432748538011696,1478.1,150.70000000000005,0.23559877210131885,0.681140779612766,0.7338581056747442,-0.2659532506731148
1420,2018-09-18,Inter,Tottenham,2,1,round : 1,B,Inter Milan,Tottenham Hotspur,2,1,False,2018,1,Group,H,1,1,detailed_2005_2021,1577.893,1542.812,35.081,0.55,12,203,0.47783251231527096,1.6945812807881773,1.4088669950738917,1.0295566502463054,0.3793103448275862,1569.5,46,61,0.4426229508196721,1.540983606557377,1.819672131147541,1.4426229508196722,0.3770491803278688,1525.8,43.700000000000045,0.03520956149559884,0.15359767423080029,-0.4108051360736493,-0.4130663005733668
1421,2018-09-18,FK Crvena zvezda,Napoli,0,0,round : 1,C,Crvena Zvezda,SSC Napoli,0,0,False,2018,1,Group,D,0,0,detailed_2005_2021,1500.0,1513.11,-13.11,0.481,27,104,0.46153846153846156,1.5288461538461537,1.9615384615384612,1.6057692307692308,0.3557692307692308,1519.6,39,66,0.45454545454545453,1.621212121212121,1.7121212121212122,1.2575757575757576,0.45454545454545453,1544.7,-25.100000000000136,0.006993006993007034,-0.09236596736596736,0.24941724941724908,0.34819347319347327
1422,2018-09-18,Liverpool,Paris Saint-Germain,3,2,round : 1,C,Liverpool FC,Paris Saint-Germain,3,2,False,2018,1,Group,H,1,1,detailed_2005_2021,1593.083,1649.976,-56.893,0.419,7,230,0.5565217391304348,1.8782608695652174,1.891304347826087,0.9608695652173912,0.9304347826086956,1606.0,16,151,0.5231788079470199,1.7615894039735098,1.9470198675496688,1.185430463576159,0.7615894039735099,1574.3,31.700000000000045,0.033342931183414914,0.1166714655917076,-0.05571551972358191,-0.2245608983587678
1423,2018-09-18,FC Schalke 04,FC Porto,1,1,round : 1,D,FC Schalke 04,FC Porto,1,1,False,2018,1,Group,D,0,0,detailed_2005_2021,1527.718,1548.259,-20.541,0.47,40,73,0.3972602739726027,1.4246575342465753,1.4383561643835616,1.5205479452054795,-0.0821917808219178,1507.5,8,265,0.4528301886792453,1.5773584905660378,1.4792452830188678,1.1547169811320754,0.32452830188679244,1540.4,-32.90000000000009,-0.055569914706642576,-0.15270095631946257,-0.0408891186353062,0.3658309640734041
1424,2018-09-18,Galatasaray,Lokomotiv Moscow,3,0,round : 1,D,Galatasaray,Lokomotiv Moskva,3,0,False,2018,1,Group,H,1,3,detailed_2005_2021,1440.627,1500.0,-59.373,0.415,24,161,0.2670807453416149,1.0559006211180124,1.0807453416149069,1.6832298136645962,-0.6024844720496895,1434.0,90,44,0.20454545454545456,0.7954545454545454,0.9090909090909092,1.568181818181818,-0.6590909090909091,1399.6,34.40000000000009,0.06253529079616035,0.260446075663467,0.1716544325239977,0.11504799548277833
1425,2018-09-19,Ajax,AEK Athens,3,0,round : 1,E,AFC Ajax,AEK Athen,3,0,False,2018,1,Group,H,1,3,detailed_2005_2021,1483.686,1502.441,-18.755,0.473,11,215,0.46511627906976744,1.627906976744186,1.613953488372093,1.1255813953488372,0.4883720930232558,1552.1,77,56,0.16071428571428573,0.8214285714285714,1.0357142857142858,1.7857142857142858,-0.75,1411.3,140.79999999999995,0.3044019933554817,0.8064784053156147,0.5782392026578071,-0.6601328903654486
1426,2018-09-19,SL Benfica,Bayern München,0,2,round : 1,E,SL Benfica,Bayern Munich,0,2,False,2018,1,Group,A,0,-2,detailed_2005_2021,1480.796,1697.119,-216.324,0.224,9,266,0.43609022556390975,1.537593984962406,1.6466165413533835,1.218045112781955,0.42857142857142855,1532.9,2,388,0.595360824742268,1.9871134020618557,2.105670103092784,1.0051546391752575,1.1005154639175259,1636.0,-103.09999999999991,-0.15927059917835829,-0.44951941709944965,-0.4590535617394005,0.21289047360669744
1427,2018-09-19,Shakhtar Donetsk,1899 Hoffenheim,2,2,round : 1,F,Shakhtar Donetsk,1899 Hoffenheim,2,2,False,2018,1,Group,D,0,0,detailed_2005_2021,1513.589,1500.0,13.589,0.52,31,118,0.3305084745762712,1.2118644067796611,1.3644067796610169,1.7627118644067796,-0.3983050847457627,1464.6,253,6,0.0,0.5,1.8333333333333333,2.333333333333333,-0.5,1459.7,4.899999999999864,0.3305084745762712,0.7118644067796611,-0.4689265536723164,-0.5706214689265534
1428,2018-09-19,Manchester City,Olympique Lyonnais,1,2,round : 1,F,Manchester City,Olympique Lyon,1,2,False,2018,1,Group,A,0,-1,detailed_2005_2021,1563.419,1494.226,69.193,0.598,17,127,0.5669291338582677,1.905511811023622,2.118110236220472,1.1496062992125984,0.968503937007874,1604.7,21,136,0.4264705882352941,1.5441176470588236,1.588235294117647,1.2279411764705883,0.3602941176470588,1535.8,68.90000000000009,0.1404585456229736,0.3613941639647984,0.5298749421028248,-0.07833487725798993
1429,2018-09-19,Real Madrid,Roma,3,0,round : 1,G,Real Madrid,AS Roma,3,0,False,2018,1,Group,H,1,3,detailed_2005_2021,1740.217,1543.343,196.874,0.756,1,486,0.5987654320987654,1.97119341563786,2.213991769547325,1.117283950617284,1.0967078189300412,1630.0,28,109,0.3761467889908257,1.3669724770642202,1.3669724770642202,1.4587155963302751,-0.09174311926605505,1497.3,132.70000000000005,0.22261864310793972,0.6042209385736399,0.8470192924831048,-0.3414316457129911
1430,2018-09-19,Viktoria Plzeň,CSKA Moscow,2,2,round : 1,G,Viktoria Plzeň,CSKA Moskva,2,2,False,2018,1,Group,D,0,0,detailed_2005_2021,1452.171,1462.157,-9.986,0.486,145,24,0.16666666666666666,0.625,0.9583333333333334,2.875,-1.9166666666666667,1394.2,47,86,0.26744186046511625,1.0348837209302326,1.1395348837209305,1.6395348837209305,-0.5,1433.7,-39.5,-0.1007751937984496,-0.4098837209302326,-0.1812015503875971,1.2354651162790695
1431,2018-09-19,Valencia,Juventus,0,2,round : 1,H,Valencia CF,Juventus,0,2,False,2018,1,Group,A,0,-2,detailed_2005_2021,1520.831,1669.449,-148.618,0.298,23,116,0.41379310344827586,1.5344827586206897,1.456896551724138,1.0775862068965518,0.3793103448275862,1535.9,5,297,0.5084175084175084,1.754208754208754,1.589225589225589,1.0134680134680134,0.5757575757575758,1581.5,-45.59999999999991,-0.09462440496923258,-0.21972599558806438,-0.1323290375014512,0.06411819342853842
1432,2018-09-19,Young Boys,Manchester United,0,3,round : 1,H,BSC Young Boys,Manchester United,0,3,False,2018,1,Group,A,0,-3,detailed_2005_2021,1500.0,1632.335,-132.335,0.318,84,35,0.2857142857142857,1.1142857142857143,1.3428571428571427,1.9714285714285715,-0.6285714285714286,1461.9,4,289,0.5294117647058824,1.8269896193771626,1.813148788927336,1.038062283737024,0.7750865051903114,1599.3,-137.39999999999986,-0.24369747899159666,-0.7127039050914483,-0.47029164607019336,0.9333662876915476
1441,2018-10-02,AEK Athens,SL Benfica,2,3,round : 2,E,AEK Athen,SL Benfica,2,3,False,2018,2,Group,A,0,-1,detailed_2005_2021,1491.901,1476.325,15.576,0.522,77,56,0.16071428571428573,0.8214285714285714,1.0357142857142858,1.7857142857142858,-0.75,1411.3,9,266,0.43609022556390975,1.537593984962406,1.6466165413533835,1.218045112781955,0.42857142857142855,1532.9,-121.60000000000014,-0.27537593984962405,-0.7161654135338347,-0.6109022556390977,0.5676691729323309
1442,2018-10-02,Bayern München,Ajax,1,1,round : 2,E,Bayern Munich,AFC Ajax,1,1,False,2018,2,Group,D,0,0,detailed_2005_2021,1701.59,1494.225,207.364,0.767,2,388,0.595360824742268,1.9871134020618557,2.105670103092784,1.0051546391752575,1.1005154639175259,1636.0,11,215,0.46511627906976744,1.627906976744186,1.613953488372093,1.1255813953488372,0.4883720930232558,1552.1,83.90000000000009,0.1302445456725006,0.35920642531766966,0.49171661472069106,-0.12042675617357967
1443,2018-10-02,1899 Hoffenheim,Manchester City,1,2,round : 2,F,1899 Hoffenheim,Manchester City,1,2,False,2018,2,Group,A,0,-1,detailed_2005_2021,1500.391,1551.453,-51.062,0.427,253,6,0.0,0.5,1.8333333333333333,2.333333333333333,-0.5,1459.7,17,127,0.5669291338582677,1.905511811023622,2.118110236220472,1.1496062992125984,0.968503937007874,1604.7,-145.0,-0.5669291338582677,-1.405511811023622,-0.2847769028871385,1.1837270341207347
1444,2018-10-02,Olympique Lyonnais,Shakhtar Donetsk,2,2,round : 2,F,Olympique Lyon,Shakhtar Donetsk,2,2,False,2018,2,Group,D,0,0,detailed_2005_2021,1506.192,1513.198,-7.007,0.49,21,136,0.4264705882352941,1.5441176470588236,1.588235294117647,1.2279411764705883,0.3602941176470588,1535.8,31,118,0.3305084745762712,1.2118644067796611,1.3644067796610169,1.7627118644067796,-0.3983050847457627,1464.6,71.20000000000005,0.09596211365902291,0.3322532402791625,0.2238285144566301,-0.5347706879361913
1445,2018-10-02,CSKA Moscow,Real Madrid,1,0,round : 2,G,CSKA Moskva,Real Madrid,1,0,False,2018,2,Group,H,1,1,detailed_2005_2021,1461.87,1745.088,-283.218,0.164,47,86,0.26744186046511625,1.0348837209302326,1.1395348837209305,1.6395348837209305,-0.5,1433.7,1,486,0.5987654320987654,1.97119341563786,2.213991769547325,1.117283950617284,1.0967078189300412,1630.0,-196.29999999999995,-0.33132357163364917,-0.9363096947076275,-1.0744568858263945,0.5222509331036465
1446,2018-10-02,Roma,Viktoria Plzeň,5,0,round : 2,G,AS Roma,Viktoria Plzeň,5,0,False,2018,2,Group,H,1,5,detailed_2005_2021,1538.472,1452.458,86.013,0.621,28,109,0.3761467889908257,1.3669724770642202,1.3669724770642202,1.4587155963302751,-0.09174311926605505,1497.3,145,24,0.16666666666666666,0.625,0.9583333333333334,2.875,-1.9166666666666667,1394.2,103.09999999999991,0.20948012232415905,0.7419724770642202,0.40863914373088683,-1.4162844036697249
1447,2018-10-02,Juventus,Young Boys,3,0,round : 2,H,Juventus,BSC Young Boys,3,0,False,2018,2,Group,H,1,3,detailed_2005_2021,1675.414,1493.635,181.78,0.74,5,297,0.5084175084175084,1.754208754208754,1.589225589225589,1.0134680134680134,0.5757575757575758,1581.5,84,35,0.2857142857142857,1.1142857142857143,1.3428571428571427,1.9714285714285715,-0.6285714285714286,1461.9,119.59999999999991,0.22270322270322274,0.6399230399230398,0.24636844636844635,-0.9579605579605581
1448,2018-10-02,Manchester United,Valencia,0,0,round : 2,H,Manchester United,Valencia CF,0,0,False,2018,2,Group,D,0,0,detailed_2005_2021,1638.7,1514.866,123.834,0.671,4,289,0.5294117647058824,1.8269896193771626,1.813148788927336,1.038062283737024,0.7750865051903114,1599.3,23,116,0.41379310344827586,1.5344827586206897,1.456896551724138,1.0775862068965518,0.3793103448275862,1535.9,63.399999999999864,0.1156186612576065,0.2925068607564729,0.3562522372031982,-0.03952392315952791
1433,2018-10-03,Atlético Madrid,Club Brugge,3,1,round : 2,A,Atlético Madrid,Club Brugge KV,3,1,False,2018,2,Group,H,1,2,detailed_2005_2021,1648.964,1441.094,207.87,0.768,15,166,0.4759036144578313,1.6927710843373494,1.4578313253012047,0.9879518072289156,0.46987951807228917,1568.1,38,97,0.31958762886597936,1.1855670103092784,1.1855670103092784,1.4845360824742269,-0.29896907216494845,1461.2,106.89999999999986,0.15631598559185195,0.507204074028071,0.2722643149919264,-0.49658427524531124
1434,2018-10-03,Borussia Dortmund,AS Monaco,3,0,round : 2,A,Borussia Dortmund,AS Monaco,3,0,False,2018,2,Group,H,1,3,detailed_2005_2021,1539.79,1504.894,34.896,0.55,14,176,0.4715909090909091,1.6193181818181819,1.6875,1.2613636363636365,0.42613636363636365,1546.4,33,98,0.35714285714285715,1.2857142857142858,1.489795918367347,1.4183673469387754,0.07142857142857142,1479.4,67.0,0.11444805194805197,0.33360389610389607,0.19770408163265296,-0.15700371057513896
1435,2018-10-03,PSV Eindhoven,Inter,1,2,round : 2,B,PSV Eindhoven,Inter Milan,1,2,False,2018,2,Group,A,0,-1,detailed_2005_2021,1463.879,1586.887,-123.008,0.33,19,171,0.3391812865497076,1.2690058479532165,1.2456140350877194,1.3099415204678362,-0.06432748538011696,1478.1,12,203,0.47783251231527096,1.6945812807881773,1.4088669950738917,1.0295566502463054,0.3793103448275862,1569.5,-91.40000000000009,-0.13865122576556338,-0.4255754328349608,-0.16325295998617229,0.2803848702215308
1436,2018-10-03,Tottenham,Barcelona,2,4,round : 2,B,Tottenham Hotspur,FC Barcelona,2,4,False,2018,2,Group,A,0,-2,detailed_2005_2021,1533.818,1710.217,-176.398,0.266,46,61,0.4426229508196721,1.540983606557377,1.819672131147541,1.4426229508196722,0.3770491803278688,1525.8,3,341,0.5747800586510264,1.9501466275659824,1.9794721407624636,1.0439882697947214,0.9354838709677419,1628.8,-103.0,-0.13215710783135431,-0.40916302100860547,-0.15980000961492258,0.3986346810249508
1437,2018-10-03,Paris Saint-Germain,FK Crvena zvezda,6,1,round : 2,C,Paris Saint-Germain,Crvena Zvezda,6,1,False,2018,2,Group,H,1,5,detailed_2005_2021,1638.353,1500.377,137.976,0.689,16,151,0.5231788079470199,1.7615894039735098,1.9470198675496688,1.185430463576159,0.7615894039735099,1574.3,27,104,0.46153846153846156,1.5288461538461537,1.9615384615384612,1.6057692307692308,0.3557692307692308,1519.6,54.700000000000045,0.06164034640855831,0.23274325012735608,-0.014518593988792405,-0.42033876719307184
1438,2018-10-03,Napoli,Liverpool,1,0,round : 2,C,SSC Napoli,Liverpool FC,1,0,False,2018,2,Group,H,1,1,detailed_2005_2021,1512.733,1604.706,-91.973,0.371,39,66,0.45454545454545453,1.621212121212121,1.7121212121212122,1.2575757575757576,0.45454545454545453,1544.7,7,230,0.5565217391304348,1.8782608695652174,1.891304347826087,0.9608695652173912,0.9304347826086956,1606.0,-61.299999999999955,-0.10197628458498026,-0.2570487483530963,-0.17918313570487476,0.29670619235836637
1439,2018-10-03,Lokomotiv Moscow,FC Schalke 04,0,1,round : 2,D,Lokomotiv Moskva,FC Schalke 04,0,1,False,2018,2,Group,A,0,-1,detailed_2005_2021,1488.308,1528.308,-40.001,0.443,90,44,0.20454545454545456,0.7954545454545454,0.9090909090909092,1.568181818181818,-0.6590909090909091,1399.6,40,73,0.3972602739726027,1.4246575342465753,1.4383561643835616,1.5205479452054795,-0.0821917808219178,1507.5,-107.90000000000009,-0.19271481942714816,-0.6292029887920298,-0.5292652552926524,0.047633872976338365
1440,2018-10-03,FC Porto,Galatasaray,1,0,round : 2,D,FC Porto,Galatasaray,1,0,False,2018,2,Group,H,1,1,detailed_2005_2021,1547.669,1452.319,95.349,0.634,8,265,0.4528301886792453,1.5773584905660378,1.4792452830188678,1.1547169811320754,0.32452830188679244,1540.4,24,161,0.2670807453416149,1.0559006211180124,1.0807453416149069,1.6832298136645962,-0.6024844720496895,1434.0,106.40000000000009,0.18574944333763038,0.5214578694480254,0.39849994140396094,-0.5285128325325208
1457,2018-10-23,AEK Athens,Bayern München,0,2,round : 3,E,AEK Athen,Bayern Munich,0,2,False,2018,3,Group,A,0,-2,detailed_2005_2021,1481.453,1696.242,-214.788,0.225,77,56,0.16071428571428573,0.8214285714285714,1.0357142857142858,1.7857142857142858,-0.75,1411.3,2,388,0.595360824742268,1.9871134020618557,2.105670103092784,1.0051546391752575,1.1005154639175259,1636.0,-224.70000000000005,-0.43464653902798234,-1.1656848306332843,-1.0699558173784982,0.7805596465390283
1458,2018-10-23,Ajax,SL Benfica,1,0,round : 3,E,AFC Ajax,SL Benfica,1,0,False,2018,3,Group,H,1,1,detailed_2005_2021,1499.573,1486.773,12.8,0.518,11,215,0.46511627906976744,1.627906976744186,1.613953488372093,1.1255813953488372,0.4883720930232558,1552.1,9,266,0.43609022556390975,1.537593984962406,1.6466165413533835,1.218045112781955,0.42857142857142855,1532.9,19.199999999999818,0.029026053505857685,0.09031299178177998,-0.032663052981290575,-0.09246371743311776
1459,2018-10-23,1899 Hoffenheim,Olympique Lyonnais,3,3,round : 3,F,1899 Hoffenheim,Olympique Lyon,3,3,False,2018,3,Group,D,0,0,detailed_2005_2021,1491.85,1506.393,-14.543,0.479,253,6,0.0,0.5,1.8333333333333333,2.333333333333333,-0.5,1459.7,21,136,0.4264705882352941,1.5441176470588236,1.588235294117647,1.2279411764705883,0.3602941176470588,1535.8,-76.09999999999991,-0.4264705882352941,-1.0441176470588236,0.2450980392156863,1.1053921568627447
1460,2018-10-23,Shakhtar Donetsk,Manchester City,0,3,round : 3,F,Shakhtar Donetsk,Manchester City,0,3,False,2018,3,Group,A,0,-3,detailed_2005_2021,1512.997,1559.994,-46.997,0.433,31,118,0.3305084745762712,1.2118644067796611,1.3644067796610169,1.7627118644067796,-0.3983050847457627,1464.6,17,127,0.5669291338582677,1.905511811023622,2.118110236220472,1.1496062992125984,0.968503937007874,1604.7,-140.10000000000014,-0.23642065928199651,-0.6936474042439609,-0.7537034565594549,0.6131055651941812
1461,2018-10-23,Real Madrid,Viktoria Plzeň,2,1,round : 3,G,Real Madrid,Viktoria Plzeň,2,1,False,2018,3,Group,H,1,1,detailed_2005_2021,1728.364,1444.885,283.479,0.836,1,486,0.5987654320987654,1.97119341563786,2.213991769547325,1.117283950617284,1.0967078189300412,1630.0,145,24,0.16666666666666666,0.625,0.9583333333333334,2.875,-1.9166666666666667,1394.2,235.79999999999995,0.4320987654320988,1.34619341563786,1.2556584362139915,-1.757716049382716
1462,2018-10-23,Roma,CSKA Moscow,3,0,round : 3,G,AS Roma,CSKA Moskva,3,0,False,2018,3,Group,H,1,3,detailed_2005_2021,1546.045,1478.594,67.451,0.596,28,109,0.3761467889908257,1.3669724770642202,1.3669724770642202,1.4587155963302751,-0.09174311926605505,1497.3,47,86,0.26744186046511625,1.0348837209302326,1.1395348837209305,1.6395348837209305,-0.5,1433.7,63.59999999999991,0.10870492852570945,0.3320887561339876,0.22743759334328972,-0.18081928739065534
1463,2018-10-23,Young Boys,Valencia,1,1,round : 3,H,BSC Young Boys,Valencia CF,1,1,False,2018,3,Group,D,0,0,detailed_2005_2021,1488.436,1518.286,-29.85,0.457,84,35,0.2857142857142857,1.1142857142857143,1.3428571428571427,1.9714285714285715,-0.6285714285714286,1461.9,23,116,0.41379310344827586,1.5344827586206897,1.456896551724138,1.0775862068965518,0.3793103448275862,1535.9,-74.0,-0.12807881773399016,-0.4201970443349754,-0.11403940886699515,0.8938423645320197
1464,2018-10-23,Manchester United,Juventus,0,1,round : 3,H,Manchester United,Juventus,0,1,False,2018,3,Group,A,0,-1,detailed_2005_2021,1635.28,1680.613,-45.333,0.435,4,289,0.5294117647058824,1.8269896193771626,1.813148788927336,1.038062283737024,0.7750865051903114,1599.3,5,297,0.5084175084175084,1.754208754208754,1.589225589225589,1.0134680134680134,0.5757575757575758,1581.5,17.799999999999955,0.020994256288373925,0.07278086516840854,0.223923199701747,0.02459427026901051
1449,2018-10-24,Club Brugge,AS Monaco,1,1,round : 3,A,Club Brugge KV,AS Monaco,1,1,False,2018,3,Group,D,0,0,detailed_2005_2021,1436.452,1495.895,-59.443,0.415,38,97,0.31958762886597936,1.1855670103092784,1.1855670103092784,1.4845360824742269,-0.29896907216494845,1461.2,33,98,0.35714285714285715,1.2857142857142858,1.489795918367347,1.4183673469387754,0.07142857142857142,1479.4,-18.200000000000045,-0.037555228276877795,-0.10014727540500745,-0.3042289080580687,0.06616873553545144
1450,2018-10-24,Borussia Dortmund,Atlético Madrid,4,0,round : 3,A,Borussia Dortmund,Atlético Madrid,4,0,False,2018,3,Group,H,1,4,detailed_2005_2021,1548.789,1653.605,-104.816,0.354,14,176,0.4715909090909091,1.6193181818181819,1.6875,1.2613636363636365,0.42613636363636365,1546.4,15,166,0.4759036144578313,1.6927710843373494,1.4578313253012047,0.9879518072289156,0.46987951807228917,1568.1,-21.699999999999818,-0.004312705366922187,-0.07345290251916747,0.22966867469879526,0.27341182913472084
1451,2018-10-24,PSV Eindhoven,Tottenham,2,2,round : 3,B,PSV Eindhoven,Tottenham Hotspur,2,2,False,2018,3,Group,D,0,0,detailed_2005_2021,1457.279,1528.5,-71.221,0.399,19,171,0.3391812865497076,1.2690058479532165,1.2456140350877194,1.3099415204678362,-0.06432748538011696,1478.1,46,61,0.4426229508196721,1.540983606557377,1.819672131147541,1.4426229508196722,0.3770491803278688,1525.8,-47.700000000000045,-0.10344166426996454,-0.2719777586041605,-0.5740580960598216,-0.132681430351836
1452,2018-10-24,Barcelona,Inter,2,0,round : 3,B,FC Barcelona,Inter Milan,2,0,False,2018,3,Group,H,1,2,detailed_2005_2021,1715.535,1593.488,122.047,0.669,3,341,0.5747800586510264,1.9501466275659824,1.9794721407624636,1.0439882697947214,0.9354838709677419,1628.8,12,203,0.47783251231527096,1.6945812807881773,1.4088669950738917,1.0295566502463054,0.3793103448275862,1569.5,59.299999999999955,0.09694754633575547,0.2555653467778052,0.5706051456885719,0.014431619548415986
1453,2018-10-24,Liverpool,FK Crvena zvezda,4,0,round : 3,C,Liverpool FC,Crvena Zvezda,4,0,False,2018,3,Group,H,1,4,detailed_2005_2021,1592.119,1494.152,97.967,0.637,7,230,0.5565217391304348,1.8782608695652174,1.891304347826087,0.9608695652173912,0.9304347826086956,1606.0,27,104,0.46153846153846156,1.5288461538461537,1.9615384615384612,1.6057692307692308,0.3557692307692308,1519.6,86.40000000000009,0.09498327759197323,0.3494147157190637,-0.07023411371237431,-0.6448996655518396
1454,2018-10-24,Paris Saint-Germain,Napoli,2,2,round : 3,C,Paris Saint-Germain,SSC Napoli,2,2,False,2018,3,Group,D,0,0,detailed_2005_2021,1644.578,1525.32,119.258,0.665,16,151,0.5231788079470199,1.7615894039735098,1.9470198675496688,1.185430463576159,0.7615894039735099,1574.3,39,66,0.45454545454545453,1.621212121212121,1.7121212121212122,1.2575757575757576,0.45454545454545453,1544.7,29.59999999999991,0.06863335340156534,0.14037728276138872,0.23489865542845667,-0.07214529399959857
1455,2018-10-24,Galatasaray,FC Schalke 04,0,0,round : 3,D,Galatasaray,FC Schalke 04,0,0,False,2018,3,Group,D,0,0,detailed_2005_2021,1444.997,1537.162,-92.165,0.37,24,161,0.2670807453416149,1.0559006211180124,1.0807453416149069,1.6832298136645962,-0.6024844720496895,1434.0,40,73,0.3972602739726027,1.4246575342465753,1.4383561643835616,1.5205479452054795,-0.0821917808219178,1507.5,-73.5,-0.1301795286309878,-0.36875691312856285,-0.35761082276865475,0.1626818684591167
1456,2018-10-24,Lokomotiv Moscow,FC Porto,1,3,round : 3,D,Lokomotiv Moskva,FC Porto,1,3,False,2018,3,Group,A,0,-2,detailed_2005_2021,1479.454,1554.991,-75.537,0.393,90,44,0.20454545454545456,0.7954545454545454,0.9090909090909092,1.568181818181818,-0.6590909090909091,1399.6,8,265,0.4528301886792453,1.5773584905660378,1.4792452830188678,1.1547169811320754,0.32452830188679244,1540.4,-140.80000000000018,-0.24828473413379074,-0.7819039451114924,-0.5701543739279586,0.41346483704974246
1465,2018-11-06,AS Monaco,Club Brugge,0,4,round : 4,A,AS Monaco,Club Brugge KV,0,4,False,2018,4,Group,A,0,-4,detailed_2005_2021,1494.201,1438.147,56.054,0.58,33,98,0.35714285714285715,1.2857142857142858,1.489795918367347,1.4183673469387754,0.07142857142857142,1479.4,38,97,0.31958762886597936,1.1855670103092784,1.1855670103092784,1.4845360824742269,-0.29896907216494845,1461.2,18.200000000000045,0.037555228276877795,0.10014727540500745,0.3042289080580687,-0.06616873553545144
1466,2018-11-06,Atlético Madrid,Borussia Dortmund,2,0,round : 4,A,Atlético Madrid,Borussia Dortmund,2,0,False,2018,4,Group,H,1,2,detailed_2005_2021,1640.677,1561.717,78.959,0.612,15,166,0.4759036144578313,1.6927710843373494,1.4578313253012047,0.9879518072289156,0.46987951807228917,1568.1,14,176,0.4715909090909091,1.6193181818181819,1.6875,1.2613636363636365,0.42613636363636365,1546.4,21.699999999999818,0.004312705366922187,0.07345290251916747,-0.22966867469879526,-0.27341182913472084
1467,2018-11-06,Inter,Barcelona,1,1,round : 4,B,Inter Milan,FC Barcelona,1,1,False,2018,4,Group,D,0,0,detailed_2005_2021,1586.863,1722.16,-135.297,0.315,12,203,0.47783251231527096,1.6945812807881773,1.4088669950738917,1.0295566502463054,0.3793103448275862,1569.5,3,341,0.5747800586510264,1.9501466275659824,1.9794721407624636,1.0439882697947214,0.9354838709677419,1628.8,-59.299999999999955,-0.09694754633575547,-0.2555653467778052,-0.5706051456885719,-0.014431619548415986
1468,2018-11-06,Tottenham,PSV Eindhoven,2,1,round : 4,B,Tottenham Hotspur,PSV Eindhoven,2,1,False,2018,4,Group,H,1,1,detailed_2005_2021,1526.478,1459.3,67.178,0.595,46,61,0.4426229508196721,1.540983606557377,1.819672131147541,1.4426229508196722,0.3770491803278688,1525.8,19,171,0.3391812865497076,1.2690058479532165,1.2456140350877194,1.3099415204678362,-0.06432748538011696,1478.1,47.700000000000045,0.10344166426996454,0.2719777586041605,0.5740580960598216,0.132681430351836
1469,2018-11-06,FK Crvena zvezda,Liverpool,2,0,round : 4,C,Crvena Zvezda,Liverpool FC,2,0,False,2018,4,Group,H,1,2,detailed_2005_2021,1486.899,1599.372,-112.472,0.344,27,104,0.46153846153846156,1.5288461538461537,1.9615384615384612,1.6057692307692308,0.3557692307692308,1519.6,7,230,0.5565217391304348,1.8782608695652174,1.891304347826087,0.9608695652173912,0.9304347826086956,1606.0,-86.40000000000009,-0.09498327759197323,-0.3494147157190637,0.07023411371237431,0.6448996655518396
1470,2018-11-06,Napoli,Paris Saint-Germain,1,1,round : 4,C,SSC Napoli,Paris Saint-Germain,1,1,False,2018,4,Group,D,0,0,detailed_2005_2021,1528.624,1641.274,-112.65,0.343,39,66,0.45454545454545453,1.621212121212121,1.7121212121212122,1.2575757575757576,0.45454545454545453,1544.7,16,151,0.5231788079470199,1.7615894039735098,1.9470198675496688,1.185430463576159,0.7615894039735099,1574.3,-29.59999999999991,-0.06863335340156534,-0.14037728276138872,-0.23489865542845667,0.07214529399959857
1471,2018-11-06,FC Porto,Lokomotiv Moscow,4,1,round : 4,D,FC Porto,Lokomotiv Moskva,4,1,False,2018,4,Group,H,1,3,detailed_2005_2021,1562.851,1471.594,91.256,0.628,8,265,0.4528301886792453,1.5773584905660378,1.4792452830188678,1.1547169811320754,0.32452830188679244,1540.4,90,44,0.20454545454545456,0.7954545454545454,0.9090909090909092,1.568181818181818,-0.6590909090909091,1399.6,140.80000000000018,0.24828473413379074,0.7819039451114924,0.5701543739279586,-0.41346483704974246
1472,2018-11-06,FC Schalke 04,Galatasaray,2,0,round : 4,D,FC Schalke 04,Galatasaray,2,0,False,2018,4,Group,H,1,2,detailed_2005_2021,1534.57,1447.589,86.981,0.623,40,73,0.3972602739726027,1.4246575342465753,1.4383561643835616,1.5205479452054795,-0.0821917808219178,1507.5,24,161,0.2670807453416149,1.0559006211180124,1.0807453416149069,1.6832298136645962,-0.6024844720496895,1434.0,73.5,0.1301795286309878,0.36875691312856285,0.35761082276865475,-0.1626818684591167
1473,2018-11-07,Bayern München,AEK Athens,2,0,round : 4,E,Bayern Munich,AEK Athen,2,0,False,2018,4,Group,H,1,2,detailed_2005_2021,1700.743,1476.952,223.791,0.784,2,388,0.595360824742268,1.9871134020618557,2.105670103092784,1.0051546391752575,1.1005154639175259,1636.0,77,56,0.16071428571428573,0.8214285714285714,1.0357142857142858,1.7857142857142858,-0.75,1411.3,224.70000000000005,0.43464653902798234,1.1656848306332843,1.0699558173784982,-0.7805596465390283
1474,2018-11-07,SL Benfica,Ajax,1,1,round : 4,E,SL Benfica,AFC Ajax,1,1,False,2018,4,Group,D,0,0,detailed_2005_2021,1477.141,1509.205,-32.064,0.454,9,266,0.43609022556390975,1.537593984962406,1.6466165413533835,1.218045112781955,0.42857142857142855,1532.9,11,215,0.46511627906976744,1.627906976744186,1.613953488372093,1.1255813953488372,0.4883720930232558,1552.1,-19.199999999999818,-0.029026053505857685,-0.09031299178177998,0.032663052981290575,0.09246371743311776
1475,2018-11-07,Manchester City,Shakhtar Donetsk,6,0,round : 4,F,Manchester City,Shakhtar Donetsk,6,0,False,2018,4,Group,H,1,6,detailed_2005_2021,1568.65,1504.341,64.308,0.592,17,127,0.5669291338582677,1.905511811023622,2.118110236220472,1.1496062992125984,0.968503937007874,1604.7,31,118,0.3305084745762712,1.2118644067796611,1.3644067796610169,1.7627118644067796,-0.3983050847457627,1464.6,140.10000000000014,0.23642065928199651,0.6936474042439609,0.7537034565594549,-0.6131055651941812
1476,2018-11-07,Olympique Lyonnais,1899 Hoffenheim,2,2,round : 4,F,Olympique Lyon,1899 Hoffenheim,2,2,False,2018,4,Group,D,0,0,detailed_2005_2021,1505.975,1492.268,13.707,0.52,21,136,0.4264705882352941,1.5441176470588236,1.588235294117647,1.2279411764705883,0.3602941176470588,1535.8,253,6,0.0,0.5,1.8333333333333333,2.333333333333333,-0.5,1459.7,76.09999999999991,0.4264705882352941,1.0441176470588236,-0.2450980392156863,-1.1053921568627447
1477,2018-11-07,CSKA Moscow,Roma,1,2,round : 4,G,CSKA Moskva,AS Roma,1,2,False,2018,4,Group,A,0,-1,detailed_2005_2021,1470.511,1554.128,-83.617,0.382,47,86,0.26744186046511625,1.0348837209302326,1.1395348837209305,1.6395348837209305,-0.5,1433.7,28,109,0.3761467889908257,1.3669724770642202,1.3669724770642202,1.4587155963302751,-0.09174311926605505,1497.3,-63.59999999999991,-0.10870492852570945,-0.3320887561339876,-0.22743759334328972,0.18081928739065534
1478,2018-11-07,Viktoria Plzeň,Real Madrid,0,5,round : 4,G,Viktoria Plzeň,Real Madrid,0,5,False,2018,4,Group,A,0,-5,detailed_2005_2021,1441.613,1731.635,-290.022,0.158,145,24,0.16666666666666666,0.625,0.9583333333333334,2.875,-1.9166666666666667,1394.2,1,486,0.5987654320987654,1.97119341563786,2.213991769547325,1.117283950617284,1.0967078189300412,1630.0,-235.79999999999995,-0.4320987654320988,-1.34619341563786,-1.2556584362139915,1.757716049382716
1479,2018-11-07,Valencia,Young Boys,3,1,round : 4,H,Valencia CF,BSC Young Boys,3,1,False,2018,4,Group,H,1,2,detailed_2005_2021,1517.429,1489.294,28.136,0.54,23,116,0.41379310344827586,1.5344827586206897,1.456896551724138,1.0775862068965518,0.3793103448275862,1535.9,84,35,0.2857142857142857,1.1142857142857143,1.3428571428571427,1.9714285714285715,-0.6285714285714286,1461.9,74.0,0.12807881773399016,0.4201970443349754,0.11403940886699515,-0.8938423645320197
1480,2018-11-07,Juventus,Manchester United,1,2,round : 4,H,Juventus,Manchester United,1,2,False,2018,4,Group,A,0,-1,detailed_2005_2021,1689.315,1626.577,62.738,0.589,5,297,0.5084175084175084,1.754208754208754,1.589225589225589,1.0134680134680134,0.5757575757575758,1581.5,4,289,0.5294117647058824,1.8269896193771626,1.813148788927336,1.038062283737024,0.7750865051903114,1599.3,-17.799999999999955,-0.020994256288373925,-0.07278086516840854,-0.223923199701747,-0.02459427026901051
1489,2018-11-27,AEK Athens,Ajax,0,2,round : 5,E,AEK Athen,AFC Ajax,0,2,False,2018,5,Group,A,0,-2,detailed_2005_2021,1472.629,1508.285,-35.656,0.449,77,56,0.16071428571428573,0.8214285714285714,1.0357142857142858,1.7857142857142858,-0.75,1411.3,11,215,0.46511627906976744,1.627906976744186,1.613953488372093,1.1255813953488372,0.4883720930232558,1552.1,-140.79999999999995,-0.3044019933554817,-0.8064784053156147,-0.5782392026578071,0.6601328903654486
1490,2018-11-27,Bayern München,SL Benfica,5,1,round : 5,E,Bayern Munich,SL Benfica,5,1,False,2018,5,Group,H,1,4,detailed_2005_2021,1705.066,1478.062,227.004,0.787,2,388,0.595360824742268,1.9871134020618557,2.105670103092784,1.0051546391752575,1.1005154639175259,1636.0,9,266,0.43609022556390975,1.537593984962406,1.6466165413533835,1.218045112781955,0.42857142857142855,1532.9,103.09999999999991,0.15927059917835829,0.44951941709944965,0.4590535617394005,-0.21289047360669744
1491,2018-11-27,1899 Hoffenheim,Shakhtar Donetsk,2,3,round : 5,F,1899 Hoffenheim,Shakhtar Donetsk,2,3,False,2018,5,Group,A,0,-1,detailed_2005_2021,1492.663,1496.171,-3.509,0.495,253,6,0.0,0.5,1.8333333333333333,2.333333333333333,-0.5,1459.7,31,118,0.3305084745762712,1.2118644067796611,1.3644067796610169,1.7627118644067796,-0.3983050847457627,1464.6,-4.899999999999864,-0.3305084745762712,-0.7118644067796611,0.4689265536723164,0.5706214689265534
1492,2018-11-27,Olympique Lyonnais,Manchester City,2,2,round : 5,F,Olympique Lyon,Manchester City,2,2,False,2018,5,Group,D,0,0,detailed_2005_2021,1505.581,1576.819,-71.239,0.399,21,136,0.4264705882352941,1.5441176470588236,1.588235294117647,1.2279411764705883,0.3602941176470588,1535.8,17,127,0.5669291338582677,1.905511811023622,2.118110236220472,1.1496062992125984,0.968503937007874,1604.7,-68.90000000000009,-0.1404585456229736,-0.3613941639647984,-0.5298749421028248,0.07833487725798993
1493,2018-11-27,CSKA Moscow,Viktoria Plzeň,1,2,round : 5,G,CSKA Moskva,Viktoria Plzeň,1,2,False,2018,5,Group,A,0,-1,detailed_2005_2021,1462.873,1438.443,24.43,0.535,47,86,0.26744186046511625,1.0348837209302326,1.1395348837209305,1.6395348837209305,-0.5,1433.7,145,24,0.16666666666666666,0.625,0.9583333333333334,2.875,-1.9166666666666667,1394.2,39.5,0.1007751937984496,0.4098837209302326,0.1812015503875971,-1.2354651162790695
1494,2018-11-27,Roma,Real Madrid,0,2,round : 5,G,AS Roma,Real Madrid,0,2,False,2018,5,Group,A,0,-2,detailed_2005_2021,1561.767,1734.805,-173.038,0.27,28,109,0.3761467889908257,1.3669724770642202,1.3669724770642202,1.4587155963302751,-0.09174311926605505,1497.3,1,486,0.5987654320987654,1.97119341563786,2.213991769547325,1.117283950617284,1.0967078189300412,1630.0,-132.70000000000005,-0.22261864310793972,-0.6042209385736399,-0.8470192924831048,0.3414316457129911
1495,2018-11-27,Juventus,Valencia,1,0,round : 5,H,Juventus,Valencia CF,1,0,False,2018,5,Group,H,1,1,detailed_2005_2021,1677.529,1526.621,150.908,0.704,5,297,0.5084175084175084,1.754208754208754,1.589225589225589,1.0134680134680134,0.5757575757575758,1581.5,23,116,0.41379310344827586,1.5344827586206897,1.456896551724138,1.0775862068965518,0.3793103448275862,1535.9,45.59999999999991,0.09462440496923258,0.21972599558806438,0.1323290375014512,-0.06411819342853842
1496,2018-11-27,Manchester United,Young Boys,1,0,round : 5,H,Manchester United,BSC Young Boys,1,0,False,2018,5,Group,H,1,1,detailed_2005_2021,1638.363,1480.102,158.262,0.713,4,289,0.5294117647058824,1.8269896193771626,1.813148788927336,1.038062283737024,0.7750865051903114,1599.3,84,35,0.2857142857142857,1.1142857142857143,1.3428571428571427,1.9714285714285715,-0.6285714285714286,1461.9,137.39999999999986,0.24369747899159666,0.7127039050914483,0.47029164607019336,-0.9333662876915476
1481,2018-11-28,Atlético Madrid,AS Monaco,2,0,round : 5,A,Atlético Madrid,AS Monaco,2,0,False,2018,5,Group,H,1,2,detailed_2005_2021,1648.443,1482.601,165.841,0.722,15,166,0.4759036144578313,1.6927710843373494,1.4578313253012047,0.9879518072289156,0.46987951807228917,1568.1,33,98,0.35714285714285715,1.2857142857142858,1.489795918367347,1.4183673469387754,0.07142857142857142,1479.4,88.69999999999982,0.11876075731497415,0.40705679862306354,-0.0319645930661423,-0.4304155397098598
1482,2018-11-28,Borussia Dortmund,Club Brugge,0,0,round : 5,A,Borussia Dortmund,Club Brugge KV,0,0,False,2018,5,Group,D,0,0,detailed_2005_2021,1553.952,1449.746,104.206,0.646,14,176,0.4715909090909091,1.6193181818181819,1.6875,1.2613636363636365,0.42613636363636365,1546.4,38,97,0.31958762886597936,1.1855670103092784,1.1855670103092784,1.4845360824742269,-0.29896907216494845,1461.2,85.20000000000005,0.15200328022492976,0.4337511715089035,0.5019329896907216,-0.2231724461105904
1483,2018-11-28,PSV Eindhoven,Barcelona,1,2,round : 5,B,PSV Eindhoven,FC Barcelona,1,2,False,2018,5,Group,A,0,-1,detailed_2005_2021,1451.21,1718.451,-267.241,0.177,19,171,0.3391812865497076,1.2690058479532165,1.2456140350877194,1.3099415204678362,-0.06432748538011696,1478.1,3,341,0.5747800586510264,1.9501466275659824,1.9794721407624636,1.0439882697947214,0.9354838709677419,1628.8,-150.70000000000005,-0.23559877210131885,-0.681140779612766,-0.7338581056747442,0.2659532506731148
1484,2018-11-28,Tottenham,Inter,1,0,round : 5,B,Tottenham Hotspur,Inter Milan,1,0,False,2018,5,Group,H,1,1,detailed_2005_2021,1534.569,1590.571,-56.003,0.42,46,61,0.4426229508196721,1.540983606557377,1.819672131147541,1.4426229508196722,0.3770491803278688,1525.8,12,203,0.47783251231527096,1.6945812807881773,1.4088669950738917,1.0295566502463054,0.3793103448275862,1569.5,-43.700000000000045,-0.03520956149559884,-0.15359767423080029,0.4108051360736493,0.4130663005733668
1485,2018-11-28,Napoli,FK Crvena zvezda,3,1,round : 5,C,SSC Napoli,Crvena Zvezda,3,1,False,2018,5,Group,H,1,2,detailed_2005_2021,1531.757,1500.028,31.729,0.546,39,66,0.45454545454545453,1.621212121212121,1.7121212121212122,1.2575757575757576,0.45454545454545453,1544.7,27,104,0.46153846153846156,1.5288461538461537,1.9615384615384612,1.6057692307692308,0.3557692307692308,1519.6,25.100000000000136,-0.006993006993007034,0.09236596736596736,-0.24941724941724908,-0.34819347319347327
1486,2018-11-28,Paris Saint-Germain,Liverpool,2,1,round : 5,C,Paris Saint-Germain,Liverpool FC,2,1,False,2018,5,Group,H,1,1,detailed_2005_2021,1638.141,1586.243,51.898,0.574,16,151,0.5231788079470199,1.7615894039735098,1.9470198675496688,1.185430463576159,0.7615894039735099,1574.3,7,230,0.5565217391304348,1.8782608695652174,1.891304347826087,0.9608695652173912,0.9304347826086956,1606.0,-31.700000000000045,-0.033342931183414914,-0.1166714655917076,0.05571551972358191,0.2245608983587678
1487,2018-11-28,Lokomotiv Moscow,Galatasaray,2,0,round : 5,D,Lokomotiv Moskva,Galatasaray,2,0,False,2018,5,Group,H,1,2,detailed_2005_2021,1464.162,1440.042,24.12,0.535,90,44,0.20454545454545456,0.7954545454545454,0.9090909090909092,1.568181818181818,-0.6590909090909091,1399.6,24,161,0.2670807453416149,1.0559006211180124,1.0807453416149069,1.6832298136645962,-0.6024844720496895,1434.0,-34.40000000000009,-0.06253529079616035,-0.260446075663467,-0.1716544325239977,-0.11504799548277833
1488,2018-11-28,FC Porto,FC Schalke 04,3,1,round : 5,D,FC Porto,FC Schalke 04,3,1,False,2018,5,Group,H,1,2,detailed_2005_2021,1570.283,1542.117,28.166,0.54,8,265,0.4528301886792453,1.5773584905660378,1.4792452830188678,1.1547169811320754,0.32452830188679244,1540.4,40,73,0.3972602739726027,1.4246575342465753,1.4383561643835616,1.5205479452054795,-0.0821917808219178,1507.5,32.90000000000009,0.055569914706642576,0.15270095631946257,0.0408891186353062,-0.3658309640734041
1497,2019-02-12,Manchester United,Paris Saint-Germain,0,2,round : 18,,Manchester United,Paris Saint-Germain,0,2,False,2018,18,Knockout,A,0,-2,detailed_2005_2021,1644.099,1646.658,-2.559,0.496,4,289,0.5294117647058824,1.8269896193771626,1.813148788927336,1.038062283737024,0.7750865051903114,1599.3,16,151,0.5231788079470199,1.7615894039735098,1.9470198675496688,1.185430463576159,0.7615894039735099,1574.3,25.0,0.006232956758862485,0.06540021540365282,-0.13387107862233272,-0.14736817983913508
1498,2019-02-12,Roma,FC Porto,2,1,round : 18,,AS Roma,FC Porto,2,1,False,2018,18,Knockout,H,1,1,detailed_2005_2021,1556.373,1579.474,-23.101,0.467,28,109,0.3761467889908257,1.3669724770642202,1.3669724770642202,1.4587155963302751,-0.09174311926605505,1497.3,8,265,0.4528301886792453,1.5773584905660378,1.4792452830188678,1.1547169811320754,0.32452830188679244,1540.4,-43.100000000000136,-0.07668339968841958,-0.21038601350181763,-0.11227280595464761,0.3039986151981997
1499,2019-02-13,Ajax,Real Madrid,1,2,round : 18,,AFC Ajax,Real Madrid,1,2,False,2018,18,Knockout,A,0,-1,detailed_2005_2021,1517.262,1740.199,-222.937,0.217,11,215,0.46511627906976744,1.627906976744186,1.613953488372093,1.1255813953488372,0.4883720930232558,1552.1,1,486,0.5987654320987654,1.97119341563786,2.213991769547325,1.117283950617284,1.0967078189300412,1630.0,-77.90000000000009,-0.133649153028998,-0.34328643889367405,-0.6000382811752321,0.008297444731553139
1500,2019-02-13,Tottenham,Borussia Dortmund,3,0,round : 18,,Tottenham Hotspur,Borussia Dortmund,3,0,False,2018,18,Knockout,H,1,3,detailed_2005_2021,1546.167,1551.039,-4.873,0.493,46,61,0.4426229508196721,1.540983606557377,1.819672131147541,1.4426229508196722,0.3770491803278688,1525.8,14,176,0.4715909090909091,1.6193181818181819,1.6875,1.2613636363636365,0.42613636363636365,1546.4,-20.600000000000136,-0.028967958271236993,-0.0783345752608049,0.132172131147541,0.18125931445603571
1501,2019-02-19,Liverpool,Bayern München,0,0,round : 18,,Liverpool FC,Bayern Munich,0,0,False,2018,18,Knockout,D,0,0,detailed_2005_2021,1577.726,1709.326,-131.601,0.319,7,230,0.5565217391304348,1.8782608695652174,1.891304347826087,0.9608695652173912,0.9304347826086956,1606.0,2,388,0.595360824742268,1.9871134020618557,2.105670103092784,1.0051546391752575,1.1005154639175259,1636.0,-30.0,-0.038839085611833246,-0.10885253249663829,-0.2143657552666971,-0.044285073957866294
1502,2019-02-19,Olympique Lyonnais,Barcelona,0,0,round : 18,,Olympique Lyon,FC Barcelona,0,0,False,2018,18,Knockout,D,0,0,detailed_2005_2021,1507.603,1721.987,-214.384,0.225,21,136,0.4264705882352941,1.5441176470588236,1.588235294117647,1.2279411764705883,0.3602941176470588,1535.8,3,341,0.5747800586510264,1.9501466275659824,1.9794721407624636,1.0439882697947214,0.9354838709677419,1628.8,-93.0,-0.14830947041573234,-0.40602898050715885,-0.3912368466448166,0.18395290667586695
1503,2019-02-20,Atlético Madrid,Juventus,2,0,round : 18,,Atlético Madrid,Juventus,2,0,False,2018,18,Knockout,H,1,2,detailed_2005_2021,1654.002,1683.44,-29.438,0.458,15,166,0.4759036144578313,1.6927710843373494,1.4578313253012047,0.9879518072289156,0.46987951807228917,1568.1,5,297,0.5084175084175084,1.754208754208754,1.589225589225589,1.0134680134680134,0.5757575757575758,1581.5,-13.400000000000091,-0.03251389395967713,-0.061437669871404754,-0.13139426392438436,-0.025516206239097783
1504,2019-02-20,FC Schalke 04,Manchester City,2,3,round : 18,,FC Schalke 04,Manchester City,2,3,False,2018,18,Knockout,A,0,-1,detailed_2005_2021,1532.926,1574.797,-41.871,0.44,40,73,0.3972602739726027,1.4246575342465753,1.4383561643835616,1.5205479452054795,-0.0821917808219178,1507.5,17,127,0.5669291338582677,1.905511811023622,2.118110236220472,1.1496062992125984,0.968503937007874,1604.7,-97.20000000000005,-0.169668859885665,-0.48085427677704673,-0.6797540718369102,0.37094164599288115
1505,2019-03-05,Borussia Dortmund,Tottenham,0,1,round : 18,,Borussia Dortmund,Tottenham Hotspur,0,1,False,2018,18,Knockout,A,0,-1,detailed_2005_2021,1540.899,1556.307,-15.408,0.478,14,176,0.4715909090909091,1.6193181818181819,1.6875,1.2613636363636365,0.42613636363636365,1546.4,46,61,0.4426229508196721,1.540983606557377,1.819672131147541,1.4426229508196722,0.3770491803278688,1525.8,20.600000000000136,0.028967958271236993,0.0783345752608049,-0.132172131147541,-0.18125931445603571
1506,2019-03-05,Real Madrid,Ajax,1,4,round : 18,,Real Madrid,AFC Ajax,1,4,False,2018,18,Knockout,A,0,-3,detailed_2005_2021,1744.539,1512.922,231.617,0.791,1,486,0.5987654320987654,1.97119341563786,2.213991769547325,1.117283950617284,1.0967078189300412,1630.0,11,215,0.46511627906976744,1.627906976744186,1.613953488372093,1.1255813953488372,0.4883720930232558,1552.1,77.90000000000009,0.133649153028998,0.34328643889367405,0.6000382811752321,-0.008297444731553139
1507,2019-03-06,FC Porto,Roma,2(1),1(0),round : 18,,FC Porto,AS Roma,2,1,True,2018,18,Knockout,H,1,1,detailed_2005_2021,1568.81,1567.037,1.773,0.503,8,265,0.4528301886792453,1.5773584905660378,1.4792452830188678,1.1547169811320754,0.32452830188679244,1540.4,28,109,0.3761467889908257,1.3669724770642202,1.3669724770642202,1.4587155963302751,-0.09174311926605505,1497.3,43.100000000000136,0.07668339968841958,0.21038601350181763,0.11227280595464761,-0.3039986151981997
1508,2019-03-06,Paris Saint-Germain,Manchester United,1,3,round : 18,,Paris Saint-Germain,Manchester United,1,3,False,2018,18,Knockout,A,0,-2,detailed_2005_2021,1656.584,1634.173,22.412,0.532,16,151,0.5231788079470199,1.7615894039735098,1.9470198675496688,1.185430463576159,0.7615894039735099,1574.3,4,289,0.5294117647058824,1.8269896193771626,1.813148788927336,1.038062283737024,0.7750865051903114,1599.3,-25.0,-0.006232956758862485,-0.06540021540365282,0.13387107862233272,0.14736817983913508
1509,2019-03-12,Juventus,Atlético Madrid,3,0,round : 18,,Juventus,Atlético Madrid,3,0,False,2018,18,Knockout,H,1,3,detailed_2005_2021,1672.594,1664.847,7.747,0.511,5,297,0.5084175084175084,1.754208754208754,1.589225589225589,1.0134680134680134,0.5757575757575758,1581.5,15,166,0.4759036144578313,1.6927710843373494,1.4578313253012047,0.9879518072289156,0.46987951807228917,1568.1,13.400000000000091,0.03251389395967713,0.061437669871404754,0.13139426392438436,0.025516206239097783
1510,2019-03-12,Manchester City,FC Schalke 04,7,0,round : 18,,Manchester City,FC Schalke 04,7,0,False,2018,18,Knockout,H,1,7,detailed_2005_2021,1583.598,1524.126,59.472,0.585,17,127,0.5669291338582677,1.905511811023622,2.118110236220472,1.1496062992125984,0.968503937007874,1604.7,40,73,0.3972602739726027,1.4246575342465753,1.4383561643835616,1.5205479452054795,-0.0821917808219178,1507.5,97.20000000000005,0.169668859885665,0.48085427677704673,0.6797540718369102,-0.37094164599288115
1511,2019-03-13,Barcelona,Olympique Lyonnais,5,1,round : 18,,FC Barcelona,Olympique Lyon,5,1,False,2018,18,Knockout,H,1,4,detailed_2005_2021,1716.496,1513.094,203.402,0.763,3,341,0.5747800586510264,1.9501466275659824,1.9794721407624636,1.0439882697947214,0.9354838709677419,1628.8,21,136,0.4264705882352941,1.5441176470588236,1.588235294117647,1.2279411764705883,0.3602941176470588,1535.8,93.0,0.14830947041573234,0.40602898050715885,0.3912368466448166,-0.18395290667586695
1512,2019-03-13,Bayern München,Liverpool,1,3,round : 18,,Bayern Munich,Liverpool FC,1,3,False,2018,18,Knockout,A,0,-2,detailed_2005_2021,1705.71,1581.342,124.368,0.672,2,388,0.595360824742268,1.9871134020618557,2.105670103092784,1.0051546391752575,1.1005154639175259,1636.0,7,230,0.5565217391304348,1.8782608695652174,1.891304347826087,0.9608695652173912,0.9304347826086956,1606.0,30.0,0.038839085611833246,0.10885253249663829,0.2143657552666971,0.044285073957866294
1513,2019-04-09,Liverpool,FC Porto,2,0,round : quarterfinals,,Liverpool FC,FC Porto,2,0,False,2018,quarterfinals,Knockout,H,1,2,detailed_2005_2021,1594.776,1578.759,16.018,0.523,7,230,0.5565217391304348,1.8782608695652174,1.891304347826087,0.9608695652173912,0.9304347826086956,1606.0,8,265,0.4528301886792453,1.5773584905660378,1.4792452830188678,1.1547169811320754,0.32452830188679244,1540.4,65.59999999999991,0.1036915504511895,0.3009023789991796,0.4120590648072191,-0.19384741591468424
1514,2019-04-09,Tottenham,Manchester City,1,0,round : quarterfinals,,Tottenham Hotspur,Manchester City,1,0,False,2018,quarterfinals,Knockout,H,1,1,detailed_2005_2021,1565.864,1591.903,-26.039,0.463,46,61,0.4426229508196721,1.540983606557377,1.819672131147541,1.4426229508196722,0.3770491803278688,1525.8,17,127,0.5669291338582677,1.905511811023622,2.118110236220472,1.1496062992125984,0.968503937007874,1604.7,-78.90000000000009,-0.12430618303859559,-0.364528204466245,-0.2984381050729308,0.2930166516070738
1515,2019-04-10,Ajax,Juventus,1,1,round : quarterfinals,,AFC Ajax,Juventus,1,1,False,2018,quarterfinals,Knockout,D,0,0,detailed_2005_2021,1528.75,1682.371,-153.621,0.292,11,215,0.46511627906976744,1.627906976744186,1.613953488372093,1.1255813953488372,0.4883720930232558,1552.1,5,297,0.5084175084175084,1.754208754208754,1.589225589225589,1.0134680134680134,0.5757575757575758,1581.5,-29.40000000000009,-0.043301229347741,-0.12630177746456805,0.024727899146503862,0.11211338188082376
1516,2019-04-10,Manchester United,Barcelona,0,1,round : quarterfinals,,Manchester United,FC Barcelona,0,1,False,2018,quarterfinals,Knockout,A,0,-1,detailed_2005_2021,1644.817,1721.23,-76.413,0.392,4,289,0.5294117647058824,1.8269896193771626,1.813148788927336,1.038062283737024,0.7750865051903114,1599.3,3,341,0.5747800586510264,1.9501466275659824,1.9794721407624636,1.0439882697947214,0.9354838709677419,1628.8,-29.5,-0.04536829394514408,-0.1231570081888198,-0.16632335183512748,-0.005925986057697452
1517,2019-04-16,Barcelona,Manchester United,3,0,round : quarterfinals,,FC Barcelona,Manchester United,3,0,False,2018,quarterfinals,Knockout,H,1,3,detailed_2005_2021,1729.065,1636.982,92.084,0.63,3,341,0.5747800586510264,1.9501466275659824,1.9794721407624636,1.0439882697947214,0.9354838709677419,1628.8,4,289,0.5294117647058824,1.8269896193771626,1.813148788927336,1.038062283737024,0.7750865051903114,1599.3,29.5,0.04536829394514408,0.1231570081888198,0.16632335183512748,0.005925986057697452
1518,2019-04-16,Juventus,Ajax,1,2,round : quarterfinals,,Juventus,AFC Ajax,1,2,False,2018,quarterfinals,Knockout,A,0,-1,detailed_2005_2021,1678.217,1532.904,145.313,0.698,5,297,0.5084175084175084,1.754208754208754,1.589225589225589,1.0134680134680134,0.5757575757575758,1581.5,11,215,0.46511627906976744,1.627906976744186,1.613953488372093,1.1255813953488372,0.4883720930232558,1552.1,29.40000000000009,0.043301229347741,0.12630177746456805,-0.024727899146503862,-0.11211338188082376
1519,2019-04-17,FC Porto,Liverpool,1,4,round : quarterfinals,,FC Porto,Liverpool FC,1,4,False,2018,quarterfinals,Knockout,A,0,-3,detailed_2005_2021,1569.22,1604.316,-35.096,0.45,8,265,0.4528301886792453,1.5773584905660378,1.4792452830188678,1.1547169811320754,0.32452830188679244,1540.4,7,230,0.5565217391304348,1.8782608695652174,1.891304347826087,0.9608695652173912,0.9304347826086956,1606.0,-65.59999999999991,-0.1036915504511895,-0.3009023789991796,-0.4120590648072191,0.19384741591468424
1520,2019-04-17,Manchester City,Tottenham,4,3,round : quarterfinals,,Manchester City,Tottenham Hotspur,4,3,False,2018,quarterfinals,Knockout,H,1,1,detailed_2005_2021,1581.155,1576.612,4.543,0.507,17,127,0.5669291338582677,1.905511811023622,2.118110236220472,1.1496062992125984,0.968503937007874,1604.7,46,61,0.4426229508196721,1.540983606557377,1.819672131147541,1.4426229508196722,0.3770491803278688,1525.8,78.90000000000009,0.12430618303859559,0.364528204466245,0.2984381050729308,-0.2930166516070738
1521,2019-04-30,Tottenham,Ajax,0,1,round : semifinals,,Tottenham Hotspur,AFC Ajax,0,1,False,2018,semifinals,Knockout,A,0,-1,detailed_2005_2021,1566.743,1546.859,19.884,0.529,46,61,0.4426229508196721,1.540983606557377,1.819672131147541,1.4426229508196722,0.3770491803278688,1525.8,11,215,0.46511627906976744,1.627906976744186,1.613953488372093,1.1255813953488372,0.4883720930232558,1552.1,-26.299999999999955,-0.022493328250095312,-0.08692337018680907,0.20571864277544805,0.317041555470835
1522,2019-05-01,Barcelona,Liverpool,3,0,round : semifinals,,FC Barcelona,Liverpool FC,3,0,False,2018,semifinals,Knockout,H,1,3,detailed_2005_2021,1736.475,1613.309,123.166,0.67,3,341,0.5747800586510264,1.9501466275659824,1.9794721407624636,1.0439882697947214,0.9354838709677419,1628.8,7,230,0.5565217391304348,1.8782608695652174,1.891304347826087,0.9608695652173912,0.9304347826086956,1606.0,22.799999999999955,0.018258319520591648,0.07188575800076502,0.08816779293637667,0.08311870457733017
1523,2019-05-07,Liverpool,Barcelona,4,0,round : semifinals,,Liverpool FC,FC Barcelona,4,0,False,2018,semifinals,Knockout,H,1,4,detailed_2005_2021,1606.713,1743.072,-136.359,0.313,7,230,0.5565217391304348,1.8782608695652174,1.891304347826087,0.9608695652173912,0.9304347826086956,1606.0,3,341,0.5747800586510264,1.9501466275659824,1.9794721407624636,1.0439882697947214,0.9354838709677419,1628.8,-22.799999999999955,-0.018258319520591648,-0.07188575800076502,-0.08816779293637667,-0.08311870457733017
1524,2019-05-08,Ajax,Tottenham,2,3,round : semifinals,,AFC Ajax,Tottenham Hotspur,2,3,False,2018,semifinals,Knockout,A,0,-1,detailed_2005_2021,1557.431,1556.171,1.26,0.502,11,215,0.46511627906976744,1.627906976744186,1.613953488372093,1.1255813953488372,0.4883720930232558,1552.1,46,61,0.4426229508196721,1.540983606557377,1.819672131147541,1.4426229508196722,0.3770491803278688,1525.8,26.299999999999955,0.022493328250095312,0.08692337018680907,-0.20571864277544805,-0.317041555470835
1525,2019-06-01,Tottenham,Liverpool,0,2,round : final,,Tottenham Hotspur,Liverpool FC,0,2,False,2018,final,Knockout,A,0,-2,detailed_2005_2021,1566.207,1620.448,-54.24,0.423,46,61,0.4426229508196721,1.540983606557377,1.819672131147541,1.4426229508196722,0.3770491803278688,1525.8,7,230,0.5565217391304348,1.8782608695652174,1.891304347826087,0.9608695652173912,0.9304347826086956,1606.0,-80.20000000000005,-0.11389878831076267,-0.33727726300784044,-0.07163221667854591,0.481753385602281
1534,2019-09-17,Napoli,Liverpool,2,0,round : 1,E,SSC Napoli,Liverpool FC,2,0,False,2019,1,Group,H,1,2,detailed_2005_2021,1540.847,1628.899,-88.052,0.376,39,66,0.45454545454545453,1.621212121212121,1.7121212121212122,1.2575757575757576,0.45454545454545453,1544.7,7,230,0.5565217391304348,1.8782608695652174,1.891304347826087,0.9608695652173912,0.9304347826086956,1606.0,-61.299999999999955,-0.10197628458498026,-0.2570487483530963,-0.17918313570487476,0.29670619235836637
1535,2019-09-17,Red Bull Salzburg,KRC Genk,6,2,round : 1,E,RB Salzburg,KRC Genk,6,2,False,2019,1,Group,H,1,4,detailed_2005_2021,1500.0,1478.315,21.685,0.531,86,38,0.23684210526315788,1.0,1.3157894736842106,1.7894736842105263,-0.47368421052631576,1445.6,191,18,0.0,0.4444444444444444,0.5,2.5,-2.0,1406.4,39.19999999999982,0.23684210526315788,0.5555555555555556,0.8157894736842106,-0.7105263157894737
1536,2019-09-17,Inter,Slavia Praha,1,1,round : 1,F,Inter Milan,Slavia Praha,1,1,False,2019,1,Group,D,0,0,detailed_2005_2021,1578.973,1492.185,86.788,0.622,12,203,0.47783251231527096,1.6945812807881773,1.4088669950738917,1.0295566502463054,0.3793103448275862,1569.5,205,12,0.08333333333333333,0.5833333333333334,0.75,2.1666666666666665,-1.4166666666666667,1434.1,135.4000000000001,0.39449917898193765,1.111247947454844,0.6588669950738917,-1.1371100164203611
1537,2019-09-17,Borussia Dortmund,Barcelona,0,0,round : 1,F,Borussia Dortmund,FC Barcelona,0,0,False,2019,1,Group,D,0,0,detailed_2005_2021,1531.342,1729.337,-197.995,0.242,14,176,0.4715909090909091,1.6193181818181819,1.6875,1.2613636363636365,0.42613636363636365,1546.4,3,341,0.5747800586510264,1.9501466275659824,1.9794721407624636,1.0439882697947214,0.9354838709677419,1628.8,-82.39999999999986,-0.10318914956011732,-0.33082844574780057,-0.2919721407624636,0.2173753665689151
1538,2019-09-17,Olympique Lyonnais,Zenit St. Petersburg,1,1,round : 1,G,Olympique Lyon,Zenit St. Petersburg,1,1,False,2019,1,Group,D,0,0,detailed_2005_2021,1508.36,1523.871,-15.511,0.478,21,136,0.4264705882352941,1.5441176470588236,1.588235294117647,1.2279411764705883,0.3602941176470588,1535.8,56,64,0.328125,1.203125,1.1875,1.421875,-0.234375,1466.8,69.0,0.0983455882352941,0.3409926470588236,0.40073529411764697,-0.1939338235294117
1539,2019-09-17,SL Benfica,RB Leipzig,1,2,round : 1,G,SL Benfica,RB Leipzig,1,2,False,2019,1,Group,A,0,-1,detailed_2005_2021,1473.801,1505.494,-31.693,0.455,9,266,0.43609022556390975,1.537593984962406,1.6466165413533835,1.218045112781955,0.42857142857142855,1532.9,60,46,0.4782608695652174,1.565217391304348,1.7608695652173914,1.8043478260869563,-0.043478260869565216,1521.1,11.800000000000182,-0.042170644001307656,-0.027623406341941825,-0.11425302386400782,-0.5863027133050014
1540,2019-09-17,Ajax,Lille OSC,3,0,round : 1,H,AFC Ajax,Lille OSC,3,0,False,2019,1,Group,H,1,3,detailed_2005_2021,1547.394,1456.033,91.362,0.629,11,215,0.46511627906976744,1.627906976744186,1.613953488372093,1.1255813953488372,0.4883720930232558,1552.1,82,46,0.1956521739130435,0.9130434782608695,0.8260869565217391,1.2391304347826086,-0.41304347826086957,1430.7,121.39999999999986,0.2694641051567239,0.7148634984833165,0.7878665318503538,-0.11354903943377148
1541,2019-09-17,Chelsea,Valencia,0,1,round : 1,H,Chelsea FC,Valencia CF,0,1,False,2019,1,Group,A,0,-1,detailed_2005_2021,1605.652,1520.711,84.941,0.62,10,197,0.5126903553299492,1.8020304568527918,1.7106598984771573,0.934010152284264,0.7766497461928934,1593.5,23,116,0.41379310344827586,1.5344827586206897,1.456896551724138,1.0775862068965518,0.3793103448275862,1535.9,57.59999999999991,0.09889725188167336,0.2675476982321021,0.25376334675301937,-0.14357605461228784
1526,2019-09-18,Club Brugge,Galatasaray,0,0,round : 1,A,Club Brugge KV,Galatasaray,0,0,False,2019,1,Group,D,0,0,detailed_2005_2021,1452.659,1430.735,21.924,0.532,38,97,0.31958762886597936,1.1855670103092784,1.1855670103092784,1.4845360824742269,-0.29896907216494845,1461.2,24,161,0.2670807453416149,1.0559006211180124,1.0807453416149069,1.6832298136645962,-0.6024844720496895,1434.0,27.200000000000045,0.052506883524364445,0.12966638919126594,0.10482166869437148,-0.19869373119036937
1527,2019-09-18,Paris Saint-Germain,Real Madrid,3,0,round : 1,A,Paris Saint-Germain,Real Madrid,3,0,False,2019,1,Group,H,1,3,detailed_2005_2021,1645.94,1728.711,-82.771,0.383,16,151,0.5231788079470199,1.7615894039735098,1.9470198675496688,1.185430463576159,0.7615894039735099,1574.3,1,486,0.5987654320987654,1.97119341563786,2.213991769547325,1.117283950617284,1.0967078189300412,1630.0,-55.700000000000045,-0.07558662415174555,-0.20960401166435028,-0.2669719019976562,0.06814651295887497
1528,2019-09-18,Olympiacos,Tottenham,2,2,round : 1,B,Olympiakos Piraeus,Tottenham Hotspur,2,2,False,2019,1,Group,D,0,0,detailed_2005_2021,1466.633,1557.756,-91.122,0.372,25,156,0.30128205128205127,1.0833333333333333,1.1282051282051282,1.698717948717949,-0.5705128205128205,1432.0,46,61,0.4426229508196721,1.540983606557377,1.819672131147541,1.4426229508196722,0.3770491803278688,1525.8,-93.79999999999995,-0.14134089953762086,-0.4576502732240437,-0.6914670029424128,0.2560949978982767
1529,2019-09-18,Bayern München,FK Crvena zvezda,3,0,round : 1,B,Bayern Munich,Crvena Zvezda,3,0,False,2019,1,Group,H,1,3,detailed_2005_2021,1692.276,1490.939,201.337,0.761,2,388,0.595360824742268,1.9871134020618557,2.105670103092784,1.0051546391752575,1.1005154639175259,1636.0,27,104,0.46153846153846156,1.5288461538461537,1.9615384615384612,1.6057692307692308,0.3557692307692308,1519.6,116.40000000000009,0.13382236320380647,0.45826724821570197,0.1441316415543228,-0.6006145915939733
1530,2019-09-18,GNK Dinamo Zagreb,Atalanta,4,0,round : 1,C,Dinamo Zagreb,Atalanta,4,0,False,2019,1,Group,H,1,4,detailed_2005_2021,1374.074,1500.0,-125.926,0.326,94,54,0.14814814814814814,0.6111111111111112,0.7777777777777778,2.1296296296296298,-1.3518518518518519,1356.2,98,23,0.34782608695652173,1.3043478260869565,1.7391304347826086,1.8695652173913044,-0.13043478260869565,1491.9,-135.70000000000005,-0.1996779388083736,-0.6932367149758454,-0.9613526570048309,0.2600644122383253
1531,2019-09-18,Shakhtar Donetsk,Manchester City,0,3,round : 1,C,Shakhtar Donetsk,Manchester City,0,3,False,2019,1,Group,A,0,-3,detailed_2005_2021,1506.07,1591.024,-84.954,0.38,31,118,0.3305084745762712,1.2118644067796611,1.3644067796610169,1.7627118644067796,-0.3983050847457627,1464.6,17,127,0.5669291338582677,1.905511811023622,2.118110236220472,1.1496062992125984,0.968503937007874,1604.7,-140.10000000000014,-0.23642065928199651,-0.6936474042439609,-0.7537034565594549,0.6131055651941812
1532,2019-09-18,Atlético Madrid,Juventus,2,2,round : 1,D,Atlético Madrid,Juventus,2,2,False,2019,1,Group,D,0,0,detailed_2005_2021,1655.07,1664.262,-9.193,0.487,15,166,0.4759036144578313,1.6927710843373494,1.4578313253012047,0.9879518072289156,0.46987951807228917,1568.1,5,297,0.5084175084175084,1.754208754208754,1.589225589225589,1.0134680134680134,0.5757575757575758,1581.5,-13.400000000000091,-0.03251389395967713,-0.061437669871404754,-0.13139426392438436,-0.025516206239097783
1533,2019-09-18,Bayer 04 Leverkusen,Lokomotiv Moscow,1,2,round : 1,D,Bayer Leverkusen,Lokomotiv Moskva,1,2,False,2019,1,Group,A,0,-1,detailed_2005_2021,1508.405,1473.469,34.936,0.55,32,107,0.34579439252336447,1.2710280373831775,1.383177570093458,1.6355140186915889,-0.2523364485981308,1478.1,90,44,0.20454545454545456,0.7954545454545454,0.9090909090909092,1.568181818181818,-0.6590909090909091,1399.6,78.5,0.1412489379779099,0.4755734919286321,0.4740866610025489,0.06733220050977096
1542,2019-10-01,Real Madrid,Club Brugge,2,2,round : 2,A,Real Madrid,Club Brugge KV,2,2,False,2019,2,Group,D,0,0,detailed_2005_2021,1716.373,1452.028,264.345,0.821,1,486,0.5987654320987654,1.97119341563786,2.213991769547325,1.117283950617284,1.0967078189300412,1630.0,38,97,0.31958762886597936,1.1855670103092784,1.1855670103092784,1.4845360824742269,-0.29896907216494845,1461.2,168.79999999999995,0.27917780323278607,0.7856264053285817,1.0284247592380467,-0.36725213185694283
1543,2019-10-01,Galatasaray,Paris Saint-Germain,0,1,round : 2,A,Galatasaray,Paris Saint-Germain,0,1,False,2019,2,Group,A,0,-1,detailed_2005_2021,1431.365,1658.279,-226.914,0.213,24,161,0.2670807453416149,1.0559006211180124,1.0807453416149069,1.6832298136645962,-0.6024844720496895,1434.0,16,151,0.5231788079470199,1.7615894039735098,1.9470198675496688,1.185430463576159,0.7615894039735099,1574.3,-140.29999999999995,-0.25609806260540496,-0.7056887828554974,-0.866274525934762,0.49779935008843723
1544,2019-10-01,FK Crvena zvezda,Olympiacos,3,1,round : 2,B,Crvena Zvezda,Olympiakos Piraeus,3,1,False,2019,2,Group,H,1,2,detailed_2005_2021,1486.162,1469.197,16.964,0.524,27,104,0.46153846153846156,1.5288461538461537,1.9615384615384612,1.6057692307692308,0.3557692307692308,1519.6,25,156,0.30128205128205127,1.0833333333333333,1.1282051282051282,1.698717948717949,-0.5705128205128205,1432.0,87.59999999999991,0.1602564102564103,0.4455128205128205,0.833333333333333,-0.09294871794871806
1545,2019-10-01,Tottenham,Bayern München,2,7,round : 2,B,Tottenham Hotspur,Bayern Munich,2,7,False,2019,2,Group,A,0,-5,detailed_2005_2021,1555.192,1697.053,-141.861,0.306,46,61,0.4426229508196721,1.540983606557377,1.819672131147541,1.4426229508196722,0.3770491803278688,1525.8,2,388,0.595360824742268,1.9871134020618557,2.105670103092784,1.0051546391752575,1.1005154639175259,1636.0,-110.20000000000005,-0.1527378739225959,-0.44612979550447873,-0.285997971945243,0.4374683116444147
1546,2019-10-01,Atalanta,Shakhtar Donetsk,1,2,round : 2,C,Atalanta,Shakhtar Donetsk,1,2,False,2019,2,Group,A,0,-1,detailed_2005_2021,1486.526,1498.468,-11.942,0.483,98,23,0.34782608695652173,1.3043478260869565,1.7391304347826086,1.8695652173913044,-0.13043478260869565,1491.9,31,118,0.3305084745762712,1.2118644067796611,1.3644067796610169,1.7627118644067796,-0.3983050847457627,1464.6,27.300000000000182,0.017317612380250536,0.09248341930729542,0.3747236551215918,0.10685335298452481
1547,2019-10-01,Manchester City,GNK Dinamo Zagreb,2,0,round : 2,C,Manchester City,Dinamo Zagreb,2,0,False,2019,2,Group,H,1,2,detailed_2005_2021,1598.626,1387.548,211.079,0.771,17,127,0.5669291338582677,1.905511811023622,2.118110236220472,1.1496062992125984,0.968503937007874,1604.7,94,54,0.14814814814814814,0.6111111111111112,0.7777777777777778,2.1296296296296298,-1.3518518518518519,1356.2,248.5,0.41878098571011957,1.2944006999125108,1.340332458442694,-0.9800233304170314
1548,2019-10-01,Juventus,Bayer 04 Leverkusen,3,0,round : 2,D,Juventus,Bayer Leverkusen,3,0,False,2019,2,Group,H,1,3,detailed_2005_2021,1663.998,1497.403,166.595,0.723,5,297,0.5084175084175084,1.754208754208754,1.589225589225589,1.0134680134680134,0.5757575757575758,1581.5,32,107,0.34579439252336447,1.2710280373831775,1.383177570093458,1.6355140186915889,-0.2523364485981308,1478.1,103.40000000000009,0.16262311589414397,0.4831807168255766,0.206048019132131,-0.6220460052235754
1549,2019-10-01,Lokomotiv Moscow,Atlético Madrid,0,2,round : 2,D,Lokomotiv Moskva,Atlético Madrid,0,2,False,2019,2,Group,A,0,-2,detailed_2005_2021,1484.471,1655.334,-170.863,0.272,90,44,0.20454545454545456,0.7954545454545454,0.9090909090909092,1.568181818181818,-0.6590909090909091,1399.6,15,166,0.4759036144578313,1.6927710843373494,1.4578313253012047,0.9879518072289156,0.46987951807228917,1568.1,-168.5,-0.2713581599123768,-0.8973165388828039,-0.5487404162102956,0.5802300109529023
1550,2019-10-02,KRC Genk,Napoli,0,0,round : 2,E,KRC Genk,SSC Napoli,0,0,False,2019,2,Group,D,0,0,detailed_2005_2021,1468.939,1553.328,-84.389,0.381,191,18,0.0,0.4444444444444444,0.5,2.5,-2.0,1406.4,39,66,0.45454545454545453,1.621212121212121,1.7121212121212122,1.2575757575757576,0.45454545454545453,1544.7,-138.29999999999995,-0.45454545454545453,-1.1767676767676767,-1.2121212121212122,1.2424242424242424
1551,2019-10-02,Liverpool,Red Bull Salzburg,4,3,round : 2,E,Liverpool FC,RB Salzburg,4,3,False,2019,2,Group,H,1,1,detailed_2005_2021,1616.417,1509.377,107.041,0.649,7,230,0.5565217391304348,1.8782608695652174,1.891304347826087,0.9608695652173912,0.9304347826086956,1606.0,86,38,0.23684210526315788,1.0,1.3157894736842106,1.7894736842105263,-0.47368421052631576,1445.6,160.4000000000001,0.31967963386727694,0.8782608695652174,0.5755148741418763,-0.8286041189931351
1552,2019-10-02,Slavia Praha,Borussia Dortmund,0,2,round : 2,F,Slavia Praha,Borussia Dortmund,0,2,False,2019,2,Group,A,0,-2,detailed_2005_2021,1494.633,1536.495,-41.862,0.44,205,12,0.08333333333333333,0.5833333333333334,0.75,2.1666666666666665,-1.4166666666666667,1434.1,14,176,0.4715909090909091,1.6193181818181819,1.6875,1.2613636363636365,0.42613636363636365,1546.4,-112.30000000000018,-0.3882575757575758,-1.0359848484848486,-0.9375,0.90530303030303
1553,2019-10-02,Barcelona,Inter,2,1,round : 2,F,FC Barcelona,Inter Milan,2,1,False,2019,2,Group,H,1,1,detailed_2005_2021,1724.184,1576.526,147.658,0.701,3,341,0.5747800586510264,1.9501466275659824,1.9794721407624636,1.0439882697947214,0.9354838709677419,1628.8,12,203,0.47783251231527096,1.6945812807881773,1.4088669950738917,1.0295566502463054,0.3793103448275862,1569.5,59.299999999999955,0.09694754633575547,0.2555653467778052,0.5706051456885719,0.014431619548415986
1554,2019-10-02,RB Leipzig,Olympique Lyonnais,0,2,round : 2,G,RB Leipzig,Olympique Lyon,0,2,False,2019,2,Group,A,0,-2,detailed_2005_2021,1514.584,1508.806,5.779,0.508,60,46,0.4782608695652174,1.565217391304348,1.7608695652173914,1.8043478260869563,-0.043478260869565216,1521.1,21,136,0.4264705882352941,1.5441176470588236,1.588235294117647,1.2279411764705883,0.3602941176470588,1535.8,-14.700000000000045,0.051790281329923304,0.0210997442455243,0.17263427109974439,0.576406649616368
1555,2019-10-02,Zenit St. Petersburg,SL Benfica,3,1,round : 2,G,Zenit St. Petersburg,SL Benfica,3,1,False,2019,2,Group,H,1,2,detailed_2005_2021,1523.425,1464.711,58.714,0.584,56,64,0.328125,1.203125,1.1875,1.421875,-0.234375,1466.8,9,266,0.43609022556390975,1.537593984962406,1.6466165413533835,1.218045112781955,0.42857142857142855,1532.9,-66.10000000000014,-0.10796522556390975,-0.33446898496240607,-0.45911654135338353,0.20382988721804507
1556,2019-10-02,Lille OSC,Chelsea,1,2,round : 2,H,Lille OSC,Chelsea FC,1,2,False,2019,2,Group,A,0,-1,detailed_2005_2021,1448.603,1593.255,-144.652,0.303,82,46,0.1956521739130435,0.9130434782608695,0.8260869565217391,1.2391304347826086,-0.41304347826086957,1430.7,10,197,0.5126903553299492,1.8020304568527918,1.7106598984771573,0.934010152284264,0.7766497461928934,1593.5,-162.79999999999995,-0.31703818141690576,-0.8889869785919223,-0.8845729419554181,0.30512028249834466
1557,2019-10-02,Valencia,Ajax,0,3,round : 2,H,Valencia CF,AFC Ajax,0,3,False,2019,2,Group,A,0,-3,detailed_2005_2021,1533.108,1554.824,-21.716,0.469,23,116,0.41379310344827586,1.5344827586206897,1.456896551724138,1.0775862068965518,0.3793103448275862,1535.9,11,215,0.46511627906976744,1.627906976744186,1.613953488372093,1.1255813953488372,0.4883720930232558,1552.1,-16.199999999999818,-0.05132317562149158,-0.09342421812349633,-0.15705693664795506,-0.04799518845228534
1558,2019-10-22,Club Brugge,Paris Saint-Germain,0,5,round : 3,A,Club Brugge KV,Paris Saint-Germain,0,5,False,2019,3,Group,A,0,-5,detailed_2005_2021,1458.444,1662.541,-204.097,0.236,38,97,0.31958762886597936,1.1855670103092784,1.1855670103092784,1.4845360824742269,-0.29896907216494845,1461.2,16,151,0.5231788079470199,1.7615894039735098,1.9470198675496688,1.185430463576159,0.7615894039735099,1574.3,-113.09999999999991,-0.20359117908104052,-0.5760223936642315,-0.7614528572403905,0.29910561889806786
1559,2019-10-22,Galatasaray,Real Madrid,0,1,round : 3,A,Galatasaray,Real Madrid,0,1,False,2019,3,Group,A,0,-1,detailed_2005_2021,1427.103,1709.957,-282.855,0.164,24,161,0.2670807453416149,1.0559006211180124,1.0807453416149069,1.6832298136645962,-0.6024844720496895,1434.0,1,486,0.5987654320987654,1.97119341563786,2.213991769547325,1.117283950617284,1.0967078189300412,1630.0,-196.0,-0.3316846867571505,-0.9152927945198477,-1.1332464279324181,0.5659458630473122
1560,2019-10-22,Olympiacos,Bayern München,2,3,round : 3,B,Olympiakos Piraeus,Bayern Munich,2,3,False,2019,3,Group,A,0,-1,detailed_2005_2021,1459.685,1703.183,-243.497,0.198,25,156,0.30128205128205127,1.0833333333333333,1.1282051282051282,1.698717948717949,-0.5705128205128205,1432.0,2,388,0.595360824742268,1.9871134020618557,2.105670103092784,1.0051546391752575,1.1005154639175259,1636.0,-204.0,-0.29407877346021677,-0.9037800687285225,-0.9774649748876558,0.6935633095426914
1561,2019-10-22,Tottenham,FK Crvena zvezda,5,0,round : 3,B,Tottenham Hotspur,Crvena Zvezda,5,0,False,2019,3,Group,H,1,5,detailed_2005_2021,1549.062,1495.674,53.388,0.576,46,61,0.4426229508196721,1.540983606557377,1.819672131147541,1.4426229508196722,0.3770491803278688,1525.8,27,104,0.46153846153846156,1.5288461538461537,1.9615384615384612,1.6057692307692308,0.3557692307692308,1519.6,6.2000000000000455,-0.01891551071878944,0.01213745271122324,-0.14186633039092023,-0.16314627994955866
1562,2019-10-22,Shakhtar Donetsk,GNK Dinamo Zagreb,2,2,round : 3,C,Shakhtar Donetsk,Dinamo Zagreb,2,2,False,2019,3,Group,D,0,0,detailed_2005_2021,1508.124,1382.972,125.153,0.673,31,118,0.3305084745762712,1.2118644067796611,1.3644067796610169,1.7627118644067796,-0.3983050847457627,1464.6,94,54,0.14814814814814814,0.6111111111111112,0.7777777777777778,2.1296296296296298,-1.3518518518518519,1356.2,108.39999999999986,0.18236032642812305,0.60075329566855,0.5866290018832391,-0.36691776522285013
1563,2019-10-22,Manchester City,Atalanta,5,1,round : 3,C,Manchester City,Atalanta,5,1,False,2019,3,Group,H,1,4,detailed_2005_2021,1603.202,1476.87,126.333,0.674,17,127,0.5669291338582677,1.905511811023622,2.118110236220472,1.1496062992125984,0.968503937007874,1604.7,98,23,0.34782608695652173,1.3043478260869565,1.7391304347826086,1.8695652173913044,-0.13043478260869565,1491.9,112.79999999999995,0.21910304690174598,0.6011639849366655,0.37897980143786314,-0.719958918178706
1564,2019-10-22,Atlético Madrid,Bayer 04 Leverkusen,1,0,round : 3,D,Atlético Madrid,Bayer Leverkusen,1,0,False,2019,3,Group,H,1,1,detailed_2005_2021,1660.778,1491.861,168.917,0.726,15,166,0.4759036144578313,1.6927710843373494,1.4578313253012047,0.9879518072289156,0.46987951807228917,1568.1,32,107,0.34579439252336447,1.2710280373831775,1.383177570093458,1.6355140186915889,-0.2523364485981308,1478.1,90.0,0.13010922193446683,0.42174304695417186,0.07465375520774664,-0.6475622114626732
1565,2019-10-22,Juventus,Lokomotiv Moscow,2,1,round : 3,D,Juventus,Lokomotiv Moskva,2,1,False,2019,3,Group,H,1,1,detailed_2005_2021,1669.54,1479.027,190.512,0.75,5,297,0.5084175084175084,1.754208754208754,1.589225589225589,1.0134680134680134,0.5757575757575758,1581.5,90,44,0.20454545454545456,0.7954545454545454,0.9090909090909092,1.568181818181818,-0.6590909090909091,1399.6,181.9000000000001,0.30387205387205385,0.9587542087542087,0.6801346801346799,-0.5547138047138045
1566,2019-10-23,KRC Genk,Liverpool,1,4,round : 3,E,KRC Genk,Liverpool FC,1,4,False,2019,3,Group,A,0,-3,detailed_2005_2021,1471.321,1623.431,-152.11,0.294,191,18,0.0,0.4444444444444444,0.5,2.5,-2.0,1406.4,7,230,0.5565217391304348,1.8782608695652174,1.891304347826087,0.9608695652173912,0.9304347826086956,1606.0,-199.5999999999999,-0.5565217391304348,-1.433816425120773,-1.391304347826087,1.5391304347826087
1567,2019-10-23,Red Bull Salzburg,Napoli,2,3,round : 3,E,RB Salzburg,SSC Napoli,2,3,False,2019,3,Group,A,0,-1,detailed_2005_2021,1502.364,1550.946,-48.582,0.431,86,38,0.23684210526315788,1.0,1.3157894736842106,1.7894736842105263,-0.47368421052631576,1445.6,39,66,0.45454545454545453,1.621212121212121,1.7121212121212122,1.2575757575757576,0.45454545454545453,1544.7,-99.10000000000014,-0.21770334928229665,-0.6212121212121211,-0.39633173843700154,0.5318979266347688
1568,2019-10-23,Inter,Borussia Dortmund,2,0,round : 3,F,Inter Milan,Borussia Dortmund,2,0,False,2019,3,Group,H,1,2,detailed_2005_2021,1570.537,1545.296,25.241,0.536,12,203,0.47783251231527096,1.6945812807881773,1.4088669950738917,1.0295566502463054,0.3793103448275862,1569.5,14,176,0.4715909090909091,1.6193181818181819,1.6875,1.2613636363636365,0.42613636363636365,1546.4,23.09999999999991,0.006241603224361847,0.07526309896999539,-0.2786330049261083,-0.23180698611733108
1569,2019-10-23,Slavia Praha,Barcelona,1,2,round : 3,F,Slavia Praha,FC Barcelona,1,2,False,2019,3,Group,A,0,-1,detailed_2005_2021,1485.832,1730.173,-244.341,0.197,205,12,0.08333333333333333,0.5833333333333334,0.75,2.1666666666666665,-1.4166666666666667,1434.1,3,341,0.5747800586510264,1.9501466275659824,1.9794721407624636,1.0439882697947214,0.9354838709677419,1628.8,-194.70000000000005,-0.4914467253176931,-1.366813294232649,-1.2294721407624636,1.1226783968719452
1570,2019-10-23,RB Leipzig,Zenit St. Petersburg,2,1,round : 3,G,RB Leipzig,Zenit St. Petersburg,2,1,False,2019,3,Group,H,1,1,detailed_2005_2021,1504.418,1531.751,-27.332,0.461,60,46,0.4782608695652174,1.565217391304348,1.7608695652173914,1.8043478260869563,-0.043478260869565216,1521.1,56,64,0.328125,1.203125,1.1875,1.421875,-0.234375,1466.8,54.299999999999955,0.1501358695652174,0.3620923913043479,0.5733695652173914,0.3824728260869563
1571,2019-10-23,SL Benfica,Olympique Lyonnais,2,1,round : 3,G,SL Benfica,Olympique Lyon,2,1,False,2019,3,Group,H,1,1,detailed_2005_2021,1456.385,1518.972,-62.588,0.411,9,266,0.43609022556390975,1.537593984962406,1.6466165413533835,1.218045112781955,0.42857142857142855,1532.9,21,136,0.4264705882352941,1.5441176470588236,1.588235294117647,1.2279411764705883,0.3602941176470588,1535.8,-2.8999999999998636,0.009619637328615649,-0.006523662096417526,0.058381247235736566,-0.009896063688633383
1572,2019-10-23,Ajax,Chelsea,0,1,round : 3,H,AFC Ajax,Chelsea FC,0,1,False,2019,3,Group,A,0,-1,detailed_2005_2021,1564.199,1599.316,-35.117,0.45,11,215,0.46511627906976744,1.627906976744186,1.613953488372093,1.1255813953488372,0.4883720930232558,1552.1,10,197,0.5126903553299492,1.8020304568527918,1.7106598984771573,0.934010152284264,0.7766497461928934,1593.5,-41.40000000000009,-0.047574076260181786,-0.1741234801086058,-0.09670641010506431,0.19157124306457318
1573,2019-10-23,Lille OSC,Valencia,1,1,round : 3,H,Lille OSC,Valencia CF,1,1,False,2019,3,Group,D,0,0,detailed_2005_2021,1442.542,1523.732,-81.191,0.385,82,46,0.1956521739130435,0.9130434782608695,0.8260869565217391,1.2391304347826086,-0.41304347826086957,1430.7,23,116,0.41379310344827586,1.5344827586206897,1.456896551724138,1.0775862068965518,0.3793103448275862,1535.9,-105.20000000000005,-0.21814092953523237,-0.6214392803598202,-0.6308095952023988,0.16154422788605682
1582,2019-11-05,Liverpool,KRC Genk,2,1,round : 4,E,Liverpool FC,KRC Genk,2,1,False,2019,4,Group,H,1,1,detailed_2005_2021,1629.312,1465.439,163.873,0.72,7,230,0.5565217391304348,1.8782608695652174,1.891304347826087,0.9608695652173912,0.9304347826086956,1606.0,191,18,0.0,0.4444444444444444,0.5,2.5,-2.0,1406.4,199.5999999999999,0.5565217391304348,1.433816425120773,1.391304347826087,-1.5391304347826087
1583,2019-11-05,Napoli,Red Bull Salzburg,1,1,round : 4,E,SSC Napoli,RB Salzburg,1,1,False,2019,4,Group,D,0,0,detailed_2005_2021,1559.557,1493.753,65.804,0.594,39,66,0.45454545454545453,1.621212121212121,1.7121212121212122,1.2575757575757576,0.45454545454545453,1544.7,86,38,0.23684210526315788,1.0,1.3157894736842106,1.7894736842105263,-0.47368421052631576,1445.6,99.10000000000014,0.21770334928229665,0.6212121212121211,0.39633173843700154,-0.5318979266347688
1584,2019-11-05,Barcelona,Slavia Praha,0,0,round : 4,F,FC Barcelona,Slavia Praha,0,0,False,2019,4,Group,D,0,0,detailed_2005_2021,1734.109,1481.896,252.213,0.81,3,341,0.5747800586510264,1.9501466275659824,1.9794721407624636,1.0439882697947214,0.9354838709677419,1628.8,205,12,0.08333333333333333,0.5833333333333334,0.75,2.1666666666666665,-1.4166666666666667,1434.1,194.70000000000005,0.4914467253176931,1.366813294232649,1.2294721407624636,-1.1226783968719452
1585,2019-11-05,Borussia Dortmund,Inter,3,2,round : 4,F,Borussia Dortmund,Inter Milan,3,2,False,2019,4,Group,H,1,1,detailed_2005_2021,1536.021,1579.812,-43.791,0.437,14,176,0.4715909090909091,1.6193181818181819,1.6875,1.2613636363636365,0.42613636363636365,1546.4,12,203,0.47783251231527096,1.6945812807881773,1.4088669950738917,1.0295566502463054,0.3793103448275862,1569.5,-23.09999999999991,-0.006241603224361847,-0.07526309896999539,0.2786330049261083,0.23180698611733108
1586,2019-11-05,Zenit St. Petersburg,RB Leipzig,0,2,round : 4,G,Zenit St. Petersburg,RB Leipzig,0,2,False,2019,4,Group,A,0,-2,detailed_2005_2021,1520.966,1515.203,5.762,0.508,56,64,0.328125,1.203125,1.1875,1.421875,-0.234375,1466.8,60,46,0.4782608695652174,1.565217391304348,1.7608695652173914,1.8043478260869563,-0.043478260869565216,1521.1,-54.299999999999955,-0.1501358695652174,-0.3620923913043479,-0.5733695652173914,-0.3824728260869563
1587,2019-11-05,Olympique Lyonnais,SL Benfica,3,1,round : 4,G,Olympique Lyon,SL Benfica,3,1,False,2019,4,Group,H,1,2,detailed_2005_2021,1507.19,1468.167,39.023,0.556,21,136,0.4264705882352941,1.5441176470588236,1.588235294117647,1.2279411764705883,0.3602941176470588,1535.8,9,266,0.43609022556390975,1.537593984962406,1.6466165413533835,1.218045112781955,0.42857142857142855,1532.9,2.8999999999998636,-0.009619637328615649,0.006523662096417526,-0.058381247235736566,0.009896063688633383
1588,2019-11-05,Chelsea,Ajax,4,4,round : 4,H,Chelsea FC,AFC Ajax,4,4,False,2019,4,Group,D,0,0,detailed_2005_2021,1608.309,1555.207,53.102,0.576,10,197,0.5126903553299492,1.8020304568527918,1.7106598984771573,0.934010152284264,0.7766497461928934,1593.5,11,215,0.46511627906976744,1.627906976744186,1.613953488372093,1.1255813953488372,0.4883720930232558,1552.1,41.40000000000009,0.047574076260181786,0.1741234801086058,0.09670641010506431,-0.19157124306457318
1589,2019-11-05,Valencia,Lille OSC,4,1,round : 4,H,Valencia CF,Lille OSC,4,1,False,2019,4,Group,H,1,3,detailed_2005_2021,1521.437,1444.837,76.6,0.608,23,116,0.41379310344827586,1.5344827586206897,1.456896551724138,1.0775862068965518,0.3793103448275862,1535.9,82,46,0.1956521739130435,0.9130434782608695,0.8260869565217391,1.2391304347826086,-0.41304347826086957,1430.7,105.20000000000005,0.21814092953523237,0.6214392803598202,0.6308095952023988,-0.16154422788605682
1574,2019-11-06,Paris Saint-Germain,Club Brugge,1,0,round : 4,A,Paris Saint-Germain,Club Brugge KV,1,0,False,2019,4,Group,H,1,1,detailed_2005_2021,1667.26,1453.725,213.536,0.774,16,151,0.5231788079470199,1.7615894039735098,1.9470198675496688,1.185430463576159,0.7615894039735099,1574.3,38,97,0.31958762886597936,1.1855670103092784,1.1855670103092784,1.4845360824742269,-0.29896907216494845,1461.2,113.09999999999991,0.20359117908104052,0.5760223936642315,0.7614528572403905,-0.29910561889806786
1575,2019-11-06,Real Madrid,Galatasaray,6,0,round : 4,A,Real Madrid,Galatasaray,6,0,False,2019,4,Group,H,1,6,detailed_2005_2021,1713.239,1423.821,289.418,0.841,1,486,0.5987654320987654,1.97119341563786,2.213991769547325,1.117283950617284,1.0967078189300412,1630.0,24,161,0.2670807453416149,1.0559006211180124,1.0807453416149069,1.6832298136645962,-0.6024844720496895,1434.0,196.0,0.3316846867571505,0.9152927945198477,1.1332464279324181,-0.5659458630473122
1576,2019-11-06,Bayern München,Olympiacos,2,0,round : 4,B,Bayern Munich,Olympiakos Piraeus,2,0,False,2019,4,Group,H,1,2,detailed_2005_2021,1707.133,1455.734,251.399,0.81,2,388,0.595360824742268,1.9871134020618557,2.105670103092784,1.0051546391752575,1.1005154639175259,1636.0,25,156,0.30128205128205127,1.0833333333333333,1.1282051282051282,1.698717948717949,-0.5705128205128205,1432.0,204.0,0.29407877346021677,0.9037800687285225,0.9774649748876558,-0.6935633095426914
1577,2019-11-06,FK Crvena zvezda,Tottenham,0,4,round : 4,B,Crvena Zvezda,Tottenham Hotspur,0,4,False,2019,4,Group,A,0,-4,detailed_2005_2021,1487.198,1557.537,-70.339,0.4,27,104,0.46153846153846156,1.5288461538461537,1.9615384615384612,1.6057692307692308,0.3557692307692308,1519.6,46,61,0.4426229508196721,1.540983606557377,1.819672131147541,1.4426229508196722,0.3770491803278688,1525.8,-6.2000000000000455,0.01891551071878944,-0.01213745271122324,0.14186633039092023,0.16314627994955866
1578,2019-11-06,Atalanta,Manchester City,1,1,round : 4,C,Atalanta,Manchester City,1,1,False,2019,4,Group,D,0,0,detailed_2005_2021,1470.354,1609.719,-139.365,0.31,98,23,0.34782608695652173,1.3043478260869565,1.7391304347826086,1.8695652173913044,-0.13043478260869565,1491.9,17,127,0.5669291338582677,1.905511811023622,2.118110236220472,1.1496062992125984,0.968503937007874,1604.7,-112.79999999999995,-0.21910304690174598,-0.6011639849366655,-0.37897980143786314,0.719958918178706
1579,2019-11-06,GNK Dinamo Zagreb,Shakhtar Donetsk,3,3,round : 4,C,Dinamo Zagreb,Shakhtar Donetsk,3,3,False,2019,4,Group,D,0,0,detailed_2005_2021,1386.426,1504.67,-118.245,0.336,94,54,0.14814814814814814,0.6111111111111112,0.7777777777777778,2.1296296296296298,-1.3518518518518519,1356.2,31,118,0.3305084745762712,1.2118644067796611,1.3644067796610169,1.7627118644067796,-0.3983050847457627,1464.6,-108.39999999999986,-0.18236032642812305,-0.60075329566855,-0.5866290018832391,0.36691776522285013
1580,2019-11-06,Lokomotiv Moscow,Juventus,1,2,round : 4,D,Lokomotiv Moskva,Juventus,1,2,False,2019,4,Group,A,0,-1,detailed_2005_2021,1474.02,1674.547,-200.527,0.24,90,44,0.20454545454545456,0.7954545454545454,0.9090909090909092,1.568181818181818,-0.6590909090909091,1399.6,5,297,0.5084175084175084,1.754208754208754,1.589225589225589,1.0134680134680134,0.5757575757575758,1581.5,-181.9000000000001,-0.30387205387205385,-0.9587542087542087,-0.6801346801346799,0.5547138047138045
1581,2019-11-06,Bayer 04 Leverkusen,Atlético Madrid,2,1,round : 4,D,Bayer Leverkusen,Atlético Madrid,2,1,False,2019,4,Group,H,1,1,detailed_2005_2021,1486.373,1666.266,-179.893,0.262,32,107,0.34579439252336447,1.2710280373831775,1.383177570093458,1.6355140186915889,-0.2523364485981308,1478.1,15,166,0.4759036144578313,1.6927710843373494,1.4578313253012047,0.9879518072289156,0.46987951807228917,1568.1,-90.0,-0.13010922193446683,-0.42174304695417186,-0.07465375520774664,0.6475622114626732
1590,2019-11-26,Galatasaray,Club Brugge,1,1,round : 5,A,Galatasaray,Club Brugge KV,1,1,False,2019,5,Group,D,0,0,detailed_2005_2021,1420.642,1449.198,-28.556,0.459,24,161,0.2670807453416149,1.0559006211180124,1.0807453416149069,1.6832298136645962,-0.6024844720496895,1434.0,38,97,0.31958762886597936,1.1855670103092784,1.1855670103092784,1.4845360824742269,-0.29896907216494845,1461.2,-27.200000000000045,-0.052506883524364445,-0.12966638919126594,-0.10482166869437148,0.19869373119036937
1591,2019-11-26,Real Madrid,Paris Saint-Germain,2,2,round : 5,A,Real Madrid,Paris Saint-Germain,2,2,False,2019,5,Group,D,0,0,detailed_2005_2021,1716.418,1671.787,44.631,0.564,1,486,0.5987654320987654,1.97119341563786,2.213991769547325,1.117283950617284,1.0967078189300412,1630.0,16,151,0.5231788079470199,1.7615894039735098,1.9470198675496688,1.185430463576159,0.7615894039735099,1574.3,55.700000000000045,0.07558662415174555,0.20960401166435028,0.2669719019976562,-0.06814651295887497
1592,2019-11-26,FK Crvena zvezda,Bayern München,0,6,round : 5,B,Crvena Zvezda,Bayern Munich,0,6,False,2019,5,Group,A,0,-6,detailed_2005_2021,1479.196,1710.942,-231.746,0.208,27,104,0.46153846153846156,1.5288461538461537,1.9615384615384612,1.6057692307692308,0.3557692307692308,1519.6,2,388,0.595360824742268,1.9871134020618557,2.105670103092784,1.0051546391752575,1.1005154639175259,1636.0,-116.40000000000009,-0.13382236320380647,-0.45826724821570197,-0.1441316415543228,0.6006145915939733
1593,2019-11-26,Tottenham,Olympiacos,4,2,round : 5,B,Tottenham Hotspur,Olympiakos Piraeus,4,2,False,2019,5,Group,H,1,2,detailed_2005_2021,1565.54,1451.926,113.614,0.658,46,61,0.4426229508196721,1.540983606557377,1.819672131147541,1.4426229508196722,0.3770491803278688,1525.8,25,156,0.30128205128205127,1.0833333333333333,1.1282051282051282,1.698717948717949,-0.5705128205128205,1432.0,93.79999999999995,0.14134089953762086,0.4576502732240437,0.6914670029424128,-0.2560949978982767
1594,2019-11-26,Atalanta,GNK Dinamo Zagreb,2,0,round : 5,C,Atalanta,Dinamo Zagreb,2,0,False,2019,5,Group,H,1,2,detailed_2005_2021,1474.163,1389.704,84.459,0.619,98,23,0.34782608695652173,1.3043478260869565,1.7391304347826086,1.8695652173913044,-0.13043478260869565,1491.9,94,54,0.14814814814814814,0.6111111111111112,0.7777777777777778,2.1296296296296298,-1.3518518518518519,1356.2,135.70000000000005,0.1996779388083736,0.6932367149758454,0.9613526570048309,-0.2600644122383253
1595,2019-11-26,Manchester City,Shakhtar Donetsk,1,1,round : 5,C,Manchester City,Shakhtar Donetsk,1,1,False,2019,5,Group,D,0,0,detailed_2005_2021,1605.909,1501.393,104.517,0.646,17,127,0.5669291338582677,1.905511811023622,2.118110236220472,1.1496062992125984,0.968503937007874,1604.7,31,118,0.3305084745762712,1.2118644067796611,1.3644067796610169,1.7627118644067796,-0.3983050847457627,1464.6,140.10000000000014,0.23642065928199651,0.6936474042439609,0.7537034565594549,-0.6131055651941812
1596,2019-11-26,Lokomotiv Moscow,Bayer 04 Leverkusen,0,2,round : 5,D,Lokomotiv Moskva,Bayer Leverkusen,0,2,False,2019,5,Group,A,0,-2,detailed_2005_2021,1469.226,1501.133,-31.906,0.454,90,44,0.20454545454545456,0.7954545454545454,0.9090909090909092,1.568181818181818,-0.6590909090909091,1399.6,32,107,0.34579439252336447,1.2710280373831775,1.383177570093458,1.6355140186915889,-0.2523364485981308,1478.1,-78.5,-0.1412489379779099,-0.4755734919286321,-0.4740866610025489,-0.06733220050977096
1597,2019-11-26,Juventus,Atlético Madrid,1,0,round : 5,D,Juventus,Atlético Madrid,1,0,False,2019,5,Group,H,1,1,detailed_2005_2021,1679.341,1651.506,27.834,0.54,5,297,0.5084175084175084,1.754208754208754,1.589225589225589,1.0134680134680134,0.5757575757575758,1581.5,15,166,0.4759036144578313,1.6927710843373494,1.4578313253012047,0.9879518072289156,0.46987951807228917,1568.1,13.400000000000091,0.03251389395967713,0.061437669871404754,0.13139426392438436,0.025516206239097783
1598,2019-11-27,KRC Genk,Red Bull Salzburg,1,4,round : 5,E,KRC Genk,RB Salzburg,1,4,False,2019,5,Group,A,0,-3,detailed_2005_2021,1459.835,1495.625,-35.79,0.449,191,18,0.0,0.4444444444444444,0.5,2.5,-2.0,1406.4,86,38,0.23684210526315788,1.0,1.3157894736842106,1.7894736842105263,-0.47368421052631576,1445.6,-39.19999999999982,-0.23684210526315788,-0.5555555555555556,-0.8157894736842106,0.7105263157894737
1599,2019-11-27,Liverpool,Napoli,1,1,round : 5,E,Liverpool FC,SSC Napoli,1,1,False,2019,5,Group,D,0,0,detailed_2005_2021,1634.917,1557.685,77.232,0.609,7,230,0.5565217391304348,1.8782608695652174,1.891304347826087,0.9608695652173912,0.9304347826086956,1606.0,39,66,0.45454545454545453,1.621212121212121,1.7121212121212122,1.2575757575757576,0.45454545454545453,1544.7,61.299999999999955,0.10197628458498026,0.2570487483530963,0.17918313570487476,-0.29670619235836637
1600,2019-11-27,Barcelona,Borussia Dortmund,3,1,round : 5,F,FC Barcelona,Borussia Dortmund,3,1,False,2019,5,Group,H,1,2,detailed_2005_2021,1727.903,1547.275,180.628,0.739,3,341,0.5747800586510264,1.9501466275659824,1.9794721407624636,1.0439882697947214,0.9354838709677419,1628.8,14,176,0.4715909090909091,1.6193181818181819,1.6875,1.2613636363636365,0.42613636363636365,1546.4,82.39999999999986,0.10318914956011732,0.33082844574780057,0.2919721407624636,-0.2173753665689151
1601,2019-11-27,Slavia Praha,Inter,1,3,round : 5,F,Slavia Praha,Inter Milan,1,3,False,2019,5,Group,A,0,-2,detailed_2005_2021,1488.102,1568.558,-80.457,0.386,205,12,0.08333333333333333,0.5833333333333334,0.75,2.1666666666666665,-1.4166666666666667,1434.1,12,203,0.47783251231527096,1.6945812807881773,1.4088669950738917,1.0295566502463054,0.3793103448275862,1569.5,-135.4000000000001,-0.39449917898193765,-1.111247947454844,-0.6588669950738917,1.1371100164203611
1602,2019-11-27,Zenit St. Petersburg,Olympique Lyonnais,2,0,round : 5,G,Zenit St. Petersburg,Olympique Lyon,2,0,False,2019,5,Group,H,1,2,detailed_2005_2021,1510.8,1516.072,-5.272,0.492,56,64,0.328125,1.203125,1.1875,1.421875,-0.234375,1466.8,21,136,0.4264705882352941,1.5441176470588236,1.588235294117647,1.2279411764705883,0.3602941176470588,1535.8,-69.0,-0.0983455882352941,-0.3409926470588236,-0.40073529411764697,0.1939338235294117
1603,2019-11-27,RB Leipzig,SL Benfica,2,2,round : 5,G,RB Leipzig,SL Benfica,2,2,False,2019,5,Group,D,0,0,detailed_2005_2021,1525.369,1459.285,66.084,0.594,60,46,0.4782608695652174,1.565217391304348,1.7608695652173914,1.8043478260869563,-0.043478260869565216,1521.1,9,266,0.43609022556390975,1.537593984962406,1.6466165413533835,1.218045112781955,0.42857142857142855,1532.9,-11.800000000000182,0.042170644001307656,0.027623406341941825,0.11425302386400782,0.5863027133050014
1604,2019-11-27,Valencia,Chelsea,2,2,round : 5,H,Valencia CF,Chelsea FC,2,2,False,2019,5,Group,D,0,0,detailed_2005_2021,1529.267,1606.793,-77.525,0.39,23,116,0.41379310344827586,1.5344827586206897,1.456896551724138,1.0775862068965518,0.3793103448275862,1535.9,10,197,0.5126903553299492,1.8020304568527918,1.7106598984771573,0.934010152284264,0.7766497461928934,1593.5,-57.59999999999991,-0.09889725188167336,-0.2675476982321021,-0.25376334675301937,0.14357605461228784
1605,2019-11-27,Lille OSC,Ajax,0,2,round : 5,H,Lille OSC,AFC Ajax,0,2,False,2019,5,Group,A,0,-2,detailed_2005_2021,1437.007,1556.723,-119.717,0.334,82,46,0.1956521739130435,0.9130434782608695,0.8260869565217391,1.2391304347826086,-0.41304347826086957,1430.7,11,215,0.46511627906976744,1.627906976744186,1.613953488372093,1.1255813953488372,0.4883720930232558,1552.1,-121.39999999999986,-0.2694641051567239,-0.7148634984833165,-0.7878665318503538,0.11354903943377148
1606,2020-02-18,Atlético Madrid,Liverpool,1,0,round : 18,,Atlético Madrid,Liverpool FC,1,0,False,2019,18,Knockout,H,1,1,detailed_2005_2021,1642.306,1632.73,9.576,0.514,15,166,0.4759036144578313,1.6927710843373494,1.4578313253012047,0.9879518072289156,0.46987951807228917,1568.1,7,230,0.5565217391304348,1.8782608695652174,1.891304347826087,0.9608695652173912,0.9304347826086956,1606.0,-37.90000000000009,-0.08061812467260349,-0.18548978522786808,-0.4334730225248822,0.027082242011524427
1607,2020-02-18,Borussia Dortmund,Paris Saint-Germain,2,1,round : 18,,Borussia Dortmund,Paris Saint-Germain,2,1,False,2019,18,Knockout,H,1,1,detailed_2005_2021,1542.051,1673.064,-131.013,0.32,14,176,0.4715909090909091,1.6193181818181819,1.6875,1.2613636363636365,0.42613636363636365,1546.4,16,151,0.5231788079470199,1.7615894039735098,1.9470198675496688,1.185430463576159,0.7615894039735099,1574.3,-27.899999999999864,-0.05158789885611076,-0.14227122215532795,-0.2595198675496688,0.07593317278747747
1608,2020-02-19,Atalanta,Valencia,4,1,round : 18,,Atalanta,Valencia CF,4,1,False,2019,18,Knockout,H,1,3,detailed_2005_2021,1481.779,1531.462,-49.684,0.429,98,23,0.34782608695652173,1.3043478260869565,1.7391304347826086,1.8695652173913044,-0.13043478260869565,1491.9,23,116,0.41379310344827586,1.5344827586206897,1.456896551724138,1.0775862068965518,0.3793103448275862,1535.9,-44.0,-0.06596701649175413,-0.23013493253373318,0.28223388305847075,0.7919790104947526
1609,2020-02-19,Tottenham,RB Leipzig,0,1,round : 18,,Tottenham Hotspur,RB Leipzig,0,1,False,2019,18,Knockout,A,0,-1,detailed_2005_2021,1572.382,1523.49,48.892,0.57,46,61,0.4426229508196721,1.540983606557377,1.819672131147541,1.4426229508196722,0.3770491803278688,1525.8,60,46,0.4782608695652174,1.565217391304348,1.7608695652173914,1.8043478260869563,-0.043478260869565216,1521.1,4.7000000000000455,-0.03563791874554528,-0.02423378474697091,0.05880256593014965,-0.36172487526728414
1610,2020-02-25,Chelsea,Bayern München,0,3,round : 18,,Chelsea FC,Bayern Munich,0,3,False,2019,18,Knockout,A,0,-3,detailed_2005_2021,1604.597,1715.112,-110.515,0.346,10,197,0.5126903553299492,1.8020304568527918,1.7106598984771573,0.934010152284264,0.7766497461928934,1593.5,2,388,0.595360824742268,1.9871134020618557,2.105670103092784,1.0051546391752575,1.1005154639175259,1636.0,-42.5,-0.08267046941231881,-0.18508294520906388,-0.39501020461562675,-0.07114448689099351
1611,2020-02-25,Napoli,Barcelona,1,1,round : 18,,SSC Napoli,FC Barcelona,1,1,False,2019,18,Knockout,D,0,0,detailed_2005_2021,1559.872,1733.127,-173.255,0.269,39,66,0.45454545454545453,1.621212121212121,1.7121212121212122,1.2575757575757576,0.45454545454545453,1544.7,3,341,0.5747800586510264,1.9501466275659824,1.9794721407624636,1.0439882697947214,0.9354838709677419,1628.8,-84.09999999999991,-0.12023460410557191,-0.32893450635386134,-0.26735092864125143,0.2135874877810362
1612,2020-02-26,Olympique Lyonnais,Juventus,1,0,round : 18,,Olympique Lyon,Juventus,1,0,False,2019,18,Knockout,H,1,1,detailed_2005_2021,1505.92,1688.541,-182.622,0.259,21,136,0.4264705882352941,1.5441176470588236,1.588235294117647,1.2279411764705883,0.3602941176470588,1535.8,5,297,0.5084175084175084,1.754208754208754,1.589225589225589,1.0134680134680134,0.5757575757575758,1581.5,-45.700000000000045,-0.08194692018221433,-0.2100911071499305,-0.0009902951079421296,0.2144731630025749
1613,2020-02-26,Real Madrid,Manchester City,1,2,round : 18,,Real Madrid,Manchester City,1,2,False,2019,18,Knockout,A,0,-1,detailed_2005_2021,1715.14,1602.989,112.152,0.656,1,486,0.5987654320987654,1.97119341563786,2.213991769547325,1.117283950617284,1.0967078189300412,1630.0,17,127,0.5669291338582677,1.905511811023622,2.118110236220472,1.1496062992125984,0.968503937007874,1604.7,25.299999999999955,0.03183629824049772,0.06568160461423811,0.09588153332685323,-0.032322348595314354
1614,2020-03-10,RB Leipzig,Tottenham,3,0,round : 18,,RB Leipzig,Tottenham Hotspur,3,0,False,2019,18,Knockout,H,1,3,detailed_2005_2021,1534.888,1560.984,-26.096,0.463,60,46,0.4782608695652174,1.565217391304348,1.7608695652173914,1.8043478260869563,-0.043478260869565216,1521.1,46,61,0.4426229508196721,1.540983606557377,1.819672131147541,1.4426229508196722,0.3770491803278688,1525.8,-4.7000000000000455,0.03563791874554528,0.02423378474697091,-0.05880256593014965,0.36172487526728414
1615,2020-03-10,Valencia,Atalanta,3,4,round : 18,,Valencia CF,Atalanta,3,4,False,2019,18,Knockout,A,0,-1,detailed_2005_2021,1520.042,1493.199,26.843,0.539,23,116,0.41379310344827586,1.5344827586206897,1.456896551724138,1.0775862068965518,0.3793103448275862,1535.9,98,23,0.34782608695652173,1.3043478260869565,1.7391304347826086,1.8695652173913044,-0.13043478260869565,1491.9,44.0,0.06596701649175413,0.23013493253373318,-0.28223388305847075,-0.7919790104947526
1616,2020-03-11,Liverpool,Atlético Madrid,1(1),0(3),round : 18,,Liverpool FC,Atlético Madrid,1,0,True,2019,18,Knockout,H,1,1,detailed_2005_2021,1623.005,1652.03,-29.025,0.458,7,230,0.5565217391304348,1.8782608695652174,1.891304347826087,0.9608695652173912,0.9304347826086956,1606.0,15,166,0.4759036144578313,1.6927710843373494,1.4578313253012047,0.9879518072289156,0.46987951807228917,1568.1,37.90000000000009,0.08061812467260349,0.18548978522786808,0.4334730225248822,-0.027082242011524427
1617,2020-03-11,Paris Saint-Germain,Borussia Dortmund,2,0,round : 18,,Paris Saint-Germain,Borussia Dortmund,2,0,False,2019,18,Knockout,H,1,2,detailed_2005_2021,1659.463,1555.653,103.81,0.645,16,151,0.5231788079470199,1.7615894039735098,1.9470198675496688,1.185430463576159,0.7615894039735099,1574.3,14,176,0.4715909090909091,1.6193181818181819,1.6875,1.2613636363636365,0.42613636363636365,1546.4,27.899999999999864,0.05158789885611076,0.14227122215532795,0.2595198675496688,-0.07593317278747747
1618,2020-08-07,Juventus,Olympique Lyonnais,2,1,round : 18,,Juventus,Olympique Lyon,2,1,False,2020,18,Knockout,H,1,1,detailed_2005_2021,1673.721,1520.74,152.981,0.707,5,297,0.5084175084175084,1.754208754208754,1.589225589225589,1.0134680134680134,0.5757575757575758,1581.5,21,136,0.4264705882352941,1.5441176470588236,1.588235294117647,1.2279411764705883,0.3602941176470588,1535.8,45.700000000000045,0.08194692018221433,0.2100911071499305,0.0009902951079421296,-0.2144731630025749
1619,2020-08-07,Manchester City,Real Madrid,2,1,round : 18,,Manchester City,Real Madrid,2,1,False,2020,18,Knockout,H,1,1,detailed_2005_2021,1616.109,1702.02,-85.911,0.379,17,127,0.5669291338582677,1.905511811023622,2.118110236220472,1.1496062992125984,0.968503937007874,1604.7,1,486,0.5987654320987654,1.97119341563786,2.213991769547325,1.117283950617284,1.0967078189300412,1630.0,-25.299999999999955,-0.03183629824049772,-0.06568160461423811,-0.09588153332685323,0.032322348595314354
1620,2020-08-08,Barcelona,Napoli,3,1,round : 18,,FC Barcelona,SSC Napoli,3,1,False,2020,18,Knockout,H,1,2,detailed_2005_2021,1728.516,1564.483,164.033,0.72,3,341,0.5747800586510264,1.9501466275659824,1.9794721407624636,1.0439882697947214,0.9354838709677419,1628.8,39,66,0.45454545454545453,1.621212121212121,1.7121212121212122,1.2575757575757576,0.45454545454545453,1544.7,84.09999999999991,0.12023460410557191,0.32893450635386134,0.26735092864125143,-0.2135874877810362
1621,2020-08-08,Bayern München,Chelsea,4,1,round : 18,,Bayern Munich,Chelsea FC,4,1,False,2020,18,Knockout,H,1,3,detailed_2005_2021,1722.034,1597.675,124.359,0.672,2,388,0.595360824742268,1.9871134020618557,2.105670103092784,1.0051546391752575,1.1005154639175259,1636.0,10,197,0.5126903553299492,1.8020304568527918,1.7106598984771573,0.934010152284264,0.7766497461928934,1593.5,42.5,0.08267046941231881,0.18508294520906388,0.39501020461562675,0.07114448689099351
1622,2020-08-12,Atalanta,Paris Saint-Germain,1,2,round : quarterfinals,,Atalanta,Paris Saint-Germain,1,2,False,2020,quarterfinals,Knockout,A,0,-1,detailed_2005_2021,1503.97,1666.561,-162.59,0.282,98,23,0.34782608695652173,1.3043478260869565,1.7391304347826086,1.8695652173913044,-0.13043478260869565,1491.9,16,151,0.5231788079470199,1.7615894039735098,1.9470198675496688,1.185430463576159,0.7615894039735099,1574.3,-82.39999999999986,-0.17535272099049815,-0.4572415778865533,-0.20788943276706018,0.6841347538151454
1623,2020-08-13,RB Leipzig,Atlético Madrid,2,1,round : quarterfinals,,RB Leipzig,Atlético Madrid,2,1,False,2020,quarterfinals,Knockout,H,1,1,detailed_2005_2021,1545.637,1641.197,-95.559,0.366,60,46,0.4782608695652174,1.565217391304348,1.7608695652173914,1.8043478260869563,-0.043478260869565216,1521.1,15,166,0.4759036144578313,1.6927710843373494,1.4578313253012047,0.9879518072289156,0.46987951807228917,1568.1,-47.0,0.0023572551073861026,-0.12755369303300146,0.3030382399161866,0.8163960188580407
1624,2020-08-14,Barcelona,Bayern München,2,8,round : quarterfinals,,FC Barcelona,Bayern Munich,2,8,False,2020,quarterfinals,Knockout,A,0,-6,detailed_2005_2021,1734.117,1728.6,5.516,0.508,3,341,0.5747800586510264,1.9501466275659824,1.9794721407624636,1.0439882697947214,0.9354838709677419,1628.8,2,388,0.595360824742268,1.9871134020618557,2.105670103092784,1.0051546391752575,1.1005154639175259,1636.0,-7.2000000000000455,-0.020580766091241598,-0.03696677449587327,-0.12619796233032043,0.03883363061946388
1625,2020-08-15,Manchester City,Olympique Lyonnais,1,3,round : quarterfinals,,Manchester City,Olympique Lyon,1,3,False,2020,quarterfinals,Knockout,A,0,-2,detailed_2005_2021,1628.533,1514.879,113.653,0.658,17,127,0.5669291338582677,1.905511811023622,2.118110236220472,1.1496062992125984,0.968503937007874,1604.7,21,136,0.4264705882352941,1.5441176470588236,1.588235294117647,1.2279411764705883,0.3602941176470588,1535.8,68.90000000000009,0.1404585456229736,0.3613941639647984,0.5298749421028248,-0.07833487725798993
1626,2020-08-18,RB Leipzig,Paris Saint-Germain,0,3,round : semifinals,,RB Leipzig,Paris Saint-Germain,0,3,False,2020,semifinals,Knockout,A,0,-3,detailed_2005_2021,1558.32,1672.195,-113.875,0.342,60,46,0.4782608695652174,1.565217391304348,1.7608695652173914,1.8043478260869563,-0.043478260869565216,1521.1,16,151,0.5231788079470199,1.7615894039735098,1.9470198675496688,1.185430463576159,0.7615894039735099,1574.3,-53.200000000000045,-0.04491793838180247,-0.19637201266916193,-0.18615030233227747,0.6189173625107973
1627,2020-08-19,Olympique Lyonnais,Bayern München,0,3,round : semifinals,,Olympique Lyon,Bayern Munich,0,3,False,2020,semifinals,Knockout,A,0,-3,detailed_2005_2021,1528.038,1738.759,-210.721,0.229,21,136,0.4264705882352941,1.5441176470588236,1.588235294117647,1.2279411764705883,0.3602941176470588,1535.8,2,388,0.595360824742268,1.9871134020618557,2.105670103092784,1.0051546391752575,1.1005154639175259,1636.0,-100.20000000000005,-0.16889023650697393,-0.4429957550030321,-0.517434808975137,0.22278653729533082
1628,2020-08-23,Paris Saint-Germain,Bayern München,0,1,round : final,,Paris Saint-Germain,Bayern Munich,0,1,False,2020,final,Knockout,A,0,-1,detailed_2005_2021,1679.03,1743.343,-64.313,0.408,16,151,0.5231788079470199,1.7615894039735098,1.9470198675496688,1.185430463576159,0.7615894039735099,1574.3,2,388,0.595360824742268,1.9871134020618557,2.105670103092784,1.0051546391752575,1.1005154639175259,1636.0,-61.700000000000045,-0.07218201679524816,-0.2255239980883459,-0.1586502355431152,0.1802758244009015
1637,2020-10-20,Chelsea,Sevilla,0,0,round : 1,E,Chelsea FC,Sevilla FC,0,0,False,2020,1,Group,D,0,0,detailed_2005_2021,1591.109,1541.931,49.178,0.57,10,197,0.5126903553299492,1.8020304568527918,1.7106598984771573,0.934010152284264,0.7766497461928934,1593.5,42,72,0.375,1.4027777777777777,1.4583333333333333,1.4861111111111112,-0.027777777777777776,1507.6,85.90000000000009,0.13769035532994922,0.39925267907501416,0.252326565143824,-0.5521009588268472
1638,2020-10-20,Stade Rennais,FC Krasnodar,1,1,round : 1,E,Stade Rennais,FK Krasnodar,1,1,False,2020,1,Group,D,0,0,detailed_2005_2021,1500.0,1500.0,0.0,0.5,295,6,0.0,0.16666666666666666,0.5,1.8333333333333333,-1.3333333333333333,1432.3,224,6,0.16666666666666666,0.8333333333333334,1.0,1.8333333333333333,-0.8333333333333334,1473.2,-40.90000000000009,-0.16666666666666666,-0.6666666666666667,-0.5,0.0
1639,2020-10-20,Zenit St. Petersburg,Club Brugge,1,2,round : 1,F,Zenit St. Petersburg,Club Brugge KV,1,2,False,2020,1,Group,A,0,-1,detailed_2005_2021,1520.951,1448.378,72.573,0.603,56,64,0.328125,1.203125,1.1875,1.421875,-0.234375,1466.8,38,97,0.31958762886597936,1.1855670103092784,1.1855670103092784,1.4845360824742269,-0.29896907216494845,1461.2,5.599999999999909,0.008537371134020644,0.017557989690721643,0.0019329896907216426,-0.06266108247422686
1640,2020-10-20,Lazio,Borussia Dortmund,3,1,round : 1,F,Lazio Roma,Borussia Dortmund,3,1,False,2020,1,Group,H,1,2,detailed_2005_2021,1488.039,1548.555,-60.515,0.414,48,60,0.38333333333333336,1.4166666666666667,1.4666666666666666,1.3166666666666669,0.15,1508.7,14,176,0.4715909090909091,1.6193181818181819,1.6875,1.2613636363636365,0.42613636363636365,1546.4,-37.700000000000045,-0.08825757575757576,-0.20265151515151514,-0.22083333333333344,0.05530303030303041
1641,2020-10-20,Dynamo Kyiv,Juventus,0,2,round : 1,G,Dinamo Kiev,Juventus,0,2,False,2020,1,Group,A,0,-2,detailed_2005_2021,1429.087,1679.582,-250.495,0.191,18,186,0.34946236559139787,1.2688172043010753,1.2311827956989247,1.3494623655913978,-0.11827956989247312,1474.7,5,297,0.5084175084175084,1.754208754208754,1.589225589225589,1.0134680134680134,0.5757575757575758,1581.5,-106.79999999999995,-0.15895514282611056,-0.48539154990767885,-0.35804279352666435,0.33599435212338435
1642,2020-10-20,Barcelona,Ferencvárosi TC,5,1,round : 1,G,FC Barcelona,Ferencvárosi TC,5,1,False,2020,1,Group,H,1,4,detailed_2005_2021,1723.958,1500.0,223.958,0.784,3,341,0.5747800586510264,1.9501466275659824,1.9794721407624636,1.0439882697947214,0.9354838709677419,1628.8,88,32,0.3125,1.125,1.71875,2.3125,-0.59375,1459.7,169.0999999999999,0.26228005865102644,0.8251466275659824,0.2607221407624636,-1.2685117302052786
1643,2020-10-20,Paris Saint-Germain,Manchester United,1,2,round : 1,H,Paris Saint-Germain,Manchester United,1,2,False,2020,1,Group,A,0,-1,detailed_2005_2021,1670.86,1629.572,41.289,0.559,16,151,0.5231788079470199,1.7615894039735098,1.9470198675496688,1.185430463576159,0.7615894039735099,1574.3,4,289,0.5294117647058824,1.8269896193771626,1.813148788927336,1.038062283737024,0.7750865051903114,1599.3,-25.0,-0.006232956758862485,-0.06540021540365282,0.13387107862233272,0.14736817983913508
1644,2020-10-20,RB Leipzig,Başakşehir FK,2,0,round : 1,H,RB Leipzig,İstanbul Başakşehir,2,0,False,2020,1,Group,H,1,2,detailed_2005_2021,1551.485,1500.0,51.485,0.574,60,46,0.4782608695652174,1.565217391304348,1.7608695652173914,1.8043478260869563,-0.043478260869565216,1521.1,261,6,0.16666666666666666,0.5,1.1666666666666667,3.0,-1.8333333333333333,1446.1,75.0,0.3115942028985508,1.065217391304348,0.5942028985507246,-1.1956521739130437
1629,2020-10-21,Red Bull Salzburg,Lokomotiv Moscow,2,2,round : 1,A,RB Salzburg,Lokomotiv Moskva,2,2,False,2020,1,Group,D,0,0,detailed_2005_2021,1504.598,1460.142,44.456,0.564,86,38,0.23684210526315788,1.0,1.3157894736842106,1.7894736842105263,-0.47368421052631576,1445.6,90,44,0.20454545454545456,0.7954545454545454,0.9090909090909092,1.568181818181818,-0.6590909090909091,1399.6,46.0,0.032296650717703324,0.20454545454545459,0.40669856459330145,0.22129186602870843
1630,2020-10-21,Bayern München,Atlético Madrid,4,0,round : 1,A,Bayern Munich,Atlético Madrid,4,0,False,2020,1,Group,H,1,4,detailed_2005_2021,1751.512,1628.514,122.999,0.67,2,388,0.595360824742268,1.9871134020618557,2.105670103092784,1.0051546391752575,1.1005154639175259,1636.0,15,166,0.4759036144578313,1.6927710843373494,1.4578313253012047,0.9879518072289156,0.46987951807228917,1568.1,67.90000000000009,0.11945721028443673,0.29434231772450636,0.6478387777915793,0.017202831946341868
1631,2020-10-21,Real Madrid,Shakhtar Donetsk,2,3,round : 1,B,Real Madrid,Shakhtar Donetsk,2,3,False,2020,1,Group,A,0,-1,detailed_2005_2021,1689.596,1504.313,185.283,0.744,1,486,0.5987654320987654,1.97119341563786,2.213991769547325,1.117283950617284,1.0967078189300412,1630.0,31,118,0.3305084745762712,1.2118644067796611,1.3644067796610169,1.7627118644067796,-0.3983050847457627,1464.6,165.4000000000001,0.26825695752249423,0.759329008858199,0.8495849898863082,-0.6454279137894956
1632,2020-10-21,Inter,Borussia M'gladbach,2,2,round : 1,B,Inter Milan,Bor. Mönchengladbach,2,2,False,2020,1,Group,D,0,0,detailed_2005_2021,1576.283,1494.734,81.549,0.615,12,203,0.47783251231527096,1.6945812807881773,1.4088669950738917,1.0295566502463054,0.3793103448275862,1569.5,58,51,0.37254901960784315,1.4313725490196079,1.9411764705882355,1.3529411764705883,0.5882352941176471,1514.7,54.799999999999955,0.10528349270742782,0.2632087317685694,-0.5323094755143438,-0.32338452622428293
1633,2020-10-21,Manchester City,FC Porto,3,1,round : 1,C,Manchester City,FC Porto,3,1,False,2020,1,Group,H,1,2,detailed_2005_2021,1615.373,1560.226,55.147,0.579,17,127,0.5669291338582677,1.905511811023622,2.118110236220472,1.1496062992125984,0.968503937007874,1604.7,8,265,0.4528301886792453,1.5773584905660378,1.4792452830188678,1.1547169811320754,0.32452830188679244,1540.4,64.29999999999995,0.11409894517902242,0.32815332045758416,0.638864953201604,-0.005110681919477056
1634,2020-10-21,Olympiacos,Olympique de Marseille,1,0,round : 1,C,Olympiakos Piraeus,Olympique Marseille,1,0,False,2020,1,Group,H,1,1,detailed_2005_2021,1445.084,1449.343,-4.259,0.494,25,156,0.30128205128205127,1.0833333333333333,1.1282051282051282,1.698717948717949,-0.5705128205128205,1432.0,29,110,0.39090909090909093,1.3363636363636364,1.4636363636363636,1.2727272727272727,0.19090909090909092,1484.0,-52.0,-0.08962703962703966,-0.25303030303030316,-0.33543123543123543,0.4259906759906762
1635,2020-10-21,Ajax,Liverpool,0,1,round : 1,D,AFC Ajax,Liverpool FC,0,1,False,2020,1,Group,A,0,-1,detailed_2005_2021,1563.408,1633.839,-70.431,0.4,11,215,0.46511627906976744,1.627906976744186,1.613953488372093,1.1255813953488372,0.4883720930232558,1552.1,7,230,0.5565217391304348,1.8782608695652174,1.891304347826087,0.9608695652173912,0.9304347826086956,1606.0,-53.90000000000009,-0.09140546006066735,-0.2503538928210314,-0.27735085945399396,0.16471183013144597
1636,2020-10-21,FC Midtjylland,Atalanta,0,4,round : 1,D,FC Midtjylland,Atalanta,0,4,False,2020,1,Group,A,0,-4,detailed_2005_2021,1500.0,1498.336,1.664,0.502,277,6,0.0,0.3333333333333333,0.6666666666666666,2.1666666666666665,-1.5,1446.1,98,23,0.34782608695652173,1.3043478260869565,1.7391304347826086,1.8695652173913044,-0.13043478260869565,1491.9,-45.80000000000018,-0.34782608695652173,-0.9710144927536233,-1.072463768115942,0.2971014492753621
1645,2020-10-27,Lokomotiv Moscow,Bayern München,1,2,round : 2,A,Lokomotiv Moskva,Bayern Munich,1,2,False,2020,2,Group,A,0,-1,detailed_2005_2021,1461.415,1758.113,-296.698,0.153,90,44,0.20454545454545456,0.7954545454545454,0.9090909090909092,1.568181818181818,-0.6590909090909091,1399.6,2,388,0.595360824742268,1.9871134020618557,2.105670103092784,1.0051546391752575,1.1005154639175259,1636.0,-236.4000000000001,-0.39081537019681345,-1.1916588566073103,-1.1965791940018748,0.5630271790065604
1646,2020-10-27,Atlético Madrid,Red Bull Salzburg,3,2,round : 2,A,Atlético Madrid,RB Salzburg,3,2,False,2020,2,Group,H,1,1,detailed_2005_2021,1621.913,1503.325,118.588,0.664,15,166,0.4759036144578313,1.6927710843373494,1.4578313253012047,0.9879518072289156,0.46987951807228917,1568.1,86,38,0.23684210526315788,1.0,1.3157894736842106,1.7894736842105263,-0.47368421052631576,1445.6,122.5,0.23906150919467342,0.6927710843373494,0.14204185161699412,-0.8015218769816107
1647,2020-10-27,Shakhtar Donetsk,Inter,0,0,round : 2,B,Shakhtar Donetsk,Inter Milan,0,0,False,2020,2,Group,D,0,0,detailed_2005_2021,1519.192,1573.978,-54.786,0.422,31,118,0.3305084745762712,1.2118644067796611,1.3644067796610169,1.7627118644067796,-0.3983050847457627,1464.6,12,203,0.47783251231527096,1.6945812807881773,1.4088669950738917,1.0295566502463054,0.3793103448275862,1569.5,-104.90000000000009,-0.14732403773899977,-0.48271687400851615,-0.044460215412874815,0.7331552141604742
1648,2020-10-27,Borussia M'gladbach,Real Madrid,2,2,round : 2,B,Bor. Mönchengladbach,Real Madrid,2,2,False,2020,2,Group,D,0,0,detailed_2005_2021,1497.039,1674.718,-177.679,0.264,58,51,0.37254901960784315,1.4313725490196079,1.9411764705882355,1.3529411764705883,0.5882352941176471,1514.7,1,486,0.5987654320987654,1.97119341563786,2.213991769547325,1.117283950617284,1.0967078189300412,1630.0,-115.29999999999995,-0.22621641249092228,-0.5398208666182522,-0.2728152989590895,0.2356572258533043
1649,2020-10-27,FC Porto,Olympiacos,2,0,round : 2,C,FC Porto,Olympiakos Piraeus,2,0,False,2020,2,Group,H,1,2,detailed_2005_2021,1551.8,1455.207,96.594,0.636,8,265,0.4528301886792453,1.5773584905660378,1.4792452830188678,1.1547169811320754,0.32452830188679244,1540.4,25,156,0.30128205128205127,1.0833333333333333,1.1282051282051282,1.698717948717949,-0.5705128205128205,1432.0,108.40000000000009,0.15154813739719403,0.49402515723270457,0.3510401548137396,-0.5440009675858735
1650,2020-10-27,Olympique de Marseille,Manchester City,0,3,round : 2,C,Olympique Marseille,Manchester City,0,3,False,2020,2,Group,A,0,-3,detailed_2005_2021,1439.221,1623.799,-184.579,0.257,29,110,0.39090909090909093,1.3363636363636364,1.4636363636363636,1.2727272727272727,0.19090909090909092,1484.0,17,127,0.5669291338582677,1.905511811023622,2.118110236220472,1.1496062992125984,0.968503937007874,1604.7,-120.70000000000005,-0.17602004294917678,-0.5691481746599856,-0.6544738725841082,0.12312097351467433
1651,2020-10-27,Atalanta,Ajax,2,2,round : 2,D,Atalanta,AFC Ajax,2,2,False,2020,2,Group,D,0,0,detailed_2005_2021,1508.384,1555.408,-47.024,0.433,98,23,0.34782608695652173,1.3043478260869565,1.7391304347826086,1.8695652173913044,-0.13043478260869565,1491.9,11,215,0.46511627906976744,1.627906976744186,1.613953488372093,1.1255813953488372,0.4883720930232558,1552.1,-60.19999999999982,-0.1172901921132457,-0.3235591506572295,0.1251769464105157,0.7439838220424673
1652,2020-10-27,Liverpool,FC Midtjylland,2,0,round : 2,D,Liverpool FC,FC Midtjylland,2,0,False,2020,2,Group,H,1,2,detailed_2005_2021,1641.839,1489.952,151.887,0.706,7,230,0.5565217391304348,1.8782608695652174,1.891304347826087,0.9608695652173912,0.9304347826086956,1606.0,277,6,0.0,0.3333333333333333,0.6666666666666666,2.1666666666666665,-1.5,1446.1,159.9000000000001,0.5565217391304348,1.5449275362318842,1.2246376811594204,-1.2057971014492752
1653,2020-10-28,FC Krasnodar,Chelsea,0,4,round : 2,E,FK Krasnodar,Chelsea FC,0,4,False,2020,2,Group,A,0,-4,detailed_2005_2021,1500.0,1589.703,-89.703,0.374,224,6,0.16666666666666666,0.8333333333333334,1.0,1.8333333333333333,-0.8333333333333334,1473.2,10,197,0.5126903553299492,1.8020304568527918,1.7106598984771573,0.934010152284264,0.7766497461928934,1593.5,-120.29999999999995,-0.3460236886632826,-0.9686971235194585,-0.7106598984771573,0.8993231810490693
1654,2020-10-28,Sevilla,Stade Rennais,1,0,round : 2,E,Sevilla FC,Stade Rennais,1,0,False,2020,2,Group,H,1,1,detailed_2005_2021,1543.337,1500.0,43.337,0.562,42,72,0.375,1.4027777777777777,1.4583333333333333,1.4861111111111112,-0.027777777777777776,1507.6,295,6,0.0,0.16666666666666666,0.5,1.8333333333333333,-1.3333333333333333,1432.3,75.29999999999995,0.375,1.236111111111111,0.9583333333333333,-0.3472222222222221
1655,2020-10-28,Borussia Dortmund,Zenit St. Petersburg,2,0,round : 2,F,Borussia Dortmund,Zenit St. Petersburg,2,0,False,2020,2,Group,H,1,2,detailed_2005_2021,1536.83,1508.892,27.938,0.54,14,176,0.4715909090909091,1.6193181818181819,1.6875,1.2613636363636365,0.42613636363636365,1546.4,56,64,0.328125,1.203125,1.1875,1.421875,-0.234375,1466.8,79.60000000000014,0.14346590909090912,0.4161931818181819,0.5,-0.16051136363636354
1656,2020-10-28,Club Brugge,Lazio,1,1,round : 2,F,Club Brugge KV,Lazio Roma,1,1,False,2020,2,Group,D,0,0,detailed_2005_2021,1460.437,1499.764,-39.327,0.444,38,97,0.31958762886597936,1.1855670103092784,1.1855670103092784,1.4845360824742269,-0.29896907216494845,1461.2,48,60,0.38333333333333336,1.4166666666666667,1.4666666666666666,1.3166666666666669,0.15,1508.7,-47.5,-0.063745704467354,-0.23109965635738838,-0.2810996563573882,0.16786941580755999
1657,2020-10-28,Ferencvárosi TC,Dynamo Kyiv,2,2,round : 2,G,Ferencvárosi TC,Dinamo Kiev,2,2,False,2020,2,Group,D,0,0,detailed_2005_2021,1495.68,1425.262,70.418,0.6,88,32,0.3125,1.125,1.71875,2.3125,-0.59375,1459.7,18,186,0.34946236559139787,1.2688172043010753,1.2311827956989247,1.3494623655913978,-0.11827956989247312,1474.7,-15.0,-0.03696236559139787,-0.14381720430107525,0.48756720430107525,0.9630376344086022
1658,2020-10-28,Juventus,Barcelona,0,2,round : 2,G,Juventus,FC Barcelona,0,2,False,2020,2,Group,A,0,-2,detailed_2005_2021,1683.407,1728.278,-44.871,0.436,5,297,0.5084175084175084,1.754208754208754,1.589225589225589,1.0134680134680134,0.5757575757575758,1581.5,3,341,0.5747800586510264,1.9501466275659824,1.9794721407624636,1.0439882697947214,0.9354838709677419,1628.8,-47.299999999999955,-0.066362550233518,-0.19593787335722834,-0.3902465515368745,-0.030520256326707962
1659,2020-10-28,Başakşehir FK,Paris Saint-Germain,0,2,round : 2,H,İstanbul Başakşehir,Paris Saint-Germain,0,2,False,2020,2,Group,A,0,-2,detailed_2005_2021,1491.471,1659.677,-168.206,0.275,261,6,0.16666666666666666,0.5,1.1666666666666667,3.0,-1.8333333333333333,1446.1,16,151,0.5231788079470199,1.7615894039735098,1.9470198675496688,1.185430463576159,0.7615894039735099,1574.3,-128.20000000000005,-0.35651214128035325,-1.2615894039735098,-0.7803532008830021,1.814569536423841
1660,2020-10-28,Manchester United,RB Leipzig,5,0,round : 2,H,Manchester United,RB Leipzig,5,0,False,2020,2,Group,H,1,5,detailed_2005_2021,1640.754,1560.014,80.74,0.614,4,289,0.5294117647058824,1.8269896193771626,1.813148788927336,1.038062283737024,0.7750865051903114,1599.3,60,46,0.4782608695652174,1.565217391304348,1.7608695652173914,1.8043478260869563,-0.043478260869565216,1521.1,78.20000000000005,0.051150895140664954,0.26177222807281475,0.052279223709944755,-0.7662855423499324
1661,2020-11-03,Lokomotiv Moscow,Atlético Madrid,1,1,round : 3,A,Lokomotiv Moskva,Atlético Madrid,1,1,False,2020,3,Group,D,0,0,detailed_2005_2021,1458.346,1628.626,-170.281,0.273,90,44,0.20454545454545456,0.7954545454545454,0.9090909090909092,1.568181818181818,-0.6590909090909091,1399.6,15,166,0.4759036144578313,1.6927710843373494,1.4578313253012047,0.9879518072289156,0.46987951807228917,1568.1,-168.5,-0.2713581599123768,-0.8973165388828039,-0.5487404162102956,0.5802300109529023
1662,2020-11-03,Red Bull Salzburg,Bayern München,2,6,round : 3,A,RB Salzburg,Bayern Munich,2,6,False,2020,3,Group,A,0,-4,detailed_2005_2021,1496.612,1761.182,-264.57,0.179,86,38,0.23684210526315788,1.0,1.3157894736842106,1.7894736842105263,-0.47368421052631576,1445.6,2,388,0.595360824742268,1.9871134020618557,2.105670103092784,1.0051546391752575,1.1005154639175259,1636.0,-190.4000000000001,-0.3585187194791102,-0.9871134020618557,-0.7898806294085734,0.7843190450352688
1663,2020-11-03,Shakhtar Donetsk,Borussia M'gladbach,0,6,round : 3,B,Shakhtar Donetsk,Bor. Mönchengladbach,0,6,False,2020,3,Group,A,0,-6,detailed_2005_2021,1520.756,1501.749,19.007,0.527,31,118,0.3305084745762712,1.2118644067796611,1.3644067796610169,1.7627118644067796,-0.3983050847457627,1464.6,58,51,0.37254901960784315,1.4313725490196079,1.9411764705882355,1.3529411764705883,0.5882352941176471,1514.7,-50.100000000000136,-0.04204054503157195,-0.21950814223994675,-0.5767696909272186,0.4097706879361913
1664,2020-11-03,Real Madrid,Inter,3,2,round : 3,B,Real Madrid,Inter Milan,3,2,False,2020,3,Group,H,1,1,detailed_2005_2021,1670.007,1572.414,97.593,0.637,1,486,0.5987654320987654,1.97119341563786,2.213991769547325,1.117283950617284,1.0967078189300412,1630.0,12,203,0.47783251231527096,1.6945812807881773,1.4088669950738917,1.0295566502463054,0.3793103448275862,1569.5,60.5,0.12093291978349446,0.27661213484968283,0.8051247744734333,0.08772730037097864
1665,2020-11-03,FC Porto,Olympique de Marseille,3,0,round : 3,C,FC Porto,Olympique Marseille,3,0,False,2020,3,Group,H,1,3,detailed_2005_2021,1559.09,1434.084,125.006,0.673,8,265,0.4528301886792453,1.5773584905660378,1.4792452830188678,1.1547169811320754,0.32452830188679244,1540.4,29,110,0.39090909090909093,1.3363636363636364,1.4636363636363636,1.2727272727272727,0.19090909090909092,1484.0,56.40000000000009,0.061921097770154365,0.2409948542024014,0.015608919382504194,-0.11801029159519727
1666,2020-11-03,Manchester City,Olympiacos,3,0,round : 3,C,Manchester City,Olympiakos Piraeus,3,0,False,2020,3,Group,H,1,3,detailed_2005_2021,1628.936,1447.917,181.019,0.739,17,127,0.5669291338582677,1.905511811023622,2.118110236220472,1.1496062992125984,0.968503937007874,1604.7,25,156,0.30128205128205127,1.0833333333333333,1.1282051282051282,1.698717948717949,-0.5705128205128205,1432.0,172.70000000000005,0.26564708257621644,0.8221784776902887,0.9899051080153436,-0.5491116495053505
1667,2020-11-03,Atalanta,Liverpool,0,5,round : 3,D,Atalanta,Liverpool FC,0,5,False,2020,3,Group,A,0,-5,detailed_2005_2021,1509.729,1647.726,-137.997,0.311,98,23,0.34782608695652173,1.3043478260869565,1.7391304347826086,1.8695652173913044,-0.13043478260869565,1491.9,7,230,0.5565217391304348,1.8782608695652174,1.891304347826087,0.9608695652173912,0.9304347826086956,1606.0,-114.09999999999991,-0.20869565217391306,-0.5739130434782609,-0.15217391304347827,0.9086956521739132
1668,2020-11-03,FC Midtjylland,Ajax,1,2,round : 3,D,FC Midtjylland,AFC Ajax,1,2,False,2020,3,Group,A,0,-1,detailed_2005_2021,1484.065,1554.062,-69.997,0.401,277,6,0.0,0.3333333333333333,0.6666666666666666,2.1666666666666665,-1.5,1446.1,11,215,0.46511627906976744,1.627906976744186,1.613953488372093,1.1255813953488372,0.4883720930232558,1552.1,-106.0,-0.46511627906976744,-1.2945736434108528,-0.9472868217054263,1.0410852713178294
1669,2020-11-04,Chelsea,Stade Rennais,3,0,round : 3,E,Chelsea FC,Stade Rennais,3,0,False,2020,3,Group,H,1,3,detailed_2005_2021,1597.177,1491.241,105.936,0.648,10,197,0.5126903553299492,1.8020304568527918,1.7106598984771573,0.934010152284264,0.7766497461928934,1593.5,295,6,0.0,0.16666666666666666,0.5,1.8333333333333333,-1.3333333333333333,1432.3,161.20000000000005,0.5126903553299492,1.635363790186125,1.2106598984771573,-0.8993231810490693
1670,2020-11-04,Sevilla,FC Krasnodar,3,2,round : 3,E,Sevilla FC,FK Krasnodar,3,2,False,2020,3,Group,H,1,1,detailed_2005_2021,1552.096,1492.526,59.57,0.585,42,72,0.375,1.4027777777777777,1.4583333333333333,1.4861111111111112,-0.027777777777777776,1507.6,224,6,0.16666666666666666,0.8333333333333334,1.0,1.8333333333333333,-0.8333333333333334,1473.2,34.399999999999864,0.20833333333333334,0.5694444444444443,0.45833333333333326,-0.3472222222222221
1671,2020-11-04,Zenit St. Petersburg,Lazio,1,1,round : 3,F,Zenit St. Petersburg,Lazio Roma,1,1,False,2020,3,Group,D,0,0,detailed_2005_2021,1499.695,1498.637,1.058,0.502,56,64,0.328125,1.203125,1.1875,1.421875,-0.234375,1466.8,48,60,0.38333333333333336,1.4166666666666667,1.4666666666666666,1.3166666666666669,0.15,1508.7,-41.90000000000009,-0.05520833333333336,-0.21354166666666674,-0.27916666666666656,0.10520833333333313
1672,2020-11-04,Club Brugge,Borussia Dortmund,0,3,round : 3,F,Club Brugge KV,Borussia Dortmund,0,3,False,2020,3,Group,A,0,-3,detailed_2005_2021,1461.564,1546.028,-84.464,0.381,38,97,0.31958762886597936,1.1855670103092784,1.1855670103092784,1.4845360824742269,-0.29896907216494845,1461.2,14,176,0.4715909090909091,1.6193181818181819,1.6875,1.2613636363636365,0.42613636363636365,1546.4,-85.20000000000005,-0.15200328022492976,-0.4337511715089035,-0.5019329896907216,0.2231724461105904
1673,2020-11-04,Barcelona,Dynamo Kyiv,2,1,round : 3,G,FC Barcelona,Dinamo Kiev,2,1,False,2020,3,Group,H,1,1,detailed_2005_2021,1736.994,1427.261,309.732,0.856,3,341,0.5747800586510264,1.9501466275659824,1.9794721407624636,1.0439882697947214,0.9354838709677419,1628.8,18,186,0.34946236559139787,1.2688172043010753,1.2311827956989247,1.3494623655913978,-0.11827956989247312,1474.7,154.0999999999999,0.22531769305962857,0.6813294232649072,0.7482893450635388,-0.3054740957966764
1674,2020-11-04,Ferencvárosi TC,Juventus,1,4,round : 3,G,Ferencvárosi TC,Juventus,1,4,False,2020,3,Group,A,0,-3,detailed_2005_2021,1493.681,1674.691,-181.01,0.261,88,32,0.3125,1.125,1.71875,2.3125,-0.59375,1459.7,5,297,0.5084175084175084,1.754208754208754,1.589225589225589,1.0134680134680134,0.5757575757575758,1581.5,-121.79999999999995,-0.19591750841750843,-0.6292087542087541,0.1295244107744109,1.2990319865319866
1675,2020-11-04,Başakşehir FK,Manchester United,2,1,round : 3,H,İstanbul Başakşehir,Manchester United,2,1,False,2020,3,Group,H,1,1,detailed_2005_2021,1485.967,1648.471,-162.505,0.282,261,6,0.16666666666666666,0.5,1.1666666666666667,3.0,-1.8333333333333333,1446.1,4,289,0.5294117647058824,1.8269896193771626,1.813148788927336,1.038062283737024,0.7750865051903114,1599.3,-153.20000000000005,-0.36274509803921573,-1.3269896193771626,-0.6464821222606694,1.961937716262976
1676,2020-11-04,RB Leipzig,Paris Saint-Germain,2,1,round : 3,H,RB Leipzig,Paris Saint-Germain,2,1,False,2020,3,Group,H,1,1,detailed_2005_2021,1552.297,1665.182,-112.885,0.343,60,46,0.4782608695652174,1.565217391304348,1.7608695652173914,1.8043478260869563,-0.043478260869565216,1521.1,16,151,0.5231788079470199,1.7615894039735098,1.9470198675496688,1.185430463576159,0.7615894039735099,1574.3,-53.200000000000045,-0.04491793838180247,-0.19637201266916193,-0.18615030233227747,0.6189173625107973
1685,2020-11-24,FC Krasnodar,Sevilla,1,2,round : 4,E,FK Krasnodar,Sevilla FC,1,2,False,2020,4,Group,A,0,-1,detailed_2005_2021,1484.224,1560.398,-76.174,0.392,224,6,0.16666666666666666,0.8333333333333334,1.0,1.8333333333333333,-0.8333333333333334,1473.2,42,72,0.375,1.4027777777777777,1.4583333333333333,1.4861111111111112,-0.027777777777777776,1507.6,-34.399999999999864,-0.20833333333333334,-0.5694444444444443,-0.45833333333333326,0.3472222222222221
1686,2020-11-24,Stade Rennais,Chelsea,1,2,round : 4,E,Stade Rennais,Chelsea FC,1,2,False,2020,4,Group,A,0,-1,detailed_2005_2021,1484.199,1604.219,-120.02,0.334,295,6,0.0,0.16666666666666666,0.5,1.8333333333333333,-1.3333333333333333,1432.3,10,197,0.5126903553299492,1.8020304568527918,1.7106598984771573,0.934010152284264,0.7766497461928934,1593.5,-161.20000000000005,-0.5126903553299492,-1.635363790186125,-1.2106598984771573,0.8993231810490693
1687,2020-11-24,Borussia Dortmund,Club Brugge,3,0,round : 4,F,Borussia Dortmund,Club Brugge KV,3,0,False,2020,4,Group,H,1,3,detailed_2005_2021,1553.644,1453.948,99.695,0.64,14,176,0.4715909090909091,1.6193181818181819,1.6875,1.2613636363636365,0.42613636363636365,1546.4,38,97,0.31958762886597936,1.1855670103092784,1.1855670103092784,1.4845360824742269,-0.29896907216494845,1461.2,85.20000000000005,0.15200328022492976,0.4337511715089035,0.5019329896907216,-0.2231724461105904
1688,2020-11-24,Lazio,Zenit St. Petersburg,3,1,round : 4,F,Lazio Roma,Zenit St. Petersburg,3,1,False,2020,4,Group,H,1,2,detailed_2005_2021,1498.667,1499.664,-0.997,0.499,48,60,0.38333333333333336,1.4166666666666667,1.4666666666666666,1.3166666666666669,0.15,1508.7,56,64,0.328125,1.203125,1.1875,1.421875,-0.234375,1466.8,41.90000000000009,0.05520833333333336,0.21354166666666674,0.27916666666666656,-0.10520833333333313
1689,2020-11-24,Dynamo Kyiv,Barcelona,0,4,round : 4,G,Dinamo Kiev,FC Barcelona,0,4,False,2020,4,Group,A,0,-4,detailed_2005_2021,1424.383,1739.872,-315.49,0.14,18,186,0.34946236559139787,1.2688172043010753,1.2311827956989247,1.3494623655913978,-0.11827956989247312,1474.7,3,341,0.5747800586510264,1.9501466275659824,1.9794721407624636,1.0439882697947214,0.9354838709677419,1628.8,-154.0999999999999,-0.22531769305962857,-0.6813294232649072,-0.7482893450635388,0.3054740957966764
1690,2020-11-24,Juventus,Ferencvárosi TC,2,1,round : 4,G,Juventus,Ferencvárosi TC,2,1,False,2020,4,Group,H,1,1,detailed_2005_2021,1679.907,1488.465,191.441,0.751,5,297,0.5084175084175084,1.754208754208754,1.589225589225589,1.0134680134680134,0.5757575757575758,1581.5,88,32,0.3125,1.125,1.71875,2.3125,-0.59375,1459.7,121.79999999999995,0.19591750841750843,0.6292087542087541,-0.1295244107744109,-1.2990319865319866
1691,2020-11-24,Manchester United,Başakşehir FK,4,1,round : 4,H,Manchester United,İstanbul Başakşehir,4,1,False,2020,4,Group,H,1,3,detailed_2005_2021,1634.108,1500.33,133.778,0.684,4,289,0.5294117647058824,1.8269896193771626,1.813148788927336,1.038062283737024,0.7750865051903114,1599.3,261,6,0.16666666666666666,0.5,1.1666666666666667,3.0,-1.8333333333333333,1446.1,153.20000000000005,0.36274509803921573,1.3269896193771626,0.6464821222606694,-1.961937716262976
1692,2020-11-24,Paris Saint-Germain,RB Leipzig,1,0,round : 4,H,Paris Saint-Germain,RB Leipzig,1,0,False,2020,4,Group,H,1,1,detailed_2005_2021,1652.043,1565.437,86.606,0.622,16,151,0.5231788079470199,1.7615894039735098,1.9470198675496688,1.185430463576159,0.7615894039735099,1574.3,60,46,0.4782608695652174,1.565217391304348,1.7608695652173914,1.8043478260869563,-0.043478260869565216,1521.1,53.200000000000045,0.04491793838180247,0.19637201266916193,0.18615030233227747,-0.6189173625107973
1677,2020-11-25,Atlético Madrid,Lokomotiv Moscow,0,0,round : 4,A,Atlético Madrid,Lokomotiv Moskva,0,0,False,2020,4,Group,D,0,0,detailed_2005_2021,1624.083,1462.889,161.194,0.717,15,166,0.4759036144578313,1.6927710843373494,1.4578313253012047,0.9879518072289156,0.46987951807228917,1568.1,90,44,0.20454545454545456,0.7954545454545454,0.9090909090909092,1.568181818181818,-0.6590909090909091,1399.6,168.5,0.2713581599123768,0.8973165388828039,0.5487404162102956,-0.5802300109529023
1678,2020-11-25,Bayern München,Red Bull Salzburg,3,1,round : 4,A,Bayern Munich,RB Salzburg,3,1,False,2020,4,Group,H,1,2,detailed_2005_2021,1764.762,1493.032,271.73,0.827,2,388,0.595360824742268,1.9871134020618557,2.105670103092784,1.0051546391752575,1.1005154639175259,1636.0,86,38,0.23684210526315788,1.0,1.3157894736842106,1.7894736842105263,-0.47368421052631576,1445.6,190.4000000000001,0.3585187194791102,0.9871134020618557,0.7898806294085734,-0.7843190450352688
1679,2020-11-25,Borussia M'gladbach,Shakhtar Donetsk,4,0,round : 4,B,Bor. Mönchengladbach,Shakhtar Donetsk,4,0,False,2020,4,Group,H,1,4,detailed_2005_2021,1512.295,1510.209,2.086,0.503,58,51,0.37254901960784315,1.4313725490196079,1.9411764705882355,1.3529411764705883,0.5882352941176471,1514.7,31,118,0.3305084745762712,1.2118644067796611,1.3644067796610169,1.7627118644067796,-0.3983050847457627,1464.6,50.100000000000136,0.04204054503157195,0.21950814223994675,0.5767696909272186,-0.4097706879361913
1680,2020-11-25,Inter,Real Madrid,0,2,round : 4,B,Inter Milan,Real Madrid,0,2,False,2020,4,Group,A,0,-2,detailed_2005_2021,1565.151,1677.27,-112.118,0.344,12,203,0.47783251231527096,1.6945812807881773,1.4088669950738917,1.0295566502463054,0.3793103448275862,1569.5,1,486,0.5987654320987654,1.97119341563786,2.213991769547325,1.117283950617284,1.0967078189300412,1630.0,-60.5,-0.12093291978349446,-0.27661213484968283,-0.8051247744734333,-0.08772730037097864
1681,2020-11-25,Olympiacos,Manchester City,0,1,round : 4,C,Olympiakos Piraeus,Manchester City,0,1,False,2020,4,Group,A,0,-1,detailed_2005_2021,1442.702,1634.151,-191.449,0.249,25,156,0.30128205128205127,1.0833333333333333,1.1282051282051282,1.698717948717949,-0.5705128205128205,1432.0,17,127,0.5669291338582677,1.905511811023622,2.118110236220472,1.1496062992125984,0.968503937007874,1604.7,-172.70000000000005,-0.26564708257621644,-0.8221784776902887,-0.9899051080153436,0.5491116495053505
1682,2020-11-25,Olympique de Marseille,FC Porto,0,2,round : 4,C,Olympique Marseille,FC Porto,0,2,False,2020,4,Group,A,0,-2,detailed_2005_2021,1427.534,1565.639,-138.105,0.311,29,110,0.39090909090909093,1.3363636363636364,1.4636363636363636,1.2727272727272727,0.19090909090909092,1484.0,8,265,0.4528301886792453,1.5773584905660378,1.4792452830188678,1.1547169811320754,0.32452830188679244,1540.4,-56.40000000000009,-0.061921097770154365,-0.2409948542024014,-0.015608919382504194,0.11801029159519727
1683,2020-11-25,Ajax,FC Midtjylland,3,1,round : 4,D,AFC Ajax,FC Midtjylland,3,1,False,2020,4,Group,H,1,2,detailed_2005_2021,1562.075,1476.053,86.022,0.621,11,215,0.46511627906976744,1.627906976744186,1.613953488372093,1.1255813953488372,0.4883720930232558,1552.1,277,6,0.0,0.3333333333333333,0.6666666666666666,2.1666666666666665,-1.5,1446.1,106.0,0.46511627906976744,1.2945736434108528,0.9472868217054263,-1.0410852713178294
1684,2020-11-25,Liverpool,Atalanta,0,2,round : 4,D,Liverpool FC,Atalanta,0,2,False,2020,4,Group,A,0,-2,detailed_2005_2021,1653.951,1503.504,150.446,0.704,7,230,0.5565217391304348,1.8782608695652174,1.891304347826087,0.9608695652173912,0.9304347826086956,1606.0,98,23,0.34782608695652173,1.3043478260869565,1.7391304347826086,1.8695652173913044,-0.13043478260869565,1491.9,114.09999999999991,0.20869565217391306,0.5739130434782609,0.15217391304347827,-0.9086956521739132
1693,2020-12-01,Lokomotiv Moscow,Red Bull Salzburg,1,3,round : 5,A,Lokomotiv Moskva,RB Salzburg,1,3,False,2020,5,Group,A,0,-2,detailed_2005_2021,1467.222,1489.571,-22.349,0.468,90,44,0.20454545454545456,0.7954545454545454,0.9090909090909092,1.568181818181818,-0.6590909090909091,1399.6,86,38,0.23684210526315788,1.0,1.3157894736842106,1.7894736842105263,-0.47368421052631576,1445.6,-46.0,-0.032296650717703324,-0.20454545454545459,-0.40669856459330145,-0.22129186602870843
1694,2020-12-01,Atlético Madrid,Bayern München,1,1,round : 5,A,Atlético Madrid,Bayern Munich,1,1,False,2020,5,Group,D,0,0,detailed_2005_2021,1619.75,1768.223,-148.473,0.298,15,166,0.4759036144578313,1.6927710843373494,1.4578313253012047,0.9879518072289156,0.46987951807228917,1568.1,2,388,0.595360824742268,1.9871134020618557,2.105670103092784,1.0051546391752575,1.1005154639175259,1636.0,-67.90000000000009,-0.11945721028443673,-0.29434231772450636,-0.6478387777915793,-0.017202831946341868
1695,2020-12-01,Shakhtar Donetsk,Real Madrid,2,0,round : 5,B,Shakhtar Donetsk,Real Madrid,2,0,False,2020,5,Group,H,1,2,detailed_2005_2021,1500.27,1684.15,-183.881,0.258,31,118,0.3305084745762712,1.2118644067796611,1.3644067796610169,1.7627118644067796,-0.3983050847457627,1464.6,1,486,0.5987654320987654,1.97119341563786,2.213991769547325,1.117283950617284,1.0967078189300412,1630.0,-165.4000000000001,-0.26825695752249423,-0.759329008858199,-0.8495849898863082,0.6454279137894956
1696,2020-12-01,Borussia M'gladbach,Inter,2,3,round : 5,B,Bor. Mönchengladbach,Inter Milan,2,3,False,2020,5,Group,A,0,-1,detailed_2005_2021,1522.235,1558.271,-36.035,0.448,58,51,0.37254901960784315,1.4313725490196079,1.9411764705882355,1.3529411764705883,0.5882352941176471,1514.7,12,203,0.47783251231527096,1.6945812807881773,1.4088669950738917,1.0295566502463054,0.3793103448275862,1569.5,-54.799999999999955,-0.10528349270742782,-0.2632087317685694,0.5323094755143438,0.32338452622428293
1697,2020-12-01,FC Porto,Manchester City,0,0,round : 5,C,FC Porto,Manchester City,0,0,False,2020,5,Group,D,0,0,detailed_2005_2021,1571.861,1639.138,-67.277,0.404,8,265,0.4528301886792453,1.5773584905660378,1.4792452830188678,1.1547169811320754,0.32452830188679244,1540.4,17,127,0.5669291338582677,1.905511811023622,2.118110236220472,1.1496062992125984,0.968503937007874,1604.7,-64.29999999999995,-0.11409894517902242,-0.32815332045758416,-0.638864953201604,0.005110681919477056
1698,2020-12-01,Olympique de Marseille,Olympiacos,2,1,round : 5,C,Olympique Marseille,Olympiakos Piraeus,2,1,False,2020,5,Group,H,1,1,detailed_2005_2021,1421.312,1437.715,-16.403,0.476,29,110,0.39090909090909093,1.3363636363636364,1.4636363636363636,1.2727272727272727,0.19090909090909092,1484.0,25,156,0.30128205128205127,1.0833333333333333,1.1282051282051282,1.698717948717949,-0.5705128205128205,1432.0,52.0,0.08962703962703966,0.25303030303030316,0.33543123543123543,-0.4259906759906762
1699,2020-12-01,Atalanta,FC Midtjylland,1,1,round : 5,D,Atalanta,FC Midtjylland,1,1,False,2020,5,Group,D,0,0,detailed_2005_2021,1517.583,1468.479,49.103,0.57,98,23,0.34782608695652173,1.3043478260869565,1.7391304347826086,1.8695652173913044,-0.13043478260869565,1491.9,277,6,0.0,0.3333333333333333,0.6666666666666666,2.1666666666666665,-1.5,1446.1,45.80000000000018,0.34782608695652173,0.9710144927536233,1.072463768115942,-0.2971014492753621
1700,2020-12-01,Liverpool,Ajax,1,0,round : 5,D,Liverpool FC,AFC Ajax,1,0,False,2020,5,Group,H,1,1,detailed_2005_2021,1639.872,1569.648,70.224,0.6,7,230,0.5565217391304348,1.8782608695652174,1.891304347826087,0.9608695652173912,0.9304347826086956,1606.0,11,215,0.46511627906976744,1.627906976744186,1.613953488372093,1.1255813953488372,0.4883720930232558,1552.1,53.90000000000009,0.09140546006066735,0.2503538928210314,0.27735085945399396,-0.16471183013144597
1701,2020-12-02,FC Krasnodar,Stade Rennais,1,0,round : 5,E,FK Krasnodar,Stade Rennais,1,0,False,2020,5,Group,H,1,1,detailed_2005_2021,1476.382,1477.522,-1.14,0.498,224,6,0.16666666666666666,0.8333333333333334,1.0,1.8333333333333333,-0.8333333333333334,1473.2,295,6,0.0,0.16666666666666666,0.5,1.8333333333333333,-1.3333333333333333,1432.3,40.90000000000009,0.16666666666666666,0.6666666666666667,0.5,0.0
1702,2020-12-02,Sevilla,Chelsea,0,4,round : 5,E,Sevilla FC,Chelsea FC,0,4,False,2020,5,Group,A,0,-4,detailed_2005_2021,1568.24,1610.896,-42.656,0.439,42,72,0.375,1.4027777777777777,1.4583333333333333,1.4861111111111112,-0.027777777777777776,1507.6,10,197,0.5126903553299492,1.8020304568527918,1.7106598984771573,0.934010152284264,0.7766497461928934,1593.5,-85.90000000000009,-0.13769035532994922,-0.39925267907501416,-0.252326565143824,0.5521009588268472
1703,2020-12-02,Borussia Dortmund,Lazio,1,1,round : 5,F,Borussia Dortmund,Lazio Roma,1,1,False,2020,5,Group,D,0,0,detailed_2005_2021,1560.851,1508.696,52.155,0.574,14,176,0.4715909090909091,1.6193181818181819,1.6875,1.2613636363636365,0.42613636363636365,1546.4,48,60,0.38333333333333336,1.4166666666666667,1.4666666666666666,1.3166666666666669,0.15,1508.7,37.700000000000045,0.08825757575757576,0.20265151515151514,0.22083333333333344,-0.05530303030303041
1704,2020-12-02,Club Brugge,Zenit St. Petersburg,3,0,round : 5,F,Club Brugge KV,Zenit St. Petersburg,3,0,False,2020,5,Group,H,1,3,detailed_2005_2021,1446.742,1489.636,-42.894,0.439,38,97,0.31958762886597936,1.1855670103092784,1.1855670103092784,1.4845360824742269,-0.29896907216494845,1461.2,56,64,0.328125,1.203125,1.1875,1.421875,-0.234375,1466.8,-5.599999999999909,-0.008537371134020644,-0.017557989690721643,-0.0019329896907216426,0.06266108247422686
1705,2020-12-02,Ferencvárosi TC,Barcelona,0,3,round : 5,G,Ferencvárosi TC,FC Barcelona,0,3,False,2020,5,Group,A,0,-3,detailed_2005_2021,1483.478,1742.67,-259.192,0.184,88,32,0.3125,1.125,1.71875,2.3125,-0.59375,1459.7,3,341,0.5747800586510264,1.9501466275659824,1.9794721407624636,1.0439882697947214,0.9354838709677419,1628.8,-169.0999999999999,-0.26228005865102644,-0.8251466275659824,-0.2607221407624636,1.2685117302052786
1706,2020-12-02,Juventus,Dynamo Kyiv,3,0,round : 5,G,Juventus,Dinamo Kiev,3,0,False,2020,5,Group,H,1,3,detailed_2005_2021,1684.894,1421.585,263.309,0.82,5,297,0.5084175084175084,1.754208754208754,1.589225589225589,1.0134680134680134,0.5757575757575758,1581.5,18,186,0.34946236559139787,1.2688172043010753,1.2311827956989247,1.3494623655913978,-0.11827956989247312,1474.7,106.79999999999995,0.15895514282611056,0.48539154990767885,0.35804279352666435,-0.33599435212338435
1707,2020-12-02,Başakşehir FK,RB Leipzig,3,4,round : 5,H,İstanbul Başakşehir,RB Leipzig,3,4,False,2020,5,Group,A,0,-1,detailed_2005_2021,1494.001,1557.879,-63.878,0.409,261,6,0.16666666666666666,0.5,1.1666666666666667,3.0,-1.8333333333333333,1446.1,60,46,0.4782608695652174,1.565217391304348,1.7608695652173914,1.8043478260869563,-0.043478260869565216,1521.1,-75.0,-0.3115942028985508,-1.065217391304348,-0.5942028985507246,1.1956521739130437
1708,2020-12-02,Manchester United,Paris Saint-Germain,1,3,round : 5,H,Manchester United,Paris Saint-Germain,1,3,False,2020,5,Group,A,0,-2,detailed_2005_2021,1640.437,1659.6,-19.163,0.472,4,289,0.5294117647058824,1.8269896193771626,1.813148788927336,1.038062283737024,0.7750865051903114,1599.3,16,151,0.5231788079470199,1.7615894039735098,1.9470198675496688,1.185430463576159,0.7615894039735099,1574.3,25.0,0.006232956758862485,0.06540021540365282,-0.13387107862233272,-0.14736817983913508
1709,2021-02-16,Barcelona,Paris Saint-Germain,1,4,round : 18,,FC Barcelona,Paris Saint-Germain,1,4,False,2020,18,Knockout,A,0,-3,detailed_2005_2021,1746.343,1669.049,77.293,0.609,3,341,0.5747800586510264,1.9501466275659824,1.9794721407624636,1.0439882697947214,0.9354838709677419,1628.8,16,151,0.5231788079470199,1.7615894039735098,1.9470198675496688,1.185430463576159,0.7615894039735099,1574.3,54.5,0.05160125070400656,0.18855722359247262,0.03245227321279476,-0.14144219378143763
1710,2021-02-16,RB Leipzig,Liverpool,0,2,round : 18,,RB Leipzig,Liverpool FC,0,2,False,2020,18,Knockout,A,0,-2,detailed_2005_2021,1566.061,1647.878,-81.817,0.384,60,46,0.4782608695652174,1.565217391304348,1.7608695652173914,1.8043478260869563,-0.043478260869565216,1521.1,7,230,0.5565217391304348,1.8782608695652174,1.891304347826087,0.9608695652173912,0.9304347826086956,1606.0,-84.90000000000009,-0.07826086956521738,-0.31304347826086953,-0.13043478260869557,0.8434782608695651
1711,2021-02-17,FC Porto,Juventus,2,1,round : 18,,FC Porto,Juventus,2,1,False,2020,18,Knockout,H,1,1,detailed_2005_2021,1573.774,1688.496,-114.722,0.341,8,265,0.4528301886792453,1.5773584905660378,1.4792452830188678,1.1547169811320754,0.32452830188679244,1540.4,5,297,0.5084175084175084,1.754208754208754,1.589225589225589,1.0134680134680134,0.5757575757575758,1581.5,-41.09999999999991,-0.05558731973826314,-0.17685026364271628,-0.10998030620672128,0.14124896766406203
1712,2021-02-17,Sevilla,Borussia Dortmund,2,3,round : 18,,Sevilla FC,Borussia Dortmund,2,3,False,2020,18,Knockout,A,0,-1,detailed_2005_2021,1559.462,1559.361,0.101,0.5,42,72,0.375,1.4027777777777777,1.4583333333333333,1.4861111111111112,-0.027777777777777776,1507.6,14,176,0.4715909090909091,1.6193181818181819,1.6875,1.2613636363636365,0.42613636363636365,1546.4,-38.80000000000018,-0.09659090909090912,-0.2165404040404042,-0.22916666666666674,0.2247474747474747
1713,2021-02-23,Atlético Madrid,Chelsea,0,1,round : 18,,Atlético Madrid,Chelsea FC,0,1,False,2020,18,Knockout,A,0,-1,detailed_2005_2021,1623.781,1619.674,4.107,0.506,15,166,0.4759036144578313,1.6927710843373494,1.4578313253012047,0.9879518072289156,0.46987951807228917,1568.1,10,197,0.5126903553299492,1.8020304568527918,1.7106598984771573,0.934010152284264,0.7766497461928934,1593.5,-25.40000000000009,-0.03678674087211792,-0.10925937251544249,-0.25282857317595253,0.05394165494465164
1714,2021-02-23,Lazio,Bayern München,1,4,round : 18,,Lazio Roma,Bayern Munich,1,4,False,2020,18,Knockout,A,0,-3,detailed_2005_2021,1510.186,1764.192,-254.006,0.188,48,60,0.38333333333333336,1.4166666666666667,1.4666666666666666,1.3166666666666669,0.15,1508.7,2,388,0.595360824742268,1.9871134020618557,2.105670103092784,1.0051546391752575,1.1005154639175259,1636.0,-127.29999999999995,-0.21202749140893468,-0.570446735395189,-0.6390034364261175,0.3115120274914094
1715,2021-02-24,Atalanta,Real Madrid,0,1,round : 18,,Atalanta,Real Madrid,0,1,False,2020,18,Knockout,A,0,-1,detailed_2005_2021,1516.179,1669.302,-153.123,0.293,98,23,0.34782608695652173,1.3043478260869565,1.7391304347826086,1.8695652173913044,-0.13043478260869565,1491.9,1,486,0.5987654320987654,1.97119341563786,2.213991769547325,1.117283950617284,1.0967078189300412,1630.0,-138.0999999999999,-0.2509393451422437,-0.6668455895509036,-0.47486133476471637,0.7522812667740204
1716,2021-02-24,Borussia M'gladbach,Manchester City,0,2,round : 18,,Bor. Mönchengladbach,Manchester City,0,2,False,2020,18,Knockout,A,0,-2,detailed_2005_2021,1513.269,1637.226,-123.957,0.329,58,51,0.37254901960784315,1.4313725490196079,1.9411764705882355,1.3529411764705883,0.5882352941176471,1514.7,17,127,0.5669291338582677,1.905511811023622,2.118110236220472,1.1496062992125984,0.968503937007874,1604.7,-90.0,-0.19438011425042456,-0.47413926200401413,-0.17693376563223628,0.20333487725798993
1717,2021-03-09,Borussia Dortmund,Sevilla,2,2,round : 18,,Borussia Dortmund,Sevilla FC,2,2,False,2020,18,Knockout,D,0,0,detailed_2005_2021,1569.363,1549.459,19.905,0.529,14,176,0.4715909090909091,1.6193181818181819,1.6875,1.2613636363636365,0.42613636363636365,1546.4,42,72,0.375,1.4027777777777777,1.4583333333333333,1.4861111111111112,-0.027777777777777776,1507.6,38.80000000000018,0.09659090909090912,0.2165404040404042,0.22916666666666674,-0.2247474747474747
1718,2021-03-09,Juventus,FC Porto,2(1),1(1),round : 18,,Juventus,FC Porto,2,1,True,2020,18,Knockout,H,1,1,detailed_2005_2021,1675.309,1586.961,88.348,0.624,5,297,0.5084175084175084,1.754208754208754,1.589225589225589,1.0134680134680134,0.5757575757575758,1581.5,8,265,0.4528301886792453,1.5773584905660378,1.4792452830188678,1.1547169811320754,0.32452830188679244,1540.4,41.09999999999991,0.05558731973826314,0.17685026364271628,0.10998030620672128,-0.14124896766406203
1719,2021-03-10,Liverpool,RB Leipzig,2,0,round : 18,,Liverpool FC,RB Leipzig,2,0,False,2020,18,Knockout,H,1,2,detailed_2005_2021,1655.566,1558.373,97.193,0.636,7,230,0.5565217391304348,1.8782608695652174,1.891304347826087,0.9608695652173912,0.9304347826086956,1606.0,60,46,0.4782608695652174,1.565217391304348,1.7608695652173914,1.8043478260869563,-0.043478260869565216,1521.1,84.90000000000009,0.07826086956521738,0.31304347826086953,0.13043478260869557,-0.8434782608695651
1720,2021-03-10,Paris Saint-Germain,Barcelona,1,1,round : 18,,Paris Saint-Germain,FC Barcelona,1,1,False,2020,18,Knockout,D,0,0,detailed_2005_2021,1681.238,1734.154,-52.916,0.424,16,151,0.5231788079470199,1.7615894039735098,1.9470198675496688,1.185430463576159,0.7615894039735099,1574.3,3,341,0.5747800586510264,1.9501466275659824,1.9794721407624636,1.0439882697947214,0.9354838709677419,1628.8,-54.5,-0.05160125070400656,-0.18855722359247262,-0.03245227321279476,0.14144219378143763
1721,2021-03-16,Manchester City,Borussia M'gladbach,2,0,round : 18,,Manchester City,Bor. Mönchengladbach,2,0,False,2020,18,Knockout,H,1,2,detailed_2005_2021,1643.802,1506.693,137.109,0.688,17,127,0.5669291338582677,1.905511811023622,2.118110236220472,1.1496062992125984,0.968503937007874,1604.7,58,51,0.37254901960784315,1.4313725490196079,1.9411764705882355,1.3529411764705883,0.5882352941176471,1514.7,90.0,0.19438011425042456,0.47413926200401413,0.17693376563223628,-0.20333487725798993
1722,2021-03-16,Real Madrid,Atalanta,3,1,round : 18,,Real Madrid,Atalanta,3,1,False,2020,18,Knockout,H,1,2,detailed_2005_2021,1675.16,1510.321,164.839,0.721,1,486,0.5987654320987654,1.97119341563786,2.213991769547325,1.117283950617284,1.0967078189300412,1630.0,98,23,0.34782608695652173,1.3043478260869565,1.7391304347826086,1.8695652173913044,-0.13043478260869565,1491.9,138.0999999999999,0.2509393451422437,0.6668455895509036,0.47486133476471637,-0.7522812667740204
1723,2021-03-17,Bayern München,Lazio,2,1,round : 18,,Bayern Munich,Lazio Roma,2,1,False,2020,18,Knockout,H,1,1,detailed_2005_2021,1767.955,1506.423,261.532,0.818,2,388,0.595360824742268,1.9871134020618557,2.105670103092784,1.0051546391752575,1.1005154639175259,1636.0,48,60,0.38333333333333336,1.4166666666666667,1.4666666666666666,1.3166666666666669,0.15,1508.7,127.29999999999995,0.21202749140893468,0.570446735395189,0.6390034364261175,-0.3115120274914094
1724,2021-03-17,Chelsea,Atlético Madrid,2,0,round : 18,,Chelsea FC,Atlético Madrid,2,0,False,2020,18,Knockout,H,1,2,detailed_2005_2021,1629.792,1613.663,16.129,0.523,10,197,0.5126903553299492,1.8020304568527918,1.7106598984771573,0.934010152284264,0.7766497461928934,1593.5,15,166,0.4759036144578313,1.6927710843373494,1.4578313253012047,0.9879518072289156,0.46987951807228917,1568.1,25.40000000000009,0.03678674087211792,0.10925937251544249,0.25282857317595253,-0.05394165494465164
1725,2021-04-06,Manchester City,Borussia Dortmund,2,1,round : quarterfinals,,Manchester City,Borussia Dortmund,2,1,False,2020,quarterfinals,Knockout,H,1,1,detailed_2005_2021,1650.048,1568.791,81.257,0.615,17,127,0.5669291338582677,1.905511811023622,2.118110236220472,1.1496062992125984,0.968503937007874,1604.7,14,176,0.4715909090909091,1.6193181818181819,1.6875,1.2613636363636365,0.42613636363636365,1546.4,58.299999999999955,0.09533822476735859,0.2861936292054401,0.4306102362204718,-0.11175733715103808
1726,2021-04-06,Real Madrid,Liverpool,3,1,round : quarterfinals,,Real Madrid,Liverpool FC,3,1,False,2020,quarterfinals,Knockout,H,1,2,detailed_2005_2021,1680.742,1662.839,17.903,0.526,1,486,0.5987654320987654,1.97119341563786,2.213991769547325,1.117283950617284,1.0967078189300412,1630.0,7,230,0.5565217391304348,1.8782608695652174,1.891304347826087,0.9608695652173912,0.9304347826086956,1606.0,24.0,0.04224369296833064,0.09293254607264267,0.3226874217212381,0.15641438539989283
1727,2021-04-07,Bayern München,Paris Saint-Germain,2,3,round : quarterfinals,,Bayern Munich,Paris Saint-Germain,2,3,False,2020,quarterfinals,Knockout,A,0,-1,detailed_2005_2021,1771.587,1682.749,88.838,0.625,2,388,0.595360824742268,1.9871134020618557,2.105670103092784,1.0051546391752575,1.1005154639175259,1636.0,16,151,0.5231788079470199,1.7615894039735098,1.9470198675496688,1.185430463576159,0.7615894039735099,1574.3,61.700000000000045,0.07218201679524816,0.2255239980883459,0.1586502355431152,-0.1802758244009015
1728,2021-04-07,FC Porto,Chelsea,0,2,round : quarterfinals,,FC Porto,Chelsea FC,0,2,False,2020,quarterfinals,Knockout,A,0,-2,detailed_2005_2021,1579.45,1639.329,-59.878,0.415,8,265,0.4528301886792453,1.5773584905660378,1.4792452830188678,1.1547169811320754,0.32452830188679244,1540.4,10,197,0.5126903553299492,1.8020304568527918,1.7106598984771573,0.934010152284264,0.7766497461928934,1593.5,-53.09999999999991,-0.05986016665070393,-0.224671966286754,-0.23141461545828945,0.22070682884781145
1729,2021-04-13,Chelsea,FC Porto,0,1,round : quarterfinals,,Chelsea FC,FC Porto,0,1,False,2020,quarterfinals,Knockout,A,0,-1,detailed_2005_2021,1647.622,1571.157,76.465,0.608,10,197,0.5126903553299492,1.8020304568527918,1.7106598984771573,0.934010152284264,0.7766497461928934,1593.5,8,265,0.4528301886792453,1.5773584905660378,1.4792452830188678,1.1547169811320754,0.32452830188679244,1540.4,53.09999999999991,0.05986016665070393,0.224671966286754,0.23141461545828945,-0.22070682884781145
1730,2021-04-13,Paris Saint-Germain,Bayern München,0,1,round : quarterfinals,,Paris Saint-Germain,Bayern Munich,0,1,False,2020,quarterfinals,Knockout,A,0,-1,detailed_2005_2021,1695.252,1759.084,-63.832,0.409,16,151,0.5231788079470199,1.7615894039735098,1.9470198675496688,1.185430463576159,0.7615894039735099,1574.3,2,388,0.595360824742268,1.9871134020618557,2.105670103092784,1.0051546391752575,1.1005154639175259,1636.0,-61.700000000000045,-0.07218201679524816,-0.2255239980883459,-0.1586502355431152,0.1802758244009015
1731,2021-04-14,Borussia Dortmund,Manchester City,1,2,round : quarterfinals,,Borussia Dortmund,Manchester City,1,2,False,2020,quarterfinals,Knockout,A,0,-1,detailed_2005_2021,1561.088,1657.751,-96.663,0.364,14,176,0.4715909090909091,1.6193181818181819,1.6875,1.2613636363636365,0.42613636363636365,1546.4,17,127,0.5669291338582677,1.905511811023622,2.118110236220472,1.1496062992125984,0.968503937007874,1604.7,-58.299999999999955,-0.09533822476735859,-0.2861936292054401,-0.4306102362204718,0.11175733715103808
1732,2021-04-14,Liverpool,Real Madrid,0,0,round : quarterfinals,,Liverpool FC,Real Madrid,0,0,False,2020,quarterfinals,Knockout,D,0,0,detailed_2005_2021,1653.354,1690.227,-36.873,0.447,7,230,0.5565217391304348,1.8782608695652174,1.891304347826087,0.9608695652173912,0.9304347826086956,1606.0,1,486,0.5987654320987654,1.97119341563786,2.213991769547325,1.117283950617284,1.0967078189300412,1630.0,-24.0,-0.04224369296833064,-0.09293254607264267,-0.3226874217212381,-0.15641438539989283
1733,2021-04-27,Real Madrid,Chelsea,1,1,round : semifinals,,Real Madrid,Chelsea FC,1,1,False,2020,semifinals,Knockout,D,0,0,detailed_2005_2021,1689.17,1635.456,53.714,0.577,1,486,0.5987654320987654,1.97119341563786,2.213991769547325,1.117283950617284,1.0967078189300412,1630.0,10,197,0.5126903553299492,1.8020304568527918,1.7106598984771573,0.934010152284264,0.7766497461928934,1593.5,36.5,0.0860750767688162,0.16916295878506826,0.5033318710701677,0.18327379833302004
1734,2021-04-28,Paris Saint-Germain,Manchester City,1,2,round : semifinals,,Paris Saint-Germain,Manchester City,1,2,False,2020,semifinals,Knockout,A,0,-1,detailed_2005_2021,1687.069,1665.039,22.03,0.532,16,151,0.5231788079470199,1.7615894039735098,1.9470198675496688,1.185430463576159,0.7615894039735099,1574.3,17,127,0.5669291338582677,1.905511811023622,2.118110236220472,1.1496062992125984,0.968503937007874,1604.7,-30.40000000000009,-0.043750325911247834,-0.14392240705011217,-0.17109036867080296,0.03582416436356062
1735,2021-05-04,Manchester City,Paris Saint-Germain,2,0,round : semifinals,,Manchester City,Paris Saint-Germain,2,0,False,2020,semifinals,Knockout,H,1,2,detailed_2005_2021,1675.672,1676.436,-0.764,0.499,17,127,0.5669291338582677,1.905511811023622,2.118110236220472,1.1496062992125984,0.968503937007874,1604.7,16,151,0.5231788079470199,1.7615894039735098,1.9470198675496688,1.185430463576159,0.7615894039735099,1574.3,30.40000000000009,0.043750325911247834,0.14392240705011217,0.17109036867080296,-0.03582416436356062
1736,2021-05-05,Chelsea,Real Madrid,2,0,round : semifinals,,Chelsea FC,Real Madrid,2,0,False,2020,semifinals,Knockout,H,1,2,detailed_2005_2021,1636.99,1687.636,-50.646,0.428,10,197,0.5126903553299492,1.8020304568527918,1.7106598984771573,0.934010152284264,0.7766497461928934,1593.5,1,486,0.5987654320987654,1.97119341563786,2.213991769547325,1.117283950617284,1.0967078189300412,1630.0,-36.5,-0.0860750767688162,-0.16916295878506826,-0.5033318710701677,-0.18327379833302004
1737,2021-05-29,Manchester City,Chelsea,0,1,round : final,,Manchester City,Chelsea FC,0,1,False,2020,final,Knockout,A,0,-1,detailed_2005_2021,1685.694,1648.437,37.257,0.553,17,127,0.5669291338582677,1.905511811023622,2.118110236220472,1.1496062992125984,0.968503937007874,1604.7,10,197,0.5126903553299492,1.8020304568527918,1.7106598984771573,0.934010152284264,0.7766497461928934,1593.5,11.200000000000045,0.05423877852831849,0.10348135417083015,0.4074503377433145,0.2155961469283344
