source_row,date,home_team_raw,away_team_raw,home_goals_raw,away_goals_raw,round_raw,group,home_team,away_team,home_goals,away_goals,has_score_annotation,season_start,round,phase,result,home_win,goal_difference,source
0,2005-09-14,Club Brugge,Juventus,1,2,round : 1,A,Club Brugge KV,Juventus,1,2,False,2005,1,Group,A,0,-1,detailed_2005_2021
1,2005-09-14,SK Rapid Wien,Bayern München,0,1,round : 1,A,Rapid Wien,Bayern Munich,0,1,False,2005,1,Group,A,0,-1,detailed_2005_2021
2,2005-09-14,Arsenal,FC Thun,2,1,round : 1,B,Arsenal FC,FC Thun Berner Oberland,2,1,False,2005,1,Group,H,1,1,detailed_2005_2021
3,2005-09-14,Sparta Praha,Ajax,1,1,round : 1,B,AC Sparta Praha,AFC Ajax,1,1,False,2005,1,Group,D,0,0,detailed_2005_2021
4,2005-09-14,Udinese,Panathinaikos,3,0,round : 1,C,Udinese Calcio,Panathinaikos,3,0,False,2005,1,Group,H,1,3,detailed_2005_2021
5,2005-09-14,Werder Bremen,Barcelona,0,2,round : 1,C,Werder Bremen,FC Barcelona,0,2,False,2005,1,Group,A,0,-2,detailed_2005_2021
6,2005-09-14,SL Benfica,Lille OSC,1,0,round : 1,D,SL Benfica,Lille OSC,1,0,False,2005,1,Group,H,1,1,detailed_2005_2021
7,2005-09-14,Villarreal,Manchester United,0,0,round : 1,D,Villarreal CF,Manchester United,0,0,False,2005,1,Group,D,0,0,detailed_2005_2021
8,2005-09-13,Milan,Fenerbahçe,3,1,round : 1,E,AC Milan,Fenerbahçe,3,1,False,2005,1,Group,H,1,2,detailed_2005_2021
9,2005-09-13,PSV Eindhoven,FC Schalke 04,1,0,round : 1,E,PSV Eindhoven,FC Schalke 04,1,0,False,2005,1,Group,H,1,1,detailed_2005_2021
10,2005-09-13,Olympiacos,Rosenborg BK,1,3,round : 1,F,Olympiakos Piraeus,Rosenborg BK,1,3,False,2005,1,Group,A,0,-2,detailed_2005_2021
11,2005-09-13,Olympique Lyonnais,Real Madrid,3,0,round : 1,F,Olympique Lyon,Real Madrid,3,0,False,2005,1,Group,H,1,3,detailed_2005_2021
12,2005-09-13,Chelsea,RSC Anderlecht,1,0,round : 1,G,Chelsea FC,RSC Anderlecht,1,0,False,2005,1,Group,H,1,1,detailed_2005_2021
13,2005-09-13,Real Betis Balompié,Liverpool,1,2,round : 1,G,Real Betis,Liverpool FC,1,2,False,2005,1,Group,A,0,-1,detailed_2005_2021
14,2005-09-13,FC Petrzalka 1898,Inter,0,1,round : 1,H,FC Petržalka,Inter Milan,0,1,False,2005,1,Group,A,0,-1,detailed_2005_2021
15,2005-09-13,Rangers,FC Porto,3,2,round : 1,H,Rangers FC,FC Porto,3,2,False,2005,1,Group,H,1,1,detailed_2005_2021
16,2005-09-27,Bayern München,Club Brugge,1,0,round : 2,A,Bayern Munich,Club Brugge KV,1,0,False,2005,2,Group,H,1,1,detailed_2005_2021
17,2005-09-27,Juventus,SK Rapid Wien,3,0,round : 2,A,Juventus,Rapid Wien,3,0,False,2005,2,Group,H,1,3,detailed_2005_2021
18,2005-09-27,Ajax,Arsenal,1,2,round : 2,B,AFC Ajax,Arsenal FC,1,2,False,2005,2,Group,A,0,-1,detailed_2005_2021
19,2005-09-27,FC Thun,Sparta Praha,1,0,round : 2,B,FC Thun Berner Oberland,AC Sparta Praha,1,0,False,2005,2,Group,H,1,1,detailed_2005_2021
20,2005-09-27,Barcelona,Udinese,4,1,round : 2,C,FC Barcelona,Udinese Calcio,4,1,False,2005,2,Group,H,1,3,detailed_2005_2021
21,2005-09-27,Panathinaikos,Werder Bremen,2,1,round : 2,C,Panathinaikos,Werder Bremen,2,1,False,2005,2,Group,H,1,1,detailed_2005_2021
22,2005-09-27,Lille OSC,Villarreal,0,0,round : 2,D,Lille OSC,Villarreal CF,0,0,False,2005,2,Group,D,0,0,detailed_2005_2021
23,2005-09-27,Manchester United,SL Benfica,2,1,round : 2,D,Manchester United,SL Benfica,2,1,False,2005,2,Group,H,1,1,detailed_2005_2021
24,2005-09-28,FC Schalke 04,Milan,2,2,round : 2,E,FC Schalke 04,AC Milan,2,2,False,2005,2,Group,D,0,0,detailed_2005_2021
25,2005-09-28,Fenerbahçe,PSV Eindhoven,3,0,round : 2,E,Fenerbahçe,PSV Eindhoven,3,0,False,2005,2,Group,H,1,3,detailed_2005_2021
26,2005-09-28,Real Madrid,Olympiacos,2,1,round : 2,F,Real Madrid,Olympiakos Piraeus,2,1,False,2005,2,Group,H,1,1,detailed_2005_2021
27,2005-09-28,Rosenborg BK,Olympique Lyonnais,0,1,round : 2,F,Rosenborg BK,Olympique Lyon,0,1,False,2005,2,Group,A,0,-1,detailed_2005_2021
28,2005-09-28,Liverpool,Chelsea,0,0,round : 2,G,Liverpool FC,Chelsea FC,0,0,False,2005,2,Group,D,0,0,detailed_2005_2021
29,2005-09-28,RSC Anderlecht,Real Betis Balompié,0,1,round : 2,G,RSC Anderlecht,Real Betis,0,1,False,2005,2,Group,A,0,-1,detailed_2005_2021
30,2005-09-28,FC Porto,FC Petrzalka 1898,2,3,round : 2,H,FC Porto,FC Petržalka,2,3,False,2005,2,Group,A,0,-1,detailed_2005_2021
31,2005-09-28,Inter,Rangers,1,0,round : 2,H,Inter Milan,Rangers FC,1,0,False,2005,2,Group,H,1,1,detailed_2005_2021
32,2005-10-18,Bayern München,Juventus,2,1,round : 3,A,Bayern Munich,Juventus,2,1,False,2005,3,Group,H,1,1,detailed_2005_2021
33,2005-10-18,SK Rapid Wien,Club Brugge,0,1,round : 3,A,Rapid Wien,Club Brugge KV,0,1,False,2005,3,Group,A,0,-1,detailed_2005_2021
34,2005-10-18,Ajax,FC Thun,2,0,round : 3,B,AFC Ajax,FC Thun Berner Oberland,2,0,False,2005,3,Group,H,1,2,detailed_2005_2021
35,2005-10-18,Sparta Praha,Arsenal,0,2,round : 3,B,AC Sparta Praha,Arsenal FC,0,2,False,2005,3,Group,A,0,-2,detailed_2005_2021
36,2005-10-18,Panathinaikos,Barcelona,0,0,round : 3,C,Panathinaikos,FC Barcelona,0,0,False,2005,3,Group,D,0,0,detailed_2005_2021
37,2005-10-18,Udinese,Werder Bremen,1,1,round : 3,C,Udinese Calcio,Werder Bremen,1,1,False,2005,3,Group,D,0,0,detailed_2005_2021
38,2005-10-18,Manchester United,Lille OSC,0,0,round : 3,D,Manchester United,Lille OSC,0,0,False,2005,3,Group,D,0,0,detailed_2005_2021
39,2005-10-18,Villarreal,SL Benfica,1,1,round : 3,D,Villarreal CF,SL Benfica,1,1,False,2005,3,Group,D,0,0,detailed_2005_2021
40,2005-10-19,Fenerbahçe,FC Schalke 04,3,3,round : 3,E,Fenerbahçe,FC Schalke 04,3,3,False,2005,3,Group,D,0,0,detailed_2005_2021
41,2005-10-19,Milan,PSV Eindhoven,0,0,round : 3,E,AC Milan,PSV Eindhoven,0,0,False,2005,3,Group,D,0,0,detailed_2005_2021
42,2005-10-19,Olympique Lyonnais,Olympiacos,2,1,round : 3,F,Olympique Lyon,Olympiakos Piraeus,2,1,False,2005,3,Group,H,1,1,detailed_2005_2021
43,2005-10-19,Real Madrid,Rosenborg BK,4,1,round : 3,F,Real Madrid,Rosenborg BK,4,1,False,2005,3,Group,H,1,3,detailed_2005_2021
44,2005-10-19,Chelsea,Real Betis Balompié,4,0,round : 3,G,Chelsea FC,Real Betis,4,0,False,2005,3,Group,H,1,4,detailed_2005_2021
45,2005-10-19,RSC Anderlecht,Liverpool,0,1,round : 3,G,RSC Anderlecht,Liverpool FC,0,1,False,2005,3,Group,A,0,-1,detailed_2005_2021
46,2005-10-19,FC Porto,Inter,2,0,round : 3,H,FC Porto,Inter Milan,2,0,False,2005,3,Group,H,1,2,detailed_2005_2021
47,2005-10-19,Rangers,FC Petrzalka 1898,0,0,round : 3,H,Rangers FC,FC Petržalka,0,0,False,2005,3,Group,D,0,0,detailed_2005_2021
48,2005-11-02,Club Brugge,SK Rapid Wien,3,2,round : 4,A,Club Brugge KV,Rapid Wien,3,2,False,2005,4,Group,H,1,1,detailed_2005_2021
49,2005-11-02,Juventus,Bayern München,2,1,round : 4,A,Juventus,Bayern Munich,2,1,False,2005,4,Group,H,1,1,detailed_2005_2021
50,2005-11-02,Arsenal,Sparta Praha,3,0,round : 4,B,Arsenal FC,AC Sparta Praha,3,0,False,2005,4,Group,H,1,3,detailed_2005_2021
51,2005-11-02,FC Thun,Ajax,2,4,round : 4,B,FC Thun Berner Oberland,AFC Ajax,2,4,False,2005,4,Group,A,0,-2,detailed_2005_2021
52,2005-11-02,Barcelona,Panathinaikos,5,0,round : 4,C,FC Barcelona,Panathinaikos,5,0,False,2005,4,Group,H,1,5,detailed_2005_2021
53,2005-11-02,Werder Bremen,Udinese,4,3,round : 4,C,Werder Bremen,Udinese Calcio,4,3,False,2005,4,Group,H,1,1,detailed_2005_2021
54,2005-11-02,Lille OSC,Manchester United,1,0,round : 4,D,Lille OSC,Manchester United,1,0,False,2005,4,Group,H,1,1,detailed_2005_2021
55,2005-11-02,SL Benfica,Villarreal,0,1,round : 4,D,SL Benfica,Villarreal CF,0,1,False,2005,4,Group,A,0,-1,detailed_2005_2021
56,2005-11-01,FC Schalke 04,Fenerbahçe,2,0,round : 4,E,FC Schalke 04,Fenerbahçe,2,0,False,2005,4,Group,H,1,2,detailed_2005_2021
57,2005-11-01,PSV Eindhoven,Milan,1,0,round : 4,E,PSV Eindhoven,AC Milan,1,0,False,2005,4,Group,H,1,1,detailed_2005_2021
58,2005-11-01,Olympiacos,Olympique Lyonnais,1,4,round : 4,F,Olympiakos Piraeus,Olympique Lyon,1,4,False,2005,4,Group,A,0,-3,detailed_2005_2021
59,2005-11-01,Rosenborg BK,Real Madrid,0,2,round : 4,F,Rosenborg BK,Real Madrid,0,2,False,2005,4,Group,A,0,-2,detailed_2005_2021
60,2005-11-01,Liverpool,RSC Anderlecht,3,0,round : 4,G,Liverpool FC,RSC Anderlecht,3,0,False,2005,4,Group,H,1,3,detailed_2005_2021
61,2005-11-01,Real Betis Balompié,Chelsea,1,0,round : 4,G,Real Betis,Chelsea FC,1,0,False,2005,4,Group,H,1,1,detailed_2005_2021
62,2005-11-01,FC Petrzalka 1898,Rangers,2,2,round : 4,H,FC Petržalka,Rangers FC,2,2,False,2005,4,Group,D,0,0,detailed_2005_2021
63,2005-11-01,Inter,FC Porto,2,1,round : 4,H,Inter Milan,FC Porto,2,1,False,2005,4,Group,H,1,1,detailed_2005_2021
64,2005-11-22,Bayern München,SK Rapid Wien,4,0,round : 5,A,Bayern Munich,Rapid Wien,4,0,False,2005,5,Group,H,1,4,detailed_2005_2021
65,2005-11-22,Juventus,Club Brugge,1,0,round : 5,A,Juventus,Club Brugge KV,1,0,False,2005,5,Group,H,1,1,detailed_2005_2021
66,2005-11-22,Ajax,Sparta Praha,2,1,round : 5,B,AFC Ajax,AC Sparta Praha,2,1,False,2005,5,Group,H,1,1,detailed_2005_2021
67,2005-11-22,FC Thun,Arsenal,0,1,round : 5,B,FC Thun Berner Oberland,Arsenal FC,0,1,False,2005,5,Group,A,0,-1,detailed_2005_2021
68,2005-11-22,Barcelona,Werder Bremen,3,1,round : 5,C,FC Barcelona,Werder Bremen,3,1,False,2005,5,Group,H,1,2,detailed_2005_2021
69,2005-11-22,Panathinaikos,Udinese,1,2,round : 5,C,Panathinaikos,Udinese Calcio,1,2,False,2005,5,Group,A,0,-1,detailed_2005_2021
70,2005-11-22,Lille OSC,SL Benfica,0,0,round : 5,D,Lille OSC,SL Benfica,0,0,False,2005,5,Group,D,0,0,detailed_2005_2021
71,2005-11-22,Manchester United,Villarreal,0,0,round : 5,D,Manchester United,Villarreal CF,0,0,False,2005,5,Group,D,0,0,detailed_2005_2021
72,2005-11-23,FC Schalke 04,PSV Eindhoven,3,0,round : 5,E,FC Schalke 04,PSV Eindhoven,3,0,False,2005,5,Group,H,1,3,detailed_2005_2021
73,2005-11-23,Fenerbahçe,Milan,0,4,round : 5,E,Fenerbahçe,AC Milan,0,4,False,2005,5,Group,A,0,-4,detailed_2005_2021
74,2005-11-23,Real Madrid,Olympique Lyonnais,1,1,round : 5,F,Real Madrid,Olympique Lyon,1,1,False,2005,5,Group,D,0,0,detailed_2005_2021
75,2005-11-23,Rosenborg BK,Olympiacos,1,1,round : 5,F,Rosenborg BK,Olympiakos Piraeus,1,1,False,2005,5,Group,D,0,0,detailed_2005_2021
76,2005-11-23,Liverpool,Real Betis Balompié,0,0,round : 5,G,Liverpool FC,Real Betis,0,0,False,2005,5,Group,D,0,0,detailed_2005_2021
77,2005-11-23,RSC Anderlecht,Chelsea,0,2,round : 5,G,RSC Anderlecht,Chelsea FC,0,2,False,2005,5,Group,A,0,-2,detailed_2005_2021
78,2005-11-23,FC Porto,Rangers,1,1,round : 5,H,FC Porto,Rangers FC,1,1,False,2005,5,Group,D,0,0,detailed_2005_2021
79,2005-11-23,Inter,FC Petrzalka 1898,4,0,round : 5,H,Inter Milan,FC Petržalka,4,0,False,2005,5,Group,H,1,4,detailed_2005_2021
80,2006-02-21,Bayern München,Milan,1,1,round : 18,,Bayern Munich,AC Milan,1,1,False,2005,18,Knockout,D,0,0,detailed_2005_2021
81,2006-02-21,PSV Eindhoven,Olympique Lyonnais,0,1,round : 18,,PSV Eindhoven,Olympique Lyon,0,1,False,2005,18,Knockout,A,0,-1,detailed_2005_2021
82,2006-02-21,Real Madrid,Arsenal,0,1,round : 18,,Real Madrid,Arsenal FC,0,1,False,2005,18,Knockout,A,0,-1,detailed_2005_2021
83,2006-02-21,SL Benfica,Liverpool,1,0,round : 18,,SL Benfica,Liverpool FC,1,0,False,2005,18,Knockout,H,1,1,detailed_2005_2021
84,2006-02-22,Ajax,Inter,2,2,round : 18,,AFC Ajax,Inter Milan,2,2,False,2005,18,Knockout,D,0,0,detailed_2005_2021
85,2006-02-22,Chelsea,Barcelona,1,2,round : 18,,Chelsea FC,FC Barcelona,1,2,False,2005,18,Knockout,A,0,-1,detailed_2005_2021
86,2006-02-22,Rangers,Villarreal,2,2,round : 18,,Rangers FC,Villarreal CF,2,2,False,2005,18,Knockout,D,0,0,detailed_2005_2021
87,2006-02-22,Werder Bremen,Juventus,3,2,round : 18,,Werder Bremen,Juventus,3,2,False,2005,18,Knockout,H,1,1,detailed_2005_2021
88,2006-03-07,Barcelona,Chelsea,1,1,round : 18,,FC Barcelona,Chelsea FC,1,1,False,2005,18,Knockout,D,0,0,detailed_2005_2021
89,2006-03-07,Juventus,Werder Bremen,2,1,round : 18,,Juventus,Werder Bremen,2,1,False,2005,18,Knockout,H,1,1,detailed_2005_2021
90,2006-03-07,Villarreal,Rangers,1,1,round : 18,,Villarreal CF,Rangers FC,1,1,False,2005,18,Knockout,D,0,0,detailed_2005_2021
91,2006-03-08,Arsenal,Real Madrid,0,0,round : 18,,Arsenal FC,Real Madrid,0,0,False,2005,18,Knockout,D,0,0,detailed_2005_2021
92,2006-03-08,Liverpool,SL Benfica,0,2,round : 18,,Liverpool FC,SL Benfica,0,2,False,2005,18,Knockout,A,0,-2,detailed_2005_2021
93,2006-03-08,Milan,Bayern München,4,1,round : 18,,AC Milan,Bayern Munich,4,1,False,2005,18,Knockout,H,1,3,detailed_2005_2021
94,2006-03-08,Olympique Lyonnais,PSV Eindhoven,4,0,round : 18,,Olympique Lyon,PSV Eindhoven,4,0,False,2005,18,Knockout,H,1,4,detailed_2005_2021
95,2006-03-14,Inter,Ajax,1,0,round : 18,,Inter Milan,AFC Ajax,1,0,False,2005,18,Knockout,H,1,1,detailed_2005_2021
96,2006-03-28,Arsenal,Juventus,2,0,round : quarterfinals,,Arsenal FC,Juventus,2,0,False,2005,quarterfinals,Knockout,H,1,2,detailed_2005_2021
97,2006-03-28,SL Benfica,Barcelona,0,0,round : quarterfinals,,SL Benfica,FC Barcelona,0,0,False,2005,quarterfinals,Knockout,D,0,0,detailed_2005_2021
98,2006-03-29,Inter,Villarreal,2,1,round : quarterfinals,,Inter Milan,Villarreal CF,2,1,False,2005,quarterfinals,Knockout,H,1,1,detailed_2005_2021
99,2006-03-29,Olympique Lyonnais,Milan,0,0,round : quarterfinals,,Olympique Lyon,AC Milan,0,0,False,2005,quarterfinals,Knockout,D,0,0,detailed_2005_2021
100,2006-04-04,Milan,Olympique Lyonnais,3,1,round : quarterfinals,,AC Milan,Olympique Lyon,3,1,False,2005,quarterfinals,Knockout,H,1,2,detailed_2005_2021
101,2006-04-04,Villarreal,Inter,1,0,round : quarterfinals,,Villarreal CF,Inter Milan,1,0,False,2005,quarterfinals,Knockout,H,1,1,detailed_2005_2021
102,2006-04-05,Barcelona,SL Benfica,2,0,round : quarterfinals,,FC Barcelona,SL Benfica,2,0,False,2005,quarterfinals,Knockout,H,1,2,detailed_2005_2021
103,2006-04-05,Juventus,Arsenal,0,0,round : quarterfinals,,Juventus,Arsenal FC,0,0,False,2005,quarterfinals,Knockout,D,0,0,detailed_2005_2021
104,2006-04-18,Milan,Barcelona,0,1,round : semifinals,,AC Milan,FC Barcelona,0,1,False,2005,semifinals,Knockout,A,0,-1,detailed_2005_2021
105,2006-04-19,Arsenal,Villarreal,1,0,round : semifinals,,Arsenal FC,Villarreal CF,1,0,False,2005,semifinals,Knockout,H,1,1,detailed_2005_2021
106,2006-04-25,Villarreal,Arsenal,0,0,round : semifinals,,Villarreal CF,Arsenal FC,0,0,False,2005,semifinals,Knockout,D,0,0,detailed_2005_2021
107,2006-04-26,Barcelona,Milan,0,0,round : semifinals,,FC Barcelona,AC Milan,0,0,False,2005,semifinals,Knockout,D,0,0,detailed_2005_2021
108,2006-05-17,Barcelona,Arsenal,2,1,round : final,,FC Barcelona,Arsenal FC,2,1,False,2005,final,Knockout,H,1,1,detailed_2005_2021
109,2006-09-12,Barcelona,Levski Sofia,5,0,round : 1,A,FC Barcelona,Levski Sofia,5,0,False,2006,1,Group,H,1,5,detailed_2005_2021
110,2006-09-12,Chelsea,Werder Bremen,2,0,round : 1,A,Chelsea FC,Werder Bremen,2,0,False,2006,1,Group,H,1,2,detailed_2005_2021
111,2006-09-12,Bayern München,Spartak Moscow,4,0,round : 1,B,Bayern Munich,Spartak Moskva,4,0,False,2006,1,Group,H,1,4,detailed_2005_2021
112,2006-09-12,Sporting CP,Inter,1,0,round : 1,B,Sporting CP,Inter Milan,1,0,False,2006,1,Group,H,1,1,detailed_2005_2021
113,2006-09-12,Galatasaray,Bordeaux,0,0,round : 1,C,Galatasaray,Girondins Bordeaux,0,0,False,2006,1,Group,D,0,0,detailed_2005_2021
114,2006-09-12,PSV Eindhoven,Liverpool,0,0,round : 1,C,PSV Eindhoven,Liverpool FC,0,0,False,2006,1,Group,D,0,0,detailed_2005_2021
115,2006-09-12,Olympiacos,Valencia,2,4,round : 1,D,Olympiakos Piraeus,Valencia CF,2,4,False,2006,1,Group,A,0,-2,detailed_2005_2021
116,2006-09-12,Roma,Shakhtar Donetsk,4,0,round : 1,D,AS Roma,Shakhtar Donetsk,4,0,False,2006,1,Group,H,1,4,detailed_2005_2021
117,2006-09-13,Dynamo Kyiv,FCSB,1,4,round : 1,E,Dinamo Kiev,FCSB,1,4,False,2006,1,Group,A,0,-3,detailed_2005_2021
118,2006-09-13,Olympique Lyonnais,Real Madrid,2,0,round : 1,E,Olympique Lyon,Real Madrid,2,0,False,2006,1,Group,H,1,2,detailed_2005_2021
119,2006-09-13,FC København,SL Benfica,0,0,round : 1,F,FC København,SL Benfica,0,0,False,2006,1,Group,D,0,0,detailed_2005_2021
120,2006-09-13,Manchester United,Celtic,3,2,round : 1,F,Manchester United,Celtic FC,3,2,False,2006,1,Group,H,1,1,detailed_2005_2021
121,2006-09-13,FC Porto,CSKA Moscow,0,0,round : 1,G,FC Porto,CSKA Moskva,0,0,False,2006,1,Group,D,0,0,detailed_2005_2021
122,2006-09-13,Hamburger SV,Arsenal,1,2,round : 1,G,Hamburger SV,Arsenal FC,1,2,False,2006,1,Group,A,0,-1,detailed_2005_2021
123,2006-09-13,Milan,AEK Athens,3,0,round : 1,H,AC Milan,AEK Athen,3,0,False,2006,1,Group,H,1,3,detailed_2005_2021
124,2006-09-13,RSC Anderlecht,Lille OSC,1,1,round : 1,H,RSC Anderlecht,Lille OSC,1,1,False,2006,1,Group,D,0,0,detailed_2005_2021
125,2006-09-27,Levski Sofia,Chelsea,1,3,round : 2,A,Levski Sofia,Chelsea FC,1,3,False,2006,2,Group,A,0,-2,detailed_2005_2021
126,2006-09-27,Werder Bremen,Barcelona,1,1,round : 2,A,Werder Bremen,FC Barcelona,1,1,False,2006,2,Group,D,0,0,detailed_2005_2021
127,2006-09-27,Spartak Moscow,Sporting CP,1,1,round : 2,B,Spartak Moskva,Sporting CP,1,1,False,2006,2,Group,D,0,0,detailed_2005_2021
128,2006-09-27,Inter,Bayern München,0,2,round : 2,B,Inter Milan,Bayern Munich,0,2,False,2006,2,Group,A,0,-2,detailed_2005_2021
129,2006-09-27,Bordeaux,PSV Eindhoven,0,1,round : 2,C,Girondins Bordeaux,PSV Eindhoven,0,1,False,2006,2,Group,A,0,-1,detailed_2005_2021
130,2006-09-27,Liverpool,Galatasaray,3,2,round : 2,C,Liverpool FC,Galatasaray,3,2,False,2006,2,Group,H,1,1,detailed_2005_2021
131,2006-09-27,Shakhtar Donetsk,Olympiacos,2,2,round : 2,D,Shakhtar Donetsk,Olympiakos Piraeus,2,2,False,2006,2,Group,D,0,0,detailed_2005_2021
132,2006-09-27,Valencia,Roma,2,1,round : 2,D,Valencia CF,AS Roma,2,1,False,2006,2,Group,H,1,1,detailed_2005_2021
133,2006-09-26,FCSB,Olympique Lyonnais,0,3,round : 2,E,FCSB,Olympique Lyon,0,3,False,2006,2,Group,A,0,-3,detailed_2005_2021
134,2006-09-26,Real Madrid,Dynamo Kyiv,5,1,round : 2,E,Real Madrid,Dinamo Kiev,5,1,False,2006,2,Group,H,1,4,detailed_2005_2021
135,2006-09-26,Celtic,FC København,1,0,round : 2,F,Celtic FC,FC København,1,0,False,2006,2,Group,H,1,1,detailed_2005_2021
136,2006-09-26,SL Benfica,Manchester United,0,1,round : 2,F,SL Benfica,Manchester United,0,1,False,2006,2,Group,A,0,-1,detailed_2005_2021
137,2006-09-26,CSKA Moscow,Hamburger SV,1,0,round : 2,G,CSKA Moskva,Hamburger SV,1,0,False,2006,2,Group,H,1,1,detailed_2005_2021
138,2006-09-26,Arsenal,FC Porto,2,0,round : 2,G,Arsenal FC,FC Porto,2,0,False,2006,2,Group,H,1,2,detailed_2005_2021
139,2006-09-26,AEK Athens,RSC Anderlecht,1,1,round : 2,H,AEK Athen,RSC Anderlecht,1,1,False,2006,2,Group,D,0,0,detailed_2005_2021
140,2006-09-26,Lille OSC,Milan,0,0,round : 2,H,Lille OSC,AC Milan,0,0,False,2006,2,Group,D,0,0,detailed_2005_2021
141,2006-10-18,Chelsea,Barcelona,1,0,round : 3,A,Chelsea FC,FC Barcelona,1,0,False,2006,3,Group,H,1,1,detailed_2005_2021
142,2006-10-18,Werder Bremen,Levski Sofia,2,0,round : 3,A,Werder Bremen,Levski Sofia,2,0,False,2006,3,Group,H,1,2,detailed_2005_2021
143,2006-10-18,Inter,Spartak Moscow,2,1,round : 3,B,Inter Milan,Spartak Moskva,2,1,False,2006,3,Group,H,1,1,detailed_2005_2021
144,2006-10-18,Sporting CP,Bayern München,0,1,round : 3,B,Sporting CP,Bayern Munich,0,1,False,2006,3,Group,A,0,-1,detailed_2005_2021
145,2006-10-18,Bordeaux,Liverpool,0,1,round : 3,C,Girondins Bordeaux,Liverpool FC,0,1,False,2006,3,Group,A,0,-1,detailed_2005_2021
146,2006-10-18,Galatasaray,PSV Eindhoven,1,2,round : 3,C,Galatasaray,PSV Eindhoven,1,2,False,2006,3,Group,A,0,-1,detailed_2005_2021
147,2006-10-18,Olympiacos,Roma,0,1,round : 3,D,Olympiakos Piraeus,AS Roma,0,1,False,2006,3,Group,A,0,-1,detailed_2005_2021
148,2006-10-18,Valencia,Shakhtar Donetsk,2,0,round : 3,D,Valencia CF,Shakhtar Donetsk,2,0,False,2006,3,Group,H,1,2,detailed_2005_2021
149,2006-10-17,Dynamo Kyiv,Olympique Lyonnais,0,3,round : 3,E,Dinamo Kiev,Olympique Lyon,0,3,False,2006,3,Group,A,0,-3,detailed_2005_2021
150,2006-10-17,FCSB,Real Madrid,1,4,round : 3,E,FCSB,Real Madrid,1,4,False,2006,3,Group,A,0,-3,detailed_2005_2021
151,2006-10-17,Celtic,SL Benfica,3,0,round : 3,F,Celtic FC,SL Benfica,3,0,False,2006,3,Group,H,1,3,detailed_2005_2021
152,2006-10-17,Manchester United,FC København,3,0,round : 3,F,Manchester United,FC København,3,0,False,2006,3,Group,H,1,3,detailed_2005_2021
153,2006-10-17,CSKA Moscow,Arsenal,1,0,round : 3,G,CSKA Moskva,Arsenal FC,1,0,False,2006,3,Group,H,1,1,detailed_2005_2021
154,2006-10-17,FC Porto,Hamburger SV,4,1,round : 3,G,FC Porto,Hamburger SV,4,1,False,2006,3,Group,H,1,3,detailed_2005_2021
155,2006-10-17,Lille OSC,AEK Athens,3,1,round : 3,H,Lille OSC,AEK Athen,3,1,False,2006,3,Group,H,1,2,detailed_2005_2021
156,2006-10-17,RSC Anderlecht,Milan,0,1,round : 3,H,RSC Anderlecht,AC Milan,0,1,False,2006,3,Group,A,0,-1,detailed_2005_2021
157,2006-10-31,Barcelona,Chelsea,2,2,round : 4,A,FC Barcelona,Chelsea FC,2,2,False,2006,4,Group,D,0,0,detailed_2005_2021
158,2006-10-31,Levski Sofia,Werder Bremen,0,3,round : 4,A,Levski Sofia,Werder Bremen,0,3,False,2006,4,Group,A,0,-3,detailed_2005_2021
159,2006-10-31,Spartak Moscow,Inter,0,1,round : 4,B,Spartak Moskva,Inter Milan,0,1,False,2006,4,Group,A,0,-1,detailed_2005_2021
160,2006-10-31,Bayern München,Sporting CP,0,0,round : 4,B,Bayern Munich,Sporting CP,0,0,False,2006,4,Group,D,0,0,detailed_2005_2021
161,2006-10-31,Liverpool,Bordeaux,3,0,round : 4,C,Liverpool FC,Girondins Bordeaux,3,0,False,2006,4,Group,H,1,3,detailed_2005_2021
162,2006-10-31,PSV Eindhoven,Galatasaray,2,0,round : 4,C,PSV Eindhoven,Galatasaray,2,0,False,2006,4,Group,H,1,2,detailed_2005_2021
163,2006-10-31,Roma,Olympiacos,1,1,round : 4,D,AS Roma,Olympiakos Piraeus,1,1,False,2006,4,Group,D,0,0,detailed_2005_2021
164,2006-10-31,Shakhtar Donetsk,Valencia,2,2,round : 4,D,Shakhtar Donetsk,Valencia CF,2,2,False,2006,4,Group,D,0,0,detailed_2005_2021
165,2006-11-01,Olympique Lyonnais,Dynamo Kyiv,1,0,round : 4,E,Olympique Lyon,Dinamo Kiev,1,0,False,2006,4,Group,H,1,1,detailed_2005_2021
166,2006-11-01,Real Madrid,FCSB,1,0,round : 4,E,Real Madrid,FCSB,1,0,False,2006,4,Group,H,1,1,detailed_2005_2021
167,2006-11-01,FC København,Manchester United,1,0,round : 4,F,FC København,Manchester United,1,0,False,2006,4,Group,H,1,1,detailed_2005_2021
168,2006-11-01,SL Benfica,Celtic,3,0,round : 4,F,SL Benfica,Celtic FC,3,0,False,2006,4,Group,H,1,3,detailed_2005_2021
169,2006-11-01,Arsenal,CSKA Moscow,0,0,round : 4,G,Arsenal FC,CSKA Moskva,0,0,False,2006,4,Group,D,0,0,detailed_2005_2021
170,2006-11-01,Hamburger SV,FC Porto,1,3,round : 4,G,Hamburger SV,FC Porto,1,3,False,2006,4,Group,A,0,-2,detailed_2005_2021
171,2006-11-01,AEK Athens,Lille OSC,1,0,round : 4,H,AEK Athen,Lille OSC,1,0,False,2006,4,Group,H,1,1,detailed_2005_2021
172,2006-11-01,Milan,RSC Anderlecht,4,1,round : 4,H,AC Milan,RSC Anderlecht,4,1,False,2006,4,Group,H,1,3,detailed_2005_2021
173,2006-11-22,Levski Sofia,Barcelona,0,2,round : 5,A,Levski Sofia,FC Barcelona,0,2,False,2006,5,Group,A,0,-2,detailed_2005_2021
174,2006-11-22,Werder Bremen,Chelsea,1,0,round : 5,A,Werder Bremen,Chelsea FC,1,0,False,2006,5,Group,H,1,1,detailed_2005_2021
175,2006-11-22,Spartak Moscow,Bayern München,2,2,round : 5,B,Spartak Moskva,Bayern Munich,2,2,False,2006,5,Group,D,0,0,detailed_2005_2021
176,2006-11-22,Inter,Sporting CP,1,0,round : 5,B,Inter Milan,Sporting CP,1,0,False,2006,5,Group,H,1,1,detailed_2005_2021
177,2006-11-22,Bordeaux,Galatasaray,3,1,round : 5,C,Girondins Bordeaux,Galatasaray,3,1,False,2006,5,Group,H,1,2,detailed_2005_2021
178,2006-11-22,Liverpool,PSV Eindhoven,2,0,round : 5,C,Liverpool FC,PSV Eindhoven,2,0,False,2006,5,Group,H,1,2,detailed_2005_2021
179,2006-11-22,Shakhtar Donetsk,Roma,1,0,round : 5,D,Shakhtar Donetsk,AS Roma,1,0,False,2006,5,Group,H,1,1,detailed_2005_2021
180,2006-11-22,Valencia,Olympiacos,2,0,round : 5,D,Valencia CF,Olympiakos Piraeus,2,0,False,2006,5,Group,H,1,2,detailed_2005_2021
181,2006-11-21,FCSB,Dynamo Kyiv,1,1,round : 5,E,FCSB,Dinamo Kiev,1,1,False,2006,5,Group,D,0,0,detailed_2005_2021
182,2006-11-21,Real Madrid,Olympique Lyonnais,2,2,round : 5,E,Real Madrid,Olympique Lyon,2,2,False,2006,5,Group,D,0,0,detailed_2005_2021
183,2006-11-21,Celtic,Manchester United,1,0,round : 5,F,Celtic FC,Manchester United,1,0,False,2006,5,Group,H,1,1,detailed_2005_2021
184,2006-11-21,SL Benfica,FC København,3,1,round : 5,F,SL Benfica,FC København,3,1,False,2006,5,Group,H,1,2,detailed_2005_2021
185,2006-11-21,CSKA Moscow,FC Porto,0,2,round : 5,G,CSKA Moskva,FC Porto,0,2,False,2006,5,Group,A,0,-2,detailed_2005_2021
186,2006-11-21,Arsenal,Hamburger SV,3,1,round : 5,G,Arsenal FC,Hamburger SV,3,1,False,2006,5,Group,H,1,2,detailed_2005_2021
187,2006-11-21,AEK Athens,Milan,1,0,round : 5,H,AEK Athen,AC Milan,1,0,False,2006,5,Group,H,1,1,detailed_2005_2021
188,2006-11-21,Lille OSC,RSC Anderlecht,2,2,round : 5,H,Lille OSC,RSC Anderlecht,2,2,False,2006,5,Group,D,0,0,detailed_2005_2021
189,2007-02-20,Celtic,Milan,0,0,round : 18,,Celtic FC,AC Milan,0,0,False,2006,18,Knockout,D,0,0,detailed_2005_2021
190,2007-02-20,Lille OSC,Manchester United,0,1,round : 18,,Lille OSC,Manchester United,0,1,False,2006,18,Knockout,A,0,-1,detailed_2005_2021
191,2007-02-20,PSV Eindhoven,Arsenal,1,0,round : 18,,PSV Eindhoven,Arsenal FC,1,0,False,2006,18,Knockout,H,1,1,detailed_2005_2021
192,2007-02-20,Real Madrid,Bayern München,3,2,round : 18,,Real Madrid,Bayern Munich,3,2,False,2006,18,Knockout,H,1,1,detailed_2005_2021
193,2007-02-21,Barcelona,Liverpool,1,2,round : 18,,FC Barcelona,Liverpool FC,1,2,False,2006,18,Knockout,A,0,-1,detailed_2005_2021
194,2007-02-21,FC Porto,Chelsea,1,1,round : 18,,FC Porto,Chelsea FC,1,1,False,2006,18,Knockout,D,0,0,detailed_2005_2021
195,2007-02-21,Inter,Valencia,2,2,round : 18,,Inter Milan,Valencia CF,2,2,False,2006,18,Knockout,D,0,0,detailed_2005_2021
196,2007-02-21,Roma,Olympique Lyonnais,0,0,round : 18,,AS Roma,Olympique Lyon,0,0,False,2006,18,Knockout,D,0,0,detailed_2005_2021
197,2007-03-06,Chelsea,FC Porto,2,1,round : 18,,Chelsea FC,FC Porto,2,1,False,2006,18,Knockout,H,1,1,detailed_2005_2021
198,2007-03-06,Liverpool,Barcelona,0,1,round : 18,,Liverpool FC,FC Barcelona,0,1,False,2006,18,Knockout,A,0,-1,detailed_2005_2021
199,2007-03-06,Olympique Lyonnais,Roma,0,2,round : 18,,Olympique Lyon,AS Roma,0,2,False,2006,18,Knockout,A,0,-2,detailed_2005_2021
200,2007-03-06,Valencia,Inter,0,0,round : 18,,Valencia CF,Inter Milan,0,0,False,2006,18,Knockout,D,0,0,detailed_2005_2021
201,2007-03-07,Arsenal,PSV Eindhoven,1,1,round : 18,,Arsenal FC,PSV Eindhoven,1,1,False,2006,18,Knockout,D,0,0,detailed_2005_2021
202,2007-03-07,Bayern München,Real Madrid,2,1,round : 18,,Bayern Munich,Real Madrid,2,1,False,2006,18,Knockout,H,1,1,detailed_2005_2021
203,2007-03-07,Manchester United,Lille OSC,1,0,round : 18,,Manchester United,Lille OSC,1,0,False,2006,18,Knockout,H,1,1,detailed_2005_2021
204,2007-03-07,Milan,Celtic,0(1),0(0),round : 18,,AC Milan,Celtic FC,0,0,True,2006,18,Knockout,D,0,0,detailed_2005_2021
205,2007-04-03,Milan,Bayern München,2,2,round : quarterfinals,,AC Milan,Bayern Munich,2,2,False,2006,quarterfinals,Knockout,D,0,0,detailed_2005_2021
206,2007-04-03,PSV Eindhoven,Liverpool,0,3,round : quarterfinals,,PSV Eindhoven,Liverpool FC,0,3,False,2006,quarterfinals,Knockout,A,0,-3,detailed_2005_2021
207,2007-04-04,Chelsea,Valencia,1,1,round : quarterfinals,,Chelsea FC,Valencia CF,1,1,False,2006,quarterfinals,Knockout,D,0,0,detailed_2005_2021
208,2007-04-04,Roma,Manchester United,2,1,round : quarterfinals,,AS Roma,Manchester United,2,1,False,2006,quarterfinals,Knockout,H,1,1,detailed_2005_2021
209,2007-04-10,Manchester United,Roma,7,1,round : quarterfinals,,Manchester United,AS Roma,7,1,False,2006,quarterfinals,Knockout,H,1,6,detailed_2005_2021
210,2007-04-10,Valencia,Chelsea,1,2,round : quarterfinals,,Valencia CF,Chelsea FC,1,2,False,2006,quarterfinals,Knockout,A,0,-1,detailed_2005_2021
211,2007-04-11,Bayern München,Milan,0,2,round : quarterfinals,,Bayern Munich,AC Milan,0,2,False,2006,quarterfinals,Knockout,A,0,-2,detailed_2005_2021
212,2007-04-11,Liverpool,PSV Eindhoven,1,0,round : quarterfinals,,Liverpool FC,PSV Eindhoven,1,0,False,2006,quarterfinals,Knockout,H,1,1,detailed_2005_2021
213,2007-04-24,Manchester United,Milan,3,2,round : semifinals,,Manchester United,AC Milan,3,2,False,2006,semifinals,Knockout,H,1,1,detailed_2005_2021
214,2007-04-25,Chelsea,Liverpool,1,0,round : semifinals,,Chelsea FC,Liverpool FC,1,0,False,2006,semifinals,Knockout,H,1,1,detailed_2005_2021
215,2007-05-01,Liverpool,Chelsea,1(0) (4),0(0) (1),round : semifinals,,Liverpool FC,Chelsea FC,1,0,True,2006,semifinals,Knockout,H,1,1,detailed_2005_2021
216,2007-05-02,Milan,Manchester United,3,0,round : semifinals,,AC Milan,Manchester United,3,0,False,2006,semifinals,Knockout,H,1,3,detailed_2005_2021
217,2007-05-23,Milan,Liverpool,2,1,round : final,,AC Milan,Liverpool FC,2,1,False,2006,final,Knockout,H,1,1,detailed_2005_2021
218,2007-09-18,FC Porto,Liverpool,1,1,round : 1,A,FC Porto,Liverpool FC,1,1,False,2007,1,Group,D,0,0,detailed_2005_2021
219,2007-09-18,Olympique de Marseille,Beşiktaş,2,0,round : 1,A,Olympique Marseille,Beşiktaş,2,0,False,2007,1,Group,H,1,2,detailed_2005_2021
220,2007-09-18,Chelsea,Rosenborg BK,1,1,round : 1,B,Chelsea FC,Rosenborg BK,1,1,False,2007,1,Group,D,0,0,detailed_2005_2021
221,2007-09-18,FC Schalke 04,Valencia,0,1,round : 1,B,FC Schalke 04,Valencia CF,0,1,False,2007,1,Group,A,0,-1,detailed_2005_2021
222,2007-09-18,Olympiacos,Lazio,1,1,round : 1,C,Olympiakos Piraeus,Lazio Roma,1,1,False,2007,1,Group,D,0,0,detailed_2005_2021
223,2007-09-18,Real Madrid,Werder Bremen,2,1,round : 1,C,Real Madrid,Werder Bremen,2,1,False,2007,1,Group,H,1,1,detailed_2005_2021
224,2007-09-18,Milan,SL Benfica,2,1,round : 1,D,AC Milan,SL Benfica,2,1,False,2007,1,Group,H,1,1,detailed_2005_2021
225,2007-09-18,Shakhtar Donetsk,Celtic,2,0,round : 1,D,Shakhtar Donetsk,Celtic FC,2,0,False,2007,1,Group,H,1,2,detailed_2005_2021
226,2007-09-19,Barcelona,Olympique Lyonnais,3,0,round : 1,E,FC Barcelona,Olympique Lyon,3,0,False,2007,1,Group,H,1,3,detailed_2005_2021
227,2007-09-19,Rangers,VfB Stuttgart,2,1,round : 1,E,Rangers FC,VfB Stuttgart,2,1,False,2007,1,Group,H,1,1,detailed_2005_2021
228,2007-09-19,Roma,Dynamo Kyiv,2,0,round : 1,F,AS Roma,Dinamo Kiev,2,0,False,2007,1,Group,H,1,2,detailed_2005_2021
229,2007-09-19,Sporting CP,Manchester United,0,1,round : 1,F,Sporting CP,Manchester United,0,1,False,2007,1,Group,A,0,-1,detailed_2005_2021
230,2007-09-19,Fenerbahçe,Inter,1,0,round : 1,G,Fenerbahçe,Inter Milan,1,0,False,2007,1,Group,H,1,1,detailed_2005_2021
231,2007-09-19,PSV Eindhoven,CSKA Moscow,2,1,round : 1,G,PSV Eindhoven,CSKA Moskva,2,1,False,2007,1,Group,H,1,1,detailed_2005_2021
232,2007-09-19,Arsenal,Sevilla,3,0,round : 1,H,Arsenal FC,Sevilla FC,3,0,False,2007,1,Group,H,1,3,detailed_2005_2021
233,2007-09-19,Slavia Praha,FCSB,2,1,round : 1,H,Slavia Praha,FCSB,2,1,False,2007,1,Group,H,1,1,detailed_2005_2021
234,2007-10-03,Beşiktaş,FC Porto,0,1,round : 2,A,Beşiktaş,FC Porto,0,1,False,2007,2,Group,A,0,-1,detailed_2005_2021
235,2007-10-03,Liverpool,Olympique de Marseille,0,1,round : 2,A,Liverpool FC,Olympique Marseille,0,1,False,2007,2,Group,A,0,-1,detailed_2005_2021
236,2007-10-03,Rosenborg BK,FC Schalke 04,0,2,round : 2,B,Rosenborg BK,FC Schalke 04,0,2,False,2007,2,Group,A,0,-2,detailed_2005_2021
237,2007-10-03,Valencia,Chelsea,1,2,round : 2,B,Valencia CF,Chelsea FC,1,2,False,2007,2,Group,A,0,-1,detailed_2005_2021
238,2007-10-03,Lazio,Real Madrid,2,2,round : 2,C,Lazio Roma,Real Madrid,2,2,False,2007,2,Group,D,0,0,detailed_2005_2021
239,2007-10-03,Werder Bremen,Olympiacos,1,3,round : 2,C,Werder Bremen,Olympiakos Piraeus,1,3,False,2007,2,Group,A,0,-2,detailed_2005_2021
240,2007-10-03,Celtic,Milan,2,1,round : 2,D,Celtic FC,AC Milan,2,1,False,2007,2,Group,H,1,1,detailed_2005_2021
241,2007-10-03,SL Benfica,Shakhtar Donetsk,0,1,round : 2,D,SL Benfica,Shakhtar Donetsk,0,1,False,2007,2,Group,A,0,-1,detailed_2005_2021
242,2007-10-02,Olympique Lyonnais,Rangers,0,3,round : 2,E,Olympique Lyon,Rangers FC,0,3,False,2007,2,Group,A,0,-3,detailed_2005_2021
243,2007-10-02,VfB Stuttgart,Barcelona,0,2,round : 2,E,VfB Stuttgart,FC Barcelona,0,2,False,2007,2,Group,A,0,-2,detailed_2005_2021
244,2007-10-02,Dynamo Kyiv,Sporting CP,1,2,round : 2,F,Dinamo Kiev,Sporting CP,1,2,False,2007,2,Group,A,0,-1,detailed_2005_2021
245,2007-10-02,Manchester United,Roma,1,0,round : 2,F,Manchester United,AS Roma,1,0,False,2007,2,Group,H,1,1,detailed_2005_2021
246,2007-10-02,CSKA Moscow,Fenerbahçe,2,2,round : 2,G,CSKA Moskva,Fenerbahçe,2,2,False,2007,2,Group,D,0,0,detailed_2005_2021
247,2007-10-02,Inter,PSV Eindhoven,2,0,round : 2,G,Inter Milan,PSV Eindhoven,2,0,False,2007,2,Group,H,1,2,detailed_2005_2021
248,2007-10-02,FCSB,Arsenal,0,1,round : 2,H,FCSB,Arsenal FC,0,1,False,2007,2,Group,A,0,-1,detailed_2005_2021
249,2007-10-02,Sevilla,Slavia Praha,4,2,round : 2,H,Sevilla FC,Slavia Praha,4,2,False,2007,2,Group,H,1,2,detailed_2005_2021
250,2007-10-24,Beşiktaş,Liverpool,2,1,round : 3,A,Beşiktaş,Liverpool FC,2,1,False,2007,3,Group,H,1,1,detailed_2005_2021
251,2007-10-24,Olympique de Marseille,FC Porto,1,1,round : 3,A,Olympique Marseille,FC Porto,1,1,False,2007,3,Group,D,0,0,detailed_2005_2021
252,2007-10-24,Chelsea,FC Schalke 04,2,0,round : 3,B,Chelsea FC,FC Schalke 04,2,0,False,2007,3,Group,H,1,2,detailed_2005_2021
253,2007-10-24,Rosenborg BK,Valencia,2,0,round : 3,B,Rosenborg BK,Valencia CF,2,0,False,2007,3,Group,H,1,2,detailed_2005_2021
254,2007-10-24,Real Madrid,Olympiacos,4,2,round : 3,C,Real Madrid,Olympiakos Piraeus,4,2,False,2007,3,Group,H,1,2,detailed_2005_2021
255,2007-10-24,Werder Bremen,Lazio,2,1,round : 3,C,Werder Bremen,Lazio Roma,2,1,False,2007,3,Group,H,1,1,detailed_2005_2021
256,2007-10-24,Milan,Shakhtar Donetsk,4,1,round : 3,D,AC Milan,Shakhtar Donetsk,4,1,False,2007,3,Group,H,1,3,detailed_2005_2021
257,2007-10-24,SL Benfica,Celtic,1,0,round : 3,D,SL Benfica,Celtic FC,1,0,False,2007,3,Group,H,1,1,detailed_2005_2021
258,2007-10-23,Rangers,Barcelona,0,0,round : 3,E,Rangers FC,FC Barcelona,0,0,False,2007,3,Group,D,0,0,detailed_2005_2021
259,2007-10-23,VfB Stuttgart,Olympique Lyonnais,0,2,round : 3,E,VfB Stuttgart,Olympique Lyon,0,2,False,2007,3,Group,A,0,-2,detailed_2005_2021
260,2007-10-23,Dynamo Kyiv,Manchester United,2,4,round : 3,F,Dinamo Kiev,Manchester United,2,4,False,2007,3,Group,A,0,-2,detailed_2005_2021
261,2007-10-23,Roma,Sporting CP,2,1,round : 3,F,AS Roma,Sporting CP,2,1,False,2007,3,Group,H,1,1,detailed_2005_2021
262,2007-10-23,CSKA Moscow,Inter,1,2,round : 3,G,CSKA Moskva,Inter Milan,1,2,False,2007,3,Group,A,0,-1,detailed_2005_2021
263,2007-10-23,PSV Eindhoven,Fenerbahçe,0,0,round : 3,G,PSV Eindhoven,Fenerbahçe,0,0,False,2007,3,Group,D,0,0,detailed_2005_2021
264,2007-10-23,Arsenal,Slavia Praha,7,0,round : 3,H,Arsenal FC,Slavia Praha,7,0,False,2007,3,Group,H,1,7,detailed_2005_2021
265,2007-10-23,Sevilla,FCSB,2,1,round : 3,H,Sevilla FC,FCSB,2,1,False,2007,3,Group,H,1,1,detailed_2005_2021
266,2007-11-06,FC Porto,Olympique de Marseille,2,1,round : 4,A,FC Porto,Olympique Marseille,2,1,False,2007,4,Group,H,1,1,detailed_2005_2021
267,2007-11-06,Liverpool,Beşiktaş,8,0,round : 4,A,Liverpool FC,Beşiktaş,8,0,False,2007,4,Group,H,1,8,detailed_2005_2021
268,2007-11-06,FC Schalke 04,Chelsea,0,0,round : 4,B,FC Schalke 04,Chelsea FC,0,0,False,2007,4,Group,D,0,0,detailed_2005_2021
269,2007-11-06,Valencia,Rosenborg BK,0,2,round : 4,B,Valencia CF,Rosenborg BK,0,2,False,2007,4,Group,A,0,-2,detailed_2005_2021
270,2007-11-06,Lazio,Werder Bremen,2,1,round : 4,C,Lazio Roma,Werder Bremen,2,1,False,2007,4,Group,H,1,1,detailed_2005_2021
271,2007-11-06,Olympiacos,Real Madrid,0,0,round : 4,C,Olympiakos Piraeus,Real Madrid,0,0,False,2007,4,Group,D,0,0,detailed_2005_2021
272,2007-11-06,Celtic,SL Benfica,1,0,round : 4,D,Celtic FC,SL Benfica,1,0,False,2007,4,Group,H,1,1,detailed_2005_2021
273,2007-11-06,Shakhtar Donetsk,Milan,0,3,round : 4,D,Shakhtar Donetsk,AC Milan,0,3,False,2007,4,Group,A,0,-3,detailed_2005_2021
274,2007-11-07,Barcelona,Rangers,2,0,round : 4,E,FC Barcelona,Rangers FC,2,0,False,2007,4,Group,H,1,2,detailed_2005_2021
275,2007-11-07,Olympique Lyonnais,VfB Stuttgart,4,2,round : 4,E,Olympique Lyon,VfB Stuttgart,4,2,False,2007,4,Group,H,1,2,detailed_2005_2021
276,2007-11-07,Manchester United,Dynamo Kyiv,4,0,round : 4,F,Manchester United,Dinamo Kiev,4,0,False,2007,4,Group,H,1,4,detailed_2005_2021
277,2007-11-07,Sporting CP,Roma,2,2,round : 4,F,Sporting CP,AS Roma,2,2,False,2007,4,Group,D,0,0,detailed_2005_2021
278,2007-11-07,Fenerbahçe,PSV Eindhoven,2,0,round : 4,G,Fenerbahçe,PSV Eindhoven,2,0,False,2007,4,Group,H,1,2,detailed_2005_2021
279,2007-11-07,Inter,CSKA Moscow,4,2,round : 4,G,Inter Milan,CSKA Moskva,4,2,False,2007,4,Group,H,1,2,detailed_2005_2021
280,2007-11-07,FCSB,Sevilla,0,2,round : 4,H,FCSB,Sevilla FC,0,2,False,2007,4,Group,A,0,-2,detailed_2005_2021
281,2007-11-07,Slavia Praha,Arsenal,0,0,round : 4,H,Slavia Praha,Arsenal FC,0,0,False,2007,4,Group,D,0,0,detailed_2005_2021
282,2007-11-28,Beşiktaş,Olympique de Marseille,2,1,round : 5,A,Beşiktaş,Olympique Marseille,2,1,False,2007,5,Group,H,1,1,detailed_2005_2021
283,2007-11-28,Liverpool,FC Porto,4,1,round : 5,A,Liverpool FC,FC Porto,4,1,False,2007,5,Group,H,1,3,detailed_2005_2021
284,2007-11-28,Rosenborg BK,Chelsea,0,4,round : 5,B,Rosenborg BK,Chelsea FC,0,4,False,2007,5,Group,A,0,-4,detailed_2005_2021
285,2007-11-28,Valencia,FC Schalke 04,0,0,round : 5,B,Valencia CF,FC Schalke 04,0,0,False,2007,5,Group,D,0,0,detailed_2005_2021
286,2007-11-28,Lazio,Olympiacos,1,2,round : 5,C,Lazio Roma,Olympiakos Piraeus,1,2,False,2007,5,Group,A,0,-1,detailed_2005_2021
287,2007-11-28,Werder Bremen,Real Madrid,3,2,round : 5,C,Werder Bremen,Real Madrid,3,2,False,2007,5,Group,H,1,1,detailed_2005_2021
288,2007-11-28,Celtic,Shakhtar Donetsk,2,1,round : 5,D,Celtic FC,Shakhtar Donetsk,2,1,False,2007,5,Group,H,1,1,detailed_2005_2021
289,2007-11-28,SL Benfica,Milan,1,1,round : 5,D,SL Benfica,AC Milan,1,1,False,2007,5,Group,D,0,0,detailed_2005_2021
290,2007-11-27,Olympique Lyonnais,Barcelona,2,2,round : 5,E,Olympique Lyon,FC Barcelona,2,2,False,2007,5,Group,D,0,0,detailed_2005_2021
291,2007-11-27,VfB Stuttgart,Rangers,3,2,round : 5,E,VfB Stuttgart,Rangers FC,3,2,False,2007,5,Group,H,1,1,detailed_2005_2021
292,2007-11-27,Dynamo Kyiv,Roma,1,4,round : 5,F,Dinamo Kiev,AS Roma,1,4,False,2007,5,Group,A,0,-3,detailed_2005_2021
293,2007-11-27,Manchester United,Sporting CP,2,1,round : 5,F,Manchester United,Sporting CP,2,1,False,2007,5,Group,H,1,1,detailed_2005_2021
294,2007-11-27,CSKA Moscow,PSV Eindhoven,0,1,round : 5,G,CSKA Moskva,PSV Eindhoven,0,1,False,2007,5,Group,A,0,-1,detailed_2005_2021
295,2007-11-27,Inter,Fenerbahçe,3,0,round : 5,G,Inter Milan,Fenerbahçe,3,0,False,2007,5,Group,H,1,3,detailed_2005_2021
296,2007-11-27,FCSB,Slavia Praha,1,1,round : 5,H,FCSB,Slavia Praha,1,1,False,2007,5,Group,D,0,0,detailed_2005_2021
297,2007-11-27,Sevilla,Arsenal,3,1,round : 5,H,Sevilla FC,Arsenal FC,3,1,False,2007,5,Group,H,1,2,detailed_2005_2021
298,2008-02-19,FC Schalke 04,FC Porto,1,0,round : 18,,FC Schalke 04,FC Porto,1,0,False,2007,18,Knockout,H,1,1,detailed_2005_2021
299,2008-02-19,Liverpool,Inter,2,0,round : 18,,Liverpool FC,Inter Milan,2,0,False,2007,18,Knockout,H,1,2,detailed_2005_2021
300,2008-02-19,Olympiacos,Chelsea,0,0,round : 18,,Olympiakos Piraeus,Chelsea FC,0,0,False,2007,18,Knockout,D,0,0,detailed_2005_2021
301,2008-02-19,Roma,Real Madrid,2,1,round : 18,,AS Roma,Real Madrid,2,1,False,2007,18,Knockout,H,1,1,detailed_2005_2021
302,2008-02-20,Arsenal,Milan,0,0,round : 18,,Arsenal FC,AC Milan,0,0,False,2007,18,Knockout,D,0,0,detailed_2005_2021
303,2008-02-20,Celtic,Barcelona,2,3,round : 18,,Celtic FC,FC Barcelona,2,3,False,2007,18,Knockout,A,0,-1,detailed_2005_2021
304,2008-02-20,Fenerbahçe,Sevilla,3,2,round : 18,,Fenerbahçe,Sevilla FC,3,2,False,2007,18,Knockout,H,1,1,detailed_2005_2021
305,2008-02-20,Olympique Lyonnais,Manchester United,1,1,round : 18,,Olympique Lyon,Manchester United,1,1,False,2007,18,Knockout,D,0,0,detailed_2005_2021
306,2008-03-04,Barcelona,Celtic,1,0,round : 18,,FC Barcelona,Celtic FC,1,0,False,2007,18,Knockout,H,1,1,detailed_2005_2021
307,2008-03-04,Manchester United,Olympique Lyonnais,1,0,round : 18,,Manchester United,Olympique Lyon,1,0,False,2007,18,Knockout,H,1,1,detailed_2005_2021
308,2008-03-04,Milan,Arsenal,0,2,round : 18,,AC Milan,Arsenal FC,0,2,False,2007,18,Knockout,A,0,-2,detailed_2005_2021
309,2008-03-04,Sevilla,Fenerbahçe,3(0) (2),2(0) (1),round : 18,,Sevilla FC,Fenerbahçe,3,2,True,2007,18,Knockout,H,1,1,detailed_2005_2021
310,2008-03-05,Chelsea,Olympiacos,3,0,round : 18,,Chelsea FC,Olympiakos Piraeus,3,0,False,2007,18,Knockout,H,1,3,detailed_2005_2021
311,2008-03-05,FC Porto,FC Schalke 04,1(0) (1),0(0) (4),round : 18,,FC Porto,FC Schalke 04,1,0,True,2007,18,Knockout,H,1,1,detailed_2005_2021
312,2008-03-05,Real Madrid,Roma,1,2,round : 18,,Real Madrid,AS Roma,1,2,False,2007,18,Knockout,A,0,-1,detailed_2005_2021
313,2008-03-11,Inter,Liverpool,0,1,round : 18,,Inter Milan,Liverpool FC,0,1,False,2007,18,Knockout,A,0,-1,detailed_2005_2021
314,2008-04-01,FC Schalke 04,Barcelona,0,1,round : quarterfinals,,FC Schalke 04,FC Barcelona,0,1,False,2007,quarterfinals,Knockout,A,0,-1,detailed_2005_2021
315,2008-04-01,Roma,Manchester United,0,2,round : quarterfinals,,AS Roma,Manchester United,0,2,False,2007,quarterfinals,Knockout,A,0,-2,detailed_2005_2021
316,2008-04-02,Arsenal,Liverpool,1,1,round : quarterfinals,,Arsenal FC,Liverpool FC,1,1,False,2007,quarterfinals,Knockout,D,0,0,detailed_2005_2021
317,2008-04-02,Fenerbahçe,Chelsea,2,1,round : quarterfinals,,Fenerbahçe,Chelsea FC,2,1,False,2007,quarterfinals,Knockout,H,1,1,detailed_2005_2021
318,2008-04-08,Chelsea,Fenerbahçe,2,0,round : quarterfinals,,Chelsea FC,Fenerbahçe,2,0,False,2007,quarterfinals,Knockout,H,1,2,detailed_2005_2021
319,2008-04-08,Liverpool,Arsenal,4,2,round : quarterfinals,,Liverpool FC,Arsenal FC,4,2,False,2007,quarterfinals,Knockout,H,1,2,detailed_2005_2021
320,2008-04-09,Barcelona,FC Schalke 04,1,0,round : quarterfinals,,FC Barcelona,FC Schalke 04,1,0,False,2007,quarterfinals,Knockout,H,1,1,detailed_2005_2021
321,2008-04-09,Manchester United,Roma,1,0,round : quarterfinals,,Manchester United,AS Roma,1,0,False,2007,quarterfinals,Knockout,H,1,1,detailed_2005_2021
322,2008-04-22,Liverpool,Chelsea,1,1,round : semifinals,,Liverpool FC,Chelsea FC,1,1,False,2007,semifinals,Knockout,D,0,0,detailed_2005_2021
323,2008-04-23,Barcelona,Manchester United,0,0,round : semifinals,,FC Barcelona,Manchester United,0,0,False,2007,semifinals,Knockout,D,0,0,detailed_2005_2021
324,2008-04-29,Manchester United,Barcelona,1,0,round : semifinals,,Manchester United,FC Barcelona,1,0,False,2007,semifinals,Knockout,H,1,1,detailed_2005_2021
325,2008-04-30,Chelsea,Liverpool,1(2),1(1),round : semifinals,,Chelsea FC,Liverpool FC,1,1,True,2007,semifinals,Knockout,D,0,0,detailed_2005_2021
326,2008-05-21,Manchester United,Chelsea,1(0) (6),1(0) (5),round : final,,Manchester United,Chelsea FC,1,1,True,2007,final,Knockout,D,0,0,detailed_2005_2021
327,2008-09-16,Chelsea,Bordeaux,4,0,round : 1,A,Chelsea FC,Girondins Bordeaux,4,0,False,2008,1,Group,H,1,4,detailed_2005_2021
328,2008-09-16,Roma,CFR Cluj,1,2,round : 1,A,AS Roma,CFR Cluj,1,2,False,2008,1,Group,A,0,-1,detailed_2005_2021
329,2008-09-16,Panathinaikos,Inter,0,2,round : 1,B,Panathinaikos,Inter Milan,0,2,False,2008,1,Group,A,0,-2,detailed_2005_2021
330,2008-09-16,Werder Bremen,Anorthosis Famagusta,0,0,round : 1,B,Werder Bremen,Anorthosis Famagusta,0,0,False,2008,1,Group,D,0,0,detailed_2005_2021
331,2008-09-16,Barcelona,Sporting CP,3,1,round : 1,C,FC Barcelona,Sporting CP,3,1,False,2008,1,Group,H,1,2,detailed_2005_2021
332,2008-09-16,FC Basel,Shakhtar Donetsk,1,2,round : 1,C,FC Basel,Shakhtar Donetsk,1,2,False,2008,1,Group,A,0,-1,detailed_2005_2021
333,2008-09-16,Olympique de Marseille,Liverpool,1,2,round : 1,D,Olympique Marseille,Liverpool FC,1,2,False,2008,1,Group,A,0,-1,detailed_2005_2021
334,2008-09-16,PSV Eindhoven,Atlético Madrid,0,3,round : 1,D,PSV Eindhoven,Atlético Madrid,0,3,False,2008,1,Group,A,0,-3,detailed_2005_2021
335,2008-09-17,Celtic,AaB,0,0,round : 1,E,Celtic FC,Aalborg BK,0,0,False,2008,1,Group,D,0,0,detailed_2005_2021
336,2008-09-17,Manchester United,Villarreal,0,0,round : 1,E,Manchester United,Villarreal CF,0,0,False,2008,1,Group,D,0,0,detailed_2005_2021
337,2008-09-17,FCSB,Bayern München,0,1,round : 1,F,FCSB,Bayern Munich,0,1,False,2008,1,Group,A,0,-1,detailed_2005_2021
338,2008-09-17,Olympique Lyonnais,Fiorentina,2,2,round : 1,F,Olympique Lyon,ACF Fiorentina,2,2,False,2008,1,Group,D,0,0,detailed_2005_2021
339,2008-09-17,Dynamo Kyiv,Arsenal,1,1,round : 1,G,Dinamo Kiev,Arsenal FC,1,1,False,2008,1,Group,D,0,0,detailed_2005_2021
340,2008-09-17,FC Porto,Fenerbahçe,3,1,round : 1,G,FC Porto,Fenerbahçe,3,1,False,2008,1,Group,H,1,2,detailed_2005_2021
341,2008-09-17,Juventus,Zenit St. Petersburg,1,0,round : 1,H,Juventus,Zenit St. Petersburg,1,0,False,2008,1,Group,H,1,1,detailed_2005_2021
342,2008-09-17,Real Madrid,BATE Borisov,2,0,round : 1,H,Real Madrid,BATE Borisov,2,0,False,2008,1,Group,H,1,2,detailed_2005_2021
343,2008-10-01,Bordeaux,Roma,1,3,round : 2,A,Girondins Bordeaux,AS Roma,1,3,False,2008,2,Group,A,0,-2,detailed_2005_2021
344,2008-10-01,CFR Cluj,Chelsea,0,0,round : 2,A,CFR Cluj,Chelsea FC,0,0,False,2008,2,Group,D,0,0,detailed_2005_2021
345,2008-10-01,Anorthosis Famagusta,Panathinaikos,3,1,round : 2,B,Anorthosis Famagusta,Panathinaikos,3,1,False,2008,2,Group,H,1,2,detailed_2005_2021
346,2008-10-01,Inter,Werder Bremen,1,1,round : 2,B,Inter Milan,Werder Bremen,1,1,False,2008,2,Group,D,0,0,detailed_2005_2021
347,2008-10-01,Shakhtar Donetsk,Barcelona,1,2,round : 2,C,Shakhtar Donetsk,FC Barcelona,1,2,False,2008,2,Group,A,0,-1,detailed_2005_2021
348,2008-10-01,Sporting CP,FC Basel,2,0,round : 2,C,Sporting CP,FC Basel,2,0,False,2008,2,Group,H,1,2,detailed_2005_2021
349,2008-10-01,Atlético Madrid,Olympique de Marseille,2,1,round : 2,D,Atlético Madrid,Olympique Marseille,2,1,False,2008,2,Group,H,1,1,detailed_2005_2021
350,2008-10-01,Liverpool,PSV Eindhoven,3,1,round : 2,D,Liverpool FC,PSV Eindhoven,3,1,False,2008,2,Group,H,1,2,detailed_2005_2021
351,2008-09-30,AaB,Manchester United,0,3,round : 2,E,Aalborg BK,Manchester United,0,3,False,2008,2,Group,A,0,-3,detailed_2005_2021
352,2008-09-30,Villarreal,Celtic,1,0,round : 2,E,Villarreal CF,Celtic FC,1,0,False,2008,2,Group,H,1,1,detailed_2005_2021
353,2008-09-30,Bayern München,Olympique Lyonnais,1,1,round : 2,F,Bayern Munich,Olympique Lyon,1,1,False,2008,2,Group,D,0,0,detailed_2005_2021
354,2008-09-30,Fiorentina,FCSB,0,0,round : 2,F,ACF Fiorentina,FCSB,0,0,False,2008,2,Group,D,0,0,detailed_2005_2021
355,2008-09-30,Arsenal,FC Porto,4,0,round : 2,G,Arsenal FC,FC Porto,4,0,False,2008,2,Group,H,1,4,detailed_2005_2021
356,2008-09-30,Fenerbahçe,Dynamo Kyiv,0,0,round : 2,G,Fenerbahçe,Dinamo Kiev,0,0,False,2008,2,Group,D,0,0,detailed_2005_2021
357,2008-09-30,Zenit St. Petersburg,Real Madrid,1,2,round : 2,H,Zenit St. Petersburg,Real Madrid,1,2,False,2008,2,Group,A,0,-1,detailed_2005_2021
358,2008-09-30,BATE Borisov,Juventus,2,2,round : 2,H,BATE Borisov,Juventus,2,2,False,2008,2,Group,D,0,0,detailed_2005_2021
359,2008-10-22,Bordeaux,CFR Cluj,1,0,round : 3,A,Girondins Bordeaux,CFR Cluj,1,0,False,2008,3,Group,H,1,1,detailed_2005_2021
360,2008-10-22,Chelsea,Roma,1,0,round : 3,A,Chelsea FC,AS Roma,1,0,False,2008,3,Group,H,1,1,detailed_2005_2021
361,2008-10-22,Inter,Anorthosis Famagusta,1,0,round : 3,B,Inter Milan,Anorthosis Famagusta,1,0,False,2008,3,Group,H,1,1,detailed_2005_2021
362,2008-10-22,Panathinaikos,Werder Bremen,2,2,round : 3,B,Panathinaikos,Werder Bremen,2,2,False,2008,3,Group,D,0,0,detailed_2005_2021
363,2008-10-22,FC Basel,Barcelona,0,5,round : 3,C,FC Basel,FC Barcelona,0,5,False,2008,3,Group,A,0,-5,detailed_2005_2021
364,2008-10-22,Shakhtar Donetsk,Sporting CP,0,1,round : 3,C,Shakhtar Donetsk,Sporting CP,0,1,False,2008,3,Group,A,0,-1,detailed_2005_2021
365,2008-10-22,Atlético Madrid,Liverpool,1,1,round : 3,D,Atlético Madrid,Liverpool FC,1,1,False,2008,3,Group,D,0,0,detailed_2005_2021
366,2008-10-22,PSV Eindhoven,Olympique de Marseille,2,0,round : 3,D,PSV Eindhoven,Olympique Marseille,2,0,False,2008,3,Group,H,1,2,detailed_2005_2021
367,2008-10-21,Manchester United,Celtic,3,0,round : 3,E,Manchester United,Celtic FC,3,0,False,2008,3,Group,H,1,3,detailed_2005_2021
368,2008-10-21,Villarreal,AaB,6,3,round : 3,E,Villarreal CF,Aalborg BK,6,3,False,2008,3,Group,H,1,3,detailed_2005_2021
369,2008-10-21,Bayern München,Fiorentina,3,0,round : 3,F,Bayern Munich,ACF Fiorentina,3,0,False,2008,3,Group,H,1,3,detailed_2005_2021
370,2008-10-21,FCSB,Olympique Lyonnais,3,5,round : 3,F,FCSB,Olympique Lyon,3,5,False,2008,3,Group,A,0,-2,detailed_2005_2021
371,2008-10-21,FC Porto,Dynamo Kyiv,0,1,round : 3,G,FC Porto,Dinamo Kiev,0,1,False,2008,3,Group,A,0,-1,detailed_2005_2021
372,2008-10-21,Fenerbahçe,Arsenal,2,5,round : 3,G,Fenerbahçe,Arsenal FC,2,5,False,2008,3,Group,A,0,-3,detailed_2005_2021
373,2008-10-21,Zenit St. Petersburg,BATE Borisov,1,1,round : 3,H,Zenit St. Petersburg,BATE Borisov,1,1,False,2008,3,Group,D,0,0,detailed_2005_2021
374,2008-10-21,Juventus,Real Madrid,2,1,round : 3,H,Juventus,Real Madrid,2,1,False,2008,3,Group,H,1,1,detailed_2005_2021
375,2008-11-04,CFR Cluj,Bordeaux,1,2,round : 4,A,CFR Cluj,Girondins Bordeaux,1,2,False,2008,4,Group,A,0,-1,detailed_2005_2021
376,2008-11-04,Roma,Chelsea,3,1,round : 4,A,AS Roma,Chelsea FC,3,1,False,2008,4,Group,H,1,2,detailed_2005_2021
377,2008-11-04,Anorthosis Famagusta,Inter,3,3,round : 4,B,Anorthosis Famagusta,Inter Milan,3,3,False,2008,4,Group,D,0,0,detailed_2005_2021
378,2008-11-04,Werder Bremen,Panathinaikos,0,3,round : 4,B,Werder Bremen,Panathinaikos,0,3,False,2008,4,Group,A,0,-3,detailed_2005_2021
379,2008-11-04,Barcelona,FC Basel,1,1,round : 4,C,FC Barcelona,FC Basel,1,1,False,2008,4,Group,D,0,0,detailed_2005_2021
380,2008-11-04,Sporting CP,Shakhtar Donetsk,1,0,round : 4,C,Sporting CP,Shakhtar Donetsk,1,0,False,2008,4,Group,H,1,1,detailed_2005_2021
381,2008-11-04,Liverpool,Atlético Madrid,1,1,round : 4,D,Liverpool FC,Atlético Madrid,1,1,False,2008,4,Group,D,0,0,detailed_2005_2021
382,2008-11-04,Olympique de Marseille,PSV Eindhoven,3,0,round : 4,D,Olympique Marseille,PSV Eindhoven,3,0,False,2008,4,Group,H,1,3,detailed_2005_2021
383,2008-11-05,AaB,Villarreal,2,2,round : 4,E,Aalborg BK,Villarreal CF,2,2,False,2008,4,Group,D,0,0,detailed_2005_2021
384,2008-11-05,Celtic,Manchester United,1,1,round : 4,E,Celtic FC,Manchester United,1,1,False,2008,4,Group,D,0,0,detailed_2005_2021
385,2008-11-05,Fiorentina,Bayern München,1,1,round : 4,F,ACF Fiorentina,Bayern Munich,1,1,False,2008,4,Group,D,0,0,detailed_2005_2021
386,2008-11-05,Olympique Lyonnais,FCSB,2,0,round : 4,F,Olympique Lyon,FCSB,2,0,False,2008,4,Group,H,1,2,detailed_2005_2021
387,2008-11-05,Arsenal,Fenerbahçe,0,0,round : 4,G,Arsenal FC,Fenerbahçe,0,0,False,2008,4,Group,D,0,0,detailed_2005_2021
388,2008-11-05,Dynamo Kyiv,FC Porto,1,2,round : 4,G,Dinamo Kiev,FC Porto,1,2,False,2008,4,Group,A,0,-1,detailed_2005_2021
389,2008-11-05,BATE Borisov,Zenit St. Petersburg,0,2,round : 4,H,BATE Borisov,Zenit St. Petersburg,0,2,False,2008,4,Group,A,0,-2,detailed_2005_2021
390,2008-11-05,Real Madrid,Juventus,0,2,round : 4,H,Real Madrid,Juventus,0,2,False,2008,4,Group,A,0,-2,detailed_2005_2021
391,2008-11-26,Bordeaux,Chelsea,1,1,round : 5,A,Girondins Bordeaux,Chelsea FC,1,1,False,2008,5,Group,D,0,0,detailed_2005_2021
392,2008-11-26,CFR Cluj,Roma,1,3,round : 5,A,CFR Cluj,AS Roma,1,3,False,2008,5,Group,A,0,-2,detailed_2005_2021
393,2008-11-26,Anorthosis Famagusta,Werder Bremen,2,2,round : 5,B,Anorthosis Famagusta,Werder Bremen,2,2,False,2008,5,Group,D,0,0,detailed_2005_2021
394,2008-11-26,Inter,Panathinaikos,0,1,round : 5,B,Inter Milan,Panathinaikos,0,1,False,2008,5,Group,A,0,-1,detailed_2005_2021
395,2008-11-26,Shakhtar Donetsk,FC Basel,5,0,round : 5,C,Shakhtar Donetsk,FC Basel,5,0,False,2008,5,Group,H,1,5,detailed_2005_2021
396,2008-11-26,Sporting CP,Barcelona,2,5,round : 5,C,Sporting CP,FC Barcelona,2,5,False,2008,5,Group,A,0,-3,detailed_2005_2021
397,2008-11-26,Atlético Madrid,PSV Eindhoven,2,1,round : 5,D,Atlético Madrid,PSV Eindhoven,2,1,False,2008,5,Group,H,1,1,detailed_2005_2021
398,2008-11-26,Liverpool,Olympique de Marseille,1,0,round : 5,D,Liverpool FC,Olympique Marseille,1,0,False,2008,5,Group,H,1,1,detailed_2005_2021
399,2008-11-25,AaB,Celtic,2,1,round : 5,E,Aalborg BK,Celtic FC,2,1,False,2008,5,Group,H,1,1,detailed_2005_2021
400,2008-11-25,Villarreal,Manchester United,0,0,round : 5,E,Villarreal CF,Manchester United,0,0,False,2008,5,Group,D,0,0,detailed_2005_2021
401,2008-11-25,Bayern München,FCSB,3,0,round : 5,F,Bayern Munich,FCSB,3,0,False,2008,5,Group,H,1,3,detailed_2005_2021
402,2008-11-25,Fiorentina,Olympique Lyonnais,1,2,round : 5,F,ACF Fiorentina,Olympique Lyon,1,2,False,2008,5,Group,A,0,-1,detailed_2005_2021
403,2008-11-25,Arsenal,Dynamo Kyiv,1,0,round : 5,G,Arsenal FC,Dinamo Kiev,1,0,False,2008,5,Group,H,1,1,detailed_2005_2021
404,2008-11-25,Fenerbahçe,FC Porto,1,2,round : 5,G,Fenerbahçe,FC Porto,1,2,False,2008,5,Group,A,0,-1,detailed_2005_2021
405,2008-11-25,Zenit St. Petersburg,Juventus,0,0,round : 5,H,Zenit St. Petersburg,Juventus,0,0,False,2008,5,Group,D,0,0,detailed_2005_2021
406,2008-11-25,BATE Borisov,Real Madrid,0,1,round : 5,H,BATE Borisov,Real Madrid,0,1,False,2008,5,Group,A,0,-1,detailed_2005_2021
407,2009-02-24,Arsenal,Roma,1,0,round : 18,,Arsenal FC,AS Roma,1,0,False,2008,18,Knockout,H,1,1,detailed_2005_2021
408,2009-02-24,Atlético Madrid,FC Porto,2,2,round : 18,,Atlético Madrid,FC Porto,2,2,False,2008,18,Knockout,D,0,0,detailed_2005_2021
409,2009-02-24,Inter,Manchester United,0,0,round : 18,,Inter Milan,Manchester United,0,0,False,2008,18,Knockout,D,0,0,detailed_2005_2021
410,2009-02-24,Olympique Lyonnais,Barcelona,1,1,round : 18,,Olympique Lyon,FC Barcelona,1,1,False,2008,18,Knockout,D,0,0,detailed_2005_2021
411,2009-02-25,Chelsea,Juventus,1,0,round : 18,,Chelsea FC,Juventus,1,0,False,2008,18,Knockout,H,1,1,detailed_2005_2021
412,2009-02-25,Real Madrid,Liverpool,0,1,round : 18,,Real Madrid,Liverpool FC,0,1,False,2008,18,Knockout,A,0,-1,detailed_2005_2021
413,2009-02-25,Sporting CP,Bayern München,0,5,round : 18,,Sporting CP,Bayern Munich,0,5,False,2008,18,Knockout,A,0,-5,detailed_2005_2021
414,2009-02-25,Villarreal,Panathinaikos,1,1,round : 18,,Villarreal CF,Panathinaikos,1,1,False,2008,18,Knockout,D,0,0,detailed_2005_2021
415,2009-03-10,Bayern München,Sporting CP,7,1,round : 18,,Bayern Munich,Sporting CP,7,1,False,2008,18,Knockout,H,1,6,detailed_2005_2021
416,2009-03-10,Juventus,Chelsea,2,2,round : 18,,Juventus,Chelsea FC,2,2,False,2008,18,Knockout,D,0,0,detailed_2005_2021
417,2009-03-10,Liverpool,Real Madrid,4,0,round : 18,,Liverpool FC,Real Madrid,4,0,False,2008,18,Knockout,H,1,4,detailed_2005_2021
418,2009-03-10,Panathinaikos,Villarreal,1,2,round : 18,,Panathinaikos,Villarreal CF,1,2,False,2008,18,Knockout,A,0,-1,detailed_2005_2021
419,2009-03-11,Barcelona,Olympique Lyonnais,5,2,round : 18,,FC Barcelona,Olympique Lyon,5,2,False,2008,18,Knockout,H,1,3,detailed_2005_2021
420,2009-03-11,FC Porto,Atlético Madrid,0,0,round : 18,,FC Porto,Atlético Madrid,0,0,False,2008,18,Knockout,D,0,0,detailed_2005_2021
421,2009-03-11,Manchester United,Inter,2,0,round : 18,,Manchester United,Inter Milan,2,0,False,2008,18,Knockout,H,1,2,detailed_2005_2021
422,2009-03-11,Roma,Arsenal,1(0) (5),0(0) (7),round : 18,,AS Roma,Arsenal FC,1,0,True,2008,18,Knockout,H,1,1,detailed_2005_2021
423,2009-04-07,Manchester United,FC Porto,2,2,round : quarterfinals,,Manchester United,FC Porto,2,2,False,2008,quarterfinals,Knockout,D,0,0,detailed_2005_2021
424,2009-04-07,Villarreal,Arsenal,1,1,round : quarterfinals,,Villarreal CF,Arsenal FC,1,1,False,2008,quarterfinals,Knockout,D,0,0,detailed_2005_2021
425,2009-04-08,Barcelona,Bayern München,4,0,round : quarterfinals,,FC Barcelona,Bayern Munich,4,0,False,2008,quarterfinals,Knockout,H,1,4,detailed_2005_2021
426,2009-04-08,Liverpool,Chelsea,1,3,round : quarterfinals,,Liverpool FC,Chelsea FC,1,3,False,2008,quarterfinals,Knockout,A,0,-2,detailed_2005_2021
427,2009-04-14,Bayern München,Barcelona,1,1,round : quarterfinals,,Bayern Munich,FC Barcelona,1,1,False,2008,quarterfinals,Knockout,D,0,0,detailed_2005_2021
428,2009-04-14,Chelsea,Liverpool,4,4,round : quarterfinals,,Chelsea FC,Liverpool FC,4,4,False,2008,quarterfinals,Knockout,D,0,0,detailed_2005_2021
429,2009-04-15,Arsenal,Villarreal,3,0,round : quarterfinals,,Arsenal FC,Villarreal CF,3,0,False,2008,quarterfinals,Knockout,H,1,3,detailed_2005_2021
430,2009-04-15,FC Porto,Manchester United,0,1,round : quarterfinals,,FC Porto,Manchester United,0,1,False,2008,quarterfinals,Knockout,A,0,-1,detailed_2005_2021
431,2009-04-28,Barcelona,Chelsea,0,0,round : semifinals,,FC Barcelona,Chelsea FC,0,0,False,2008,semifinals,Knockout,D,0,0,detailed_2005_2021
432,2009-04-29,Manchester United,Arsenal,1,0,round : semifinals,,Manchester United,Arsenal FC,1,0,False,2008,semifinals,Knockout,H,1,1,detailed_2005_2021
433,2009-05-05,Arsenal,Manchester United,1,3,round : semifinals,,Arsenal FC,Manchester United,1,3,False,2008,semifinals,Knockout,A,0,-2,detailed_2005_2021
434,2009-05-06,Chelsea,Barcelona,1,1,round : semifinals,,Chelsea FC,FC Barcelona,1,1,False,2008,semifinals,Knockout,D,0,0,detailed_2005_2021
435,2009-05-27,Barcelona,Manchester United,2,0,round : final,,FC Barcelona,Manchester United,2,0,False,2008,final,Knockout,H,1,2,detailed_2005_2021
436,2009-09-15,Juventus,Bordeaux,1,1,round : 1,A,Juventus,Girondins Bordeaux,1,1,False,2009,1,Group,D,0,0,detailed_2005_2021
437,2009-09-15,Maccabi Haifa,Bayern München,0,3,round : 1,A,Maccabi Haifa,Bayern Munich,0,3,False,2009,1,Group,A,0,-3,detailed_2005_2021
438,2009-09-15,Beşiktaş,Manchester United,0,1,round : 1,B,Beşiktaş,Manchester United,0,1,False,2009,1,Group,A,0,-1,detailed_2005_2021
439,2009-09-15,VfL Wolfsburg,CSKA Moscow,3,1,round : 1,B,VfL Wolfsburg,CSKA Moskva,3,1,False,2009,1,Group,H,1,2,detailed_2005_2021
440,2009-09-15,FC Zürich,Real Madrid,2,5,round : 1,C,FC Zürich,Real Madrid,2,5,False,2009,1,Group,A,0,-3,detailed_2005_2021
441,2009-09-15,Olympique de Marseille,Milan,1,2,round : 1,C,Olympique Marseille,AC Milan,1,2,False,2009,1,Group,A,0,-1,detailed_2005_2021
442,2009-09-15,Atlético Madrid,APOEL Nicosia,0,0,round : 1,D,Atlético Madrid,APOEL Nikosia,0,0,False,2009,1,Group,D,0,0,detailed_2005_2021
443,2009-09-15,Chelsea,FC Porto,1,0,round : 1,D,Chelsea FC,FC Porto,1,0,False,2009,1,Group,H,1,1,detailed_2005_2021
444,2009-09-16,Liverpool,Debreceni VSC,1,0,round : 1,E,Liverpool FC,Debreceni VSC,1,0,False,2009,1,Group,H,1,1,detailed_2005_2021
445,2009-09-16,Olympique Lyonnais,Fiorentina,1,0,round : 1,E,Olympique Lyon,ACF Fiorentina,1,0,False,2009,1,Group,H,1,1,detailed_2005_2021
446,2009-09-16,Dynamo Kyiv,Rubin Kazan,3,1,round : 1,F,Dinamo Kiev,Rubin Kazan,3,1,False,2009,1,Group,H,1,2,detailed_2005_2021
447,2009-09-16,Inter,Barcelona,0,0,round : 1,F,Inter Milan,FC Barcelona,0,0,False,2009,1,Group,D,0,0,detailed_2005_2021
448,2009-09-16,Sevilla,Unirea Urziceni,2,0,round : 1,G,Sevilla FC,FC Unirea,2,0,False,2009,1,Group,H,1,2,detailed_2005_2021
449,2009-09-16,VfB Stuttgart,Rangers,1,1,round : 1,G,VfB Stuttgart,Rangers FC,1,1,False,2009,1,Group,D,0,0,detailed_2005_2021
450,2009-09-16,Olympiacos,AZ Alkmaar,1,0,round : 1,H,Olympiakos Piraeus,AZ Alkmaar,1,0,False,2009,1,Group,H,1,1,detailed_2005_2021
451,2009-09-16,Standard Liège,Arsenal,2,3,round : 1,H,Standard Liège,Arsenal FC,2,3,False,2009,1,Group,A,0,-1,detailed_2005_2021
452,2009-09-30,Bayern München,Juventus,0,0,round : 2,A,Bayern Munich,Juventus,0,0,False,2009,2,Group,D,0,0,detailed_2005_2021
453,2009-09-30,Bordeaux,Maccabi Haifa,1,0,round : 2,A,Girondins Bordeaux,Maccabi Haifa,1,0,False,2009,2,Group,H,1,1,detailed_2005_2021
454,2009-09-30,CSKA Moscow,Beşiktaş,2,1,round : 2,B,CSKA Moskva,Beşiktaş,2,1,False,2009,2,Group,H,1,1,detailed_2005_2021
455,2009-09-30,Manchester United,VfL Wolfsburg,2,1,round : 2,B,Manchester United,VfL Wolfsburg,2,1,False,2009,2,Group,H,1,1,detailed_2005_2021
456,2009-09-30,Milan,FC Zürich,0,1,round : 2,C,AC Milan,FC Zürich,0,1,False,2009,2,Group,A,0,-1,detailed_2005_2021
457,2009-09-30,Real Madrid,Olympique de Marseille,3,0,round : 2,C,Real Madrid,Olympique Marseille,3,0,False,2009,2,Group,H,1,3,detailed_2005_2021
458,2009-09-30,APOEL Nicosia,Chelsea,0,1,round : 2,D,APOEL Nikosia,Chelsea FC,0,1,False,2009,2,Group,A,0,-1,detailed_2005_2021
459,2009-09-30,FC Porto,Atlético Madrid,2,0,round : 2,D,FC Porto,Atlético Madrid,2,0,False,2009,2,Group,H,1,2,detailed_2005_2021
460,2009-09-29,Debreceni VSC,Olympique Lyonnais,0,4,round : 2,E,Debreceni VSC,Olympique Lyon,0,4,False,2009,2,Group,A,0,-4,detailed_2005_2021
461,2009-09-29,Fiorentina,Liverpool,2,0,round : 2,E,ACF Fiorentina,Liverpool FC,2,0,False,2009,2,Group,H,1,2,detailed_2005_2021
462,2009-09-29,Rubin Kazan,Inter,1,1,round : 2,F,Rubin Kazan,Inter Milan,1,1,False,2009,2,Group,D,0,0,detailed_2005_2021
463,2009-09-29,Barcelona,Dynamo Kyiv,2,0,round : 2,F,FC Barcelona,Dinamo Kiev,2,0,False,2009,2,Group,H,1,2,detailed_2005_2021
464,2009-09-29,Rangers,Sevilla,1,4,round : 2,G,Rangers FC,Sevilla FC,1,4,False,2009,2,Group,A,0,-3,detailed_2005_2021
465,2009-09-29,Unirea Urziceni,VfB Stuttgart,1,1,round : 2,G,FC Unirea,VfB Stuttgart,1,1,False,2009,2,Group,D,0,0,detailed_2005_2021
466,2009-09-29,Arsenal,Olympiacos,2,0,round : 2,H,Arsenal FC,Olympiakos Piraeus,2,0,False,2009,2,Group,H,1,2,detailed_2005_2021
467,2009-09-29,AZ Alkmaar,Standard Liège,1,1,round : 2,H,AZ Alkmaar,Standard Liège,1,1,False,2009,2,Group,D,0,0,detailed_2005_2021
468,2009-10-21,Bordeaux,Bayern München,2,1,round : 3,A,Girondins Bordeaux,Bayern Munich,2,1,False,2009,3,Group,H,1,1,detailed_2005_2021
469,2009-10-21,Juventus,Maccabi Haifa,1,0,round : 3,A,Juventus,Maccabi Haifa,1,0,False,2009,3,Group,H,1,1,detailed_2005_2021
470,2009-10-21,CSKA Moscow,Manchester United,0,1,round : 3,B,CSKA Moskva,Manchester United,0,1,False,2009,3,Group,A,0,-1,detailed_2005_2021
471,2009-10-21,VfL Wolfsburg,Beşiktaş,0,0,round : 3,B,VfL Wolfsburg,Beşiktaş,0,0,False,2009,3,Group,D,0,0,detailed_2005_2021
472,2009-10-21,FC Zürich,Olympique de Marseille,0,1,round : 3,C,FC Zürich,Olympique Marseille,0,1,False,2009,3,Group,A,0,-1,detailed_2005_2021
473,2009-10-21,Real Madrid,Milan,2,3,round : 3,C,Real Madrid,AC Milan,2,3,False,2009,3,Group,A,0,-1,detailed_2005_2021
474,2009-10-21,Chelsea,Atlético Madrid,4,0,round : 3,D,Chelsea FC,Atlético Madrid,4,0,False,2009,3,Group,H,1,4,detailed_2005_2021
475,2009-10-21,FC Porto,APOEL Nicosia,2,1,round : 3,D,FC Porto,APOEL Nikosia,2,1,False,2009,3,Group,H,1,1,detailed_2005_2021
476,2009-10-20,Debreceni VSC,Fiorentina,3,4,round : 3,E,Debreceni VSC,ACF Fiorentina,3,4,False,2009,3,Group,A,0,-1,detailed_2005_2021
477,2009-10-20,Liverpool,Olympique Lyonnais,1,2,round : 3,E,Liverpool FC,Olympique Lyon,1,2,False,2009,3,Group,A,0,-1,detailed_2005_2021
478,2009-10-20,Barcelona,Rubin Kazan,1,2,round : 3,F,FC Barcelona,Rubin Kazan,1,2,False,2009,3,Group,A,0,-1,detailed_2005_2021
479,2009-10-20,Inter,Dynamo Kyiv,2,2,round : 3,F,Inter Milan,Dinamo Kiev,2,2,False,2009,3,Group,D,0,0,detailed_2005_2021
480,2009-10-20,Rangers,Unirea Urziceni,1,4,round : 3,G,Rangers FC,FC Unirea,1,4,False,2009,3,Group,A,0,-3,detailed_2005_2021
481,2009-10-20,VfB Stuttgart,Sevilla,1,3,round : 3,G,VfB Stuttgart,Sevilla FC,1,3,False,2009,3,Group,A,0,-2,detailed_2005_2021
482,2009-10-20,AZ Alkmaar,Arsenal,1,1,round : 3,H,AZ Alkmaar,Arsenal FC,1,1,False,2009,3,Group,D,0,0,detailed_2005_2021
483,2009-10-20,Olympiacos,Standard Liège,2,1,round : 3,H,Olympiakos Piraeus,Standard Liège,2,1,False,2009,3,Group,H,1,1,detailed_2005_2021
484,2009-11-03,Bayern München,Bordeaux,0,2,round : 4,A,Bayern Munich,Girondins Bordeaux,0,2,False,2009,4,Group,A,0,-2,detailed_2005_2021
485,2009-11-03,Maccabi Haifa,Juventus,0,1,round : 4,A,Maccabi Haifa,Juventus,0,1,False,2009,4,Group,A,0,-1,detailed_2005_2021
486,2009-11-03,Beşiktaş,VfL Wolfsburg,0,3,round : 4,B,Beşiktaş,VfL Wolfsburg,0,3,False,2009,4,Group,A,0,-3,detailed_2005_2021
487,2009-11-03,Manchester United,CSKA Moscow,3,3,round : 4,B,Manchester United,CSKA Moskva,3,3,False,2009,4,Group,D,0,0,detailed_2005_2021
488,2009-11-03,Milan,Real Madrid,1,1,round : 4,C,AC Milan,Real Madrid,1,1,False,2009,4,Group,D,0,0,detailed_2005_2021
489,2009-11-03,Olympique de Marseille,FC Zürich,6,1,round : 4,C,Olympique Marseille,FC Zürich,6,1,False,2009,4,Group,H,1,5,detailed_2005_2021
490,2009-11-03,APOEL Nicosia,FC Porto,0,1,round : 4,D,APOEL Nikosia,FC Porto,0,1,False,2009,4,Group,A,0,-1,detailed_2005_2021
491,2009-11-03,Atlético Madrid,Chelsea,2,2,round : 4,D,Atlético Madrid,Chelsea FC,2,2,False,2009,4,Group,D,0,0,detailed_2005_2021
492,2009-11-04,Fiorentina,Debreceni VSC,5,2,round : 4,E,ACF Fiorentina,Debreceni VSC,5,2,False,2009,4,Group,H,1,3,detailed_2005_2021
493,2009-11-04,Olympique Lyonnais,Liverpool,1,1,round : 4,E,Olympique Lyon,Liverpool FC,1,1,False,2009,4,Group,D,0,0,detailed_2005_2021
494,2009-11-04,Rubin Kazan,Barcelona,0,0,round : 4,F,Rubin Kazan,FC Barcelona,0,0,False,2009,4,Group,D,0,0,detailed_2005_2021
495,2009-11-04,Dynamo Kyiv,Inter,1,2,round : 4,F,Dinamo Kiev,Inter Milan,1,2,False,2009,4,Group,A,0,-1,detailed_2005_2021
496,2009-11-04,Sevilla,VfB Stuttgart,1,1,round : 4,G,Sevilla FC,VfB Stuttgart,1,1,False,2009,4,Group,D,0,0,detailed_2005_2021
497,2009-11-04,Unirea Urziceni,Rangers,1,1,round : 4,G,FC Unirea,Rangers FC,1,1,False,2009,4,Group,D,0,0,detailed_2005_2021
498,2009-11-04,Arsenal,AZ Alkmaar,4,1,round : 4,H,Arsenal FC,AZ Alkmaar,4,1,False,2009,4,Group,H,1,3,detailed_2005_2021
499,2009-11-04,Standard Liège,Olympiacos,2,0,round : 4,H,Standard Liège,Olympiakos Piraeus,2,0,False,2009,4,Group,H,1,2,detailed_2005_2021
500,2009-11-25,Bayern München,Maccabi Haifa,1,0,round : 5,A,Bayern Munich,Maccabi Haifa,1,0,False,2009,5,Group,H,1,1,detailed_2005_2021
501,2009-11-25,Bordeaux,Juventus,2,0,round : 5,A,Girondins Bordeaux,Juventus,2,0,False,2009,5,Group,H,1,2,detailed_2005_2021
502,2009-11-25,CSKA Moscow,VfL Wolfsburg,2,1,round : 5,B,CSKA Moskva,VfL Wolfsburg,2,1,False,2009,5,Group,H,1,1,detailed_2005_2021
503,2009-11-25,Manchester United,Beşiktaş,0,1,round : 5,B,Manchester United,Beşiktaş,0,1,False,2009,5,Group,A,0,-1,detailed_2005_2021
504,2009-11-25,Milan,Olympique de Marseille,1,1,round : 5,C,AC Milan,Olympique Marseille,1,1,False,2009,5,Group,D,0,0,detailed_2005_2021
505,2009-11-25,Real Madrid,FC Zürich,1,0,round : 5,C,Real Madrid,FC Zürich,1,0,False,2009,5,Group,H,1,1,detailed_2005_2021
506,2009-11-25,APOEL Nicosia,Atlético Madrid,1,1,round : 5,D,APOEL Nikosia,Atlético Madrid,1,1,False,2009,5,Group,D,0,0,detailed_2005_2021
507,2009-11-25,FC Porto,Chelsea,0,1,round : 5,D,FC Porto,Chelsea FC,0,1,False,2009,5,Group,A,0,-1,detailed_2005_2021
508,2009-11-24,Debreceni VSC,Liverpool,0,1,round : 5,E,Debreceni VSC,Liverpool FC,0,1,False,2009,5,Group,A,0,-1,detailed_2005_2021
509,2009-11-24,Fiorentina,Olympique Lyonnais,1,0,round : 5,E,ACF Fiorentina,Olympique Lyon,1,0,False,2009,5,Group,H,1,1,detailed_2005_2021
510,2009-11-24,Rubin Kazan,Dynamo Kyiv,0,0,round : 5,F,Rubin Kazan,Dinamo Kiev,0,0,False,2009,5,Group,D,0,0,detailed_2005_2021
511,2009-11-24,Barcelona,Inter,2,0,round : 5,F,FC Barcelona,Inter Milan,2,0,False,2009,5,Group,H,1,2,detailed_2005_2021
512,2009-11-24,Rangers,VfB Stuttgart,0,2,round : 5,G,Rangers FC,VfB Stuttgart,0,2,False,2009,5,Group,A,0,-2,detailed_2005_2021
513,2009-11-24,Unirea Urziceni,Sevilla,1,0,round : 5,G,FC Unirea,Sevilla FC,1,0,False,2009,5,Group,H,1,1,detailed_2005_2021
514,2009-11-24,Arsenal,Standard Liège,2,0,round : 5,H,Arsenal FC,Standard Liège,2,0,False,2009,5,Group,H,1,2,detailed_2005_2021
515,2009-11-24,AZ Alkmaar,Olympiacos,0,0,round : 5,H,AZ Alkmaar,Olympiakos Piraeus,0,0,False,2009,5,Group,D,0,0,detailed_2005_2021
516,2010-02-16,Milan,Manchester United,2,3,round : 18,,AC Milan,Manchester United,2,3,False,2009,18,Knockout,A,0,-1,detailed_2005_2021
517,2010-02-16,Olympique Lyonnais,Real Madrid,1,0,round : 18,,Olympique Lyon,Real Madrid,1,0,False,2009,18,Knockout,H,1,1,detailed_2005_2021
518,2010-02-17,Bayern München,Fiorentina,2,1,round : 18,,Bayern Munich,ACF Fiorentina,2,1,False,2009,18,Knockout,H,1,1,detailed_2005_2021
519,2010-02-17,FC Porto,Arsenal,2,1,round : 18,,FC Porto,Arsenal FC,2,1,False,2009,18,Knockout,H,1,1,detailed_2005_2021
520,2010-02-23,Olympiacos,Bordeaux,0,1,round : 18,,Olympiakos Piraeus,Girondins Bordeaux,0,1,False,2009,18,Knockout,A,0,-1,detailed_2005_2021
521,2010-02-23,VfB Stuttgart,Barcelona,1,1,round : 18,,VfB Stuttgart,FC Barcelona,1,1,False,2009,18,Knockout,D,0,0,detailed_2005_2021
522,2010-02-24,CSKA Moscow,Sevilla,1,1,round : 18,,CSKA Moskva,Sevilla FC,1,1,False,2009,18,Knockout,D,0,0,detailed_2005_2021
523,2010-02-24,Inter,Chelsea,2,1,round : 18,,Inter Milan,Chelsea FC,2,1,False,2009,18,Knockout,H,1,1,detailed_2005_2021
524,2010-03-09,Arsenal,FC Porto,5,0,round : 18,,Arsenal FC,FC Porto,5,0,False,2009,18,Knockout,H,1,5,detailed_2005_2021
525,2010-03-09,Fiorentina,Bayern München,3,2,round : 18,,ACF Fiorentina,Bayern Munich,3,2,False,2009,18,Knockout,H,1,1,detailed_2005_2021
526,2010-03-10,Manchester United,Milan,4,0,round : 18,,Manchester United,AC Milan,4,0,False,2009,18,Knockout,H,1,4,detailed_2005_2021
527,2010-03-10,Real Madrid,Olympique Lyonnais,1,1,round : 18,,Real Madrid,Olympique Lyon,1,1,False,2009,18,Knockout,D,0,0,detailed_2005_2021
528,2010-03-16,Chelsea,Inter,0,1,round : 18,,Chelsea FC,Inter Milan,0,1,False,2009,18,Knockout,A,0,-1,detailed_2005_2021
529,2010-03-16,Sevilla,CSKA Moscow,1,2,round : 18,,Sevilla FC,CSKA Moskva,1,2,False,2009,18,Knockout,A,0,-1,detailed_2005_2021
530,2010-03-17,Barcelona,VfB Stuttgart,4,0,round : 18,,FC Barcelona,VfB Stuttgart,4,0,False,2009,18,Knockout,H,1,4,detailed_2005_2021
531,2010-03-17,Bordeaux,Olympiacos,2,1,round : 18,,Girondins Bordeaux,Olympiakos Piraeus,2,1,False,2009,18,Knockout,H,1,1,detailed_2005_2021
532,2010-03-30,Bayern München,Manchester United,2,1,round : quarterfinals,,Bayern Munich,Manchester United,2,1,False,2009,quarterfinals,Knockout,H,1,1,detailed_2005_2021
533,2010-03-30,Olympique Lyonnais,Bordeaux,3,1,round : quarterfinals,,Olympique Lyon,Girondins Bordeaux,3,1,False,2009,quarterfinals,Knockout,H,1,2,detailed_2005_2021
534,2010-03-31,Arsenal,Barcelona,2,2,round : quarterfinals,,Arsenal FC,FC Barcelona,2,2,False,2009,quarterfinals,Knockout,D,0,0,detailed_2005_2021
535,2010-03-31,Inter,CSKA Moscow,1,0,round : quarterfinals,,Inter Milan,CSKA Moskva,1,0,False,2009,quarterfinals,Knockout,H,1,1,detailed_2005_2021
536,2010-04-06,CSKA Moscow,Inter,0,1,round : quarterfinals,,CSKA Moskva,Inter Milan,0,1,False,2009,quarterfinals,Knockout,A,0,-1,detailed_2005_2021
537,2010-04-06,Barcelona,Arsenal,4,1,round : quarterfinals,,FC Barcelona,Arsenal FC,4,1,False,2009,quarterfinals,Knockout,H,1,3,detailed_2005_2021
538,2010-04-07,Bordeaux,Olympique Lyonnais,1,0,round : quarterfinals,,Girondins Bordeaux,Olympique Lyon,1,0,False,2009,quarterfinals,Knockout,H,1,1,detailed_2005_2021
539,2010-04-07,Manchester United,Bayern München,3,2,round : quarterfinals,,Manchester United,Bayern Munich,3,2,False,2009,quarterfinals,Knockout,H,1,1,detailed_2005_2021
540,2010-04-20,Inter,Barcelona,3,1,round : semifinals,,Inter Milan,FC Barcelona,3,1,False,2009,semifinals,Knockout,H,1,2,detailed_2005_2021
541,2010-04-21,Bayern München,Olympique Lyonnais,1,0,round : semifinals,,Bayern Munich,Olympique Lyon,1,0,False,2009,semifinals,Knockout,H,1,1,detailed_2005_2021
542,2010-04-27,Olympique Lyonnais,Bayern München,0,3,round : semifinals,,Olympique Lyon,Bayern Munich,0,3,False,2009,semifinals,Knockout,A,0,-3,detailed_2005_2021
543,2010-04-28,Barcelona,Inter,1,0,round : semifinals,,FC Barcelona,Inter Milan,1,0,False,2009,semifinals,Knockout,H,1,1,detailed_2005_2021
544,2010-05-22,Bayern München,Inter,0,2,round : final,,Bayern Munich,Inter Milan,0,2,False,2009,final,Knockout,A,0,-2,detailed_2005_2021
545,2010-09-14,FC Twente,Inter,2,2,round : 1,A,FC Twente,Inter Milan,2,2,False,2010,1,Group,D,0,0,detailed_2005_2021
546,2010-09-14,Werder Bremen,Tottenham,2,2,round : 1,A,Werder Bremen,Tottenham Hotspur,2,2,False,2010,1,Group,D,0,0,detailed_2005_2021
547,2010-09-14,Olympique Lyonnais,FC Schalke 04,1,0,round : 1,B,Olympique Lyon,FC Schalke 04,1,0,False,2010,1,Group,H,1,1,detailed_2005_2021
548,2010-09-14,SL Benfica,Hapoel Tel Aviv,2,0,round : 1,B,SL Benfica,Hapoel Tel Aviv,2,0,False,2010,1,Group,H,1,2,detailed_2005_2021
549,2010-09-14,Bursaspor,Valencia,0,4,round : 1,C,Bursaspor,Valencia CF,0,4,False,2010,1,Group,A,0,-4,detailed_2005_2021
550,2010-09-14,Manchester United,Rangers,0,0,round : 1,C,Manchester United,Rangers FC,0,0,False,2010,1,Group,D,0,0,detailed_2005_2021
551,2010-09-14,Barcelona,Panathinaikos,5,1,round : 1,D,FC Barcelona,Panathinaikos,5,1,False,2010,1,Group,H,1,4,detailed_2005_2021
552,2010-09-14,FC København,Rubin Kazan,1,0,round : 1,D,FC København,Rubin Kazan,1,0,False,2010,1,Group,H,1,1,detailed_2005_2021
553,2010-09-15,Bayern München,Roma,2,0,round : 1,E,Bayern Munich,AS Roma,2,0,False,2010,1,Group,H,1,2,detailed_2005_2021
554,2010-09-15,CFR Cluj,FC Basel,2,1,round : 1,E,CFR Cluj,FC Basel,2,1,False,2010,1,Group,H,1,1,detailed_2005_2021
555,2010-09-15,MŠK Žilina,Chelsea,1,4,round : 1,F,MŠK Žilina,Chelsea FC,1,4,False,2010,1,Group,A,0,-3,detailed_2005_2021
556,2010-09-15,Olympique de Marseille,Spartak Moscow,0,1,round : 1,F,Olympique Marseille,Spartak Moskva,0,1,False,2010,1,Group,A,0,-1,detailed_2005_2021
557,2010-09-15,Milan,AJ Auxerre,2,0,round : 1,G,AC Milan,AJ Auxerre,2,0,False,2010,1,Group,H,1,2,detailed_2005_2021
558,2010-09-15,Real Madrid,Ajax,2,0,round : 1,G,Real Madrid,AFC Ajax,2,0,False,2010,1,Group,H,1,2,detailed_2005_2021
559,2010-09-15,Arsenal,Sporting Braga,6,0,round : 1,H,Arsenal FC,Sporting Braga,6,0,False,2010,1,Group,H,1,6,detailed_2005_2021
560,2010-09-15,Shakhtar Donetsk,FK Partizan,1,0,round : 1,H,Shakhtar Donetsk,Partizan,1,0,False,2010,1,Group,H,1,1,detailed_2005_2021
561,2010-09-29,Inter,Werder Bremen,4,0,round : 2,A,Inter Milan,Werder Bremen,4,0,False,2010,2,Group,H,1,4,detailed_2005_2021
562,2010-09-29,Tottenham,FC Twente,4,1,round : 2,A,Tottenham Hotspur,FC Twente,4,1,False,2010,2,Group,H,1,3,detailed_2005_2021
563,2010-09-29,FC Schalke 04,SL Benfica,2,0,round : 2,B,FC Schalke 04,SL Benfica,2,0,False,2010,2,Group,H,1,2,detailed_2005_2021
564,2010-09-29,Hapoel Tel Aviv,Olympique Lyonnais,1,3,round : 2,B,Hapoel Tel Aviv,Olympique Lyon,1,3,False,2010,2,Group,A,0,-2,detailed_2005_2021
565,2010-09-29,Rangers,Bursaspor,1,0,round : 2,C,Rangers FC,Bursaspor,1,0,False,2010,2,Group,H,1,1,detailed_2005_2021
566,2010-09-29,Valencia,Manchester United,0,1,round : 2,C,Valencia CF,Manchester United,0,1,False,2010,2,Group,A,0,-1,detailed_2005_2021
567,2010-09-29,Rubin Kazan,Barcelona,1,1,round : 2,D,Rubin Kazan,FC Barcelona,1,1,False,2010,2,Group,D,0,0,detailed_2005_2021
568,2010-09-29,Panathinaikos,FC København,0,2,round : 2,D,Panathinaikos,FC København,0,2,False,2010,2,Group,A,0,-2,detailed_2005_2021
569,2010-09-28,FC Basel,Bayern München,1,2,round : 2,E,FC Basel,Bayern Munich,1,2,False,2010,2,Group,A,0,-1,detailed_2005_2021
570,2010-09-28,Roma,CFR Cluj,2,1,round : 2,E,AS Roma,CFR Cluj,2,1,False,2010,2,Group,H,1,1,detailed_2005_2021
571,2010-09-28,Spartak Moscow,MŠK Žilina,3,0,round : 2,F,Spartak Moskva,MŠK Žilina,3,0,False,2010,2,Group,H,1,3,detailed_2005_2021
572,2010-09-28,Chelsea,Olympique de Marseille,2,0,round : 2,F,Chelsea FC,Olympique Marseille,2,0,False,2010,2,Group,H,1,2,detailed_2005_2021
573,2010-09-28,AJ Auxerre,Real Madrid,0,1,round : 2,G,AJ Auxerre,Real Madrid,0,1,False,2010,2,Group,A,0,-1,detailed_2005_2021
574,2010-09-28,Ajax,Milan,1,1,round : 2,G,AFC Ajax,AC Milan,1,1,False,2010,2,Group,D,0,0,detailed_2005_2021
575,2010-09-28,FK Partizan,Arsenal,1,3,round : 2,H,Partizan,Arsenal FC,1,3,False,2010,2,Group,A,0,-2,detailed_2005_2021
576,2010-09-28,Sporting Braga,Shakhtar Donetsk,0,3,round : 2,H,Sporting Braga,Shakhtar Donetsk,0,3,False,2010,2,Group,A,0,-3,detailed_2005_2021
577,2010-10-20,FC Twente,Werder Bremen,1,1,round : 3,A,FC Twente,Werder Bremen,1,1,False,2010,3,Group,D,0,0,detailed_2005_2021
578,2010-10-20,Inter,Tottenham,4,3,round : 3,A,Inter Milan,Tottenham Hotspur,4,3,False,2010,3,Group,H,1,1,detailed_2005_2021
579,2010-10-20,FC Schalke 04,Hapoel Tel Aviv,3,1,round : 3,B,FC Schalke 04,Hapoel Tel Aviv,3,1,False,2010,3,Group,H,1,2,detailed_2005_2021
580,2010-10-20,Olympique Lyonnais,SL Benfica,2,0,round : 3,B,Olympique Lyon,SL Benfica,2,0,False,2010,3,Group,H,1,2,detailed_2005_2021
581,2010-10-20,Manchester United,Bursaspor,1,0,round : 3,C,Manchester United,Bursaspor,1,0,False,2010,3,Group,H,1,1,detailed_2005_2021
582,2010-10-20,Rangers,Valencia,1,1,round : 3,C,Rangers FC,Valencia CF,1,1,False,2010,3,Group,D,0,0,detailed_2005_2021
583,2010-10-20,Barcelona,FC København,2,0,round : 3,D,FC Barcelona,FC København,2,0,False,2010,3,Group,H,1,2,detailed_2005_2021
584,2010-10-20,Panathinaikos,Rubin Kazan,0,0,round : 3,D,Panathinaikos,Rubin Kazan,0,0,False,2010,3,Group,D,0,0,detailed_2005_2021
585,2010-10-19,Bayern München,CFR Cluj,3,2,round : 3,E,Bayern Munich,CFR Cluj,3,2,False,2010,3,Group,H,1,1,detailed_2005_2021
586,2010-10-19,Roma,FC Basel,1,3,round : 3,E,AS Roma,FC Basel,1,3,False,2010,3,Group,A,0,-2,detailed_2005_2021
587,2010-10-19,Spartak Moscow,Chelsea,0,2,round : 3,F,Spartak Moskva,Chelsea FC,0,2,False,2010,3,Group,A,0,-2,detailed_2005_2021
588,2010-10-19,Olympique de Marseille,MŠK Žilina,1,0,round : 3,F,Olympique Marseille,MŠK Žilina,1,0,False,2010,3,Group,H,1,1,detailed_2005_2021
589,2010-10-19,Ajax,AJ Auxerre,2,1,round : 3,G,AFC Ajax,AJ Auxerre,2,1,False,2010,3,Group,H,1,1,detailed_2005_2021
590,2010-10-19,Real Madrid,Milan,2,0,round : 3,G,Real Madrid,AC Milan,2,0,False,2010,3,Group,H,1,2,detailed_2005_2021
591,2010-10-19,Arsenal,Shakhtar Donetsk,5,1,round : 3,H,Arsenal FC,Shakhtar Donetsk,5,1,False,2010,3,Group,H,1,4,detailed_2005_2021
592,2010-10-19,Sporting Braga,FK Partizan,2,0,round : 3,H,Sporting Braga,Partizan,2,0,False,2010,3,Group,H,1,2,detailed_2005_2021
593,2010-11-02,Tottenham,Inter,3,1,round : 4,A,Tottenham Hotspur,Inter Milan,3,1,False,2010,4,Group,H,1,2,detailed_2005_2021
594,2010-11-02,Werder Bremen,FC Twente,0,2,round : 4,A,Werder Bremen,FC Twente,0,2,False,2010,4,Group,A,0,-2,detailed_2005_2021
595,2010-11-02,Hapoel Tel Aviv,FC Schalke 04,0,0,round : 4,B,Hapoel Tel Aviv,FC Schalke 04,0,0,False,2010,4,Group,D,0,0,detailed_2005_2021
596,2010-11-02,SL Benfica,Olympique Lyonnais,4,3,round : 4,B,SL Benfica,Olympique Lyon,4,3,False,2010,4,Group,H,1,1,detailed_2005_2021
597,2010-11-02,Bursaspor,Manchester United,0,3,round : 4,C,Bursaspor,Manchester United,0,3,False,2010,4,Group,A,0,-3,detailed_2005_2021
598,2010-11-02,Valencia,Rangers,3,0,round : 4,C,Valencia CF,Rangers FC,3,0,False,2010,4,Group,H,1,3,detailed_2005_2021
599,2010-11-02,Rubin Kazan,Panathinaikos,0,0,round : 4,D,Rubin Kazan,Panathinaikos,0,0,False,2010,4,Group,D,0,0,detailed_2005_2021
600,2010-11-02,FC København,Barcelona,1,1,round : 4,D,FC København,FC Barcelona,1,1,False,2010,4,Group,D,0,0,detailed_2005_2021
601,2010-11-03,CFR Cluj,Bayern München,0,4,round : 4,E,CFR Cluj,Bayern Munich,0,4,False,2010,4,Group,A,0,-4,detailed_2005_2021
602,2010-11-03,FC Basel,Roma,2,3,round : 4,E,FC Basel,AS Roma,2,3,False,2010,4,Group,A,0,-1,detailed_2005_2021
603,2010-11-03,Chelsea,Spartak Moscow,4,1,round : 4,F,Chelsea FC,Spartak Moskva,4,1,False,2010,4,Group,H,1,3,detailed_2005_2021
604,2010-11-03,MŠK Žilina,Olympique de Marseille,0,7,round : 4,F,MŠK Žilina,Olympique Marseille,0,7,False,2010,4,Group,A,0,-7,detailed_2005_2021
605,2010-11-03,AJ Auxerre,Ajax,2,1,round : 4,G,AJ Auxerre,AFC Ajax,2,1,False,2010,4,Group,H,1,1,detailed_2005_2021
606,2010-11-03,Milan,Real Madrid,2,2,round : 4,G,AC Milan,Real Madrid,2,2,False,2010,4,Group,D,0,0,detailed_2005_2021
607,2010-11-03,FK Partizan,Sporting Braga,0,1,round : 4,H,Partizan,Sporting Braga,0,1,False,2010,4,Group,A,0,-1,detailed_2005_2021
608,2010-11-03,Shakhtar Donetsk,Arsenal,2,1,round : 4,H,Shakhtar Donetsk,Arsenal FC,2,1,False,2010,4,Group,H,1,1,detailed_2005_2021
609,2010-11-24,Inter,FC Twente,1,0,round : 5,A,Inter Milan,FC Twente,1,0,False,2010,5,Group,H,1,1,detailed_2005_2021
610,2010-11-24,Tottenham,Werder Bremen,3,0,round : 5,A,Tottenham Hotspur,Werder Bremen,3,0,False,2010,5,Group,H,1,3,detailed_2005_2021
611,2010-11-24,FC Schalke 04,Olympique Lyonnais,3,0,round : 5,B,FC Schalke 04,Olympique Lyon,3,0,False,2010,5,Group,H,1,3,detailed_2005_2021
612,2010-11-24,Hapoel Tel Aviv,SL Benfica,3,0,round : 5,B,Hapoel Tel Aviv,SL Benfica,3,0,False,2010,5,Group,H,1,3,detailed_2005_2021
613,2010-11-24,Rangers,Manchester United,0,1,round : 5,C,Rangers FC,Manchester United,0,1,False,2010,5,Group,A,0,-1,detailed_2005_2021
614,2010-11-24,Valencia,Bursaspor,6,1,round : 5,C,Valencia CF,Bursaspor,6,1,False,2010,5,Group,H,1,5,detailed_2005_2021
615,2010-11-24,Rubin Kazan,FC København,1,0,round : 5,D,Rubin Kazan,FC København,1,0,False,2010,5,Group,H,1,1,detailed_2005_2021
616,2010-11-24,Panathinaikos,Barcelona,0,3,round : 5,D,Panathinaikos,FC Barcelona,0,3,False,2010,5,Group,A,0,-3,detailed_2005_2021
617,2010-11-23,FC Basel,CFR Cluj,1,0,round : 5,E,FC Basel,CFR Cluj,1,0,False,2010,5,Group,H,1,1,detailed_2005_2021
618,2010-11-23,Roma,Bayern München,3,2,round : 5,E,AS Roma,Bayern Munich,3,2,False,2010,5,Group,H,1,1,detailed_2005_2021
619,2010-11-23,Spartak Moscow,Olympique de Marseille,0,3,round : 5,F,Spartak Moskva,Olympique Marseille,0,3,False,2010,5,Group,A,0,-3,detailed_2005_2021
620,2010-11-23,Chelsea,MŠK Žilina,2,1,round : 5,F,Chelsea FC,MŠK Žilina,2,1,False,2010,5,Group,H,1,1,detailed_2005_2021
621,2010-11-23,AJ Auxerre,Milan,0,2,round : 5,G,AJ Auxerre,AC Milan,0,2,False,2010,5,Group,A,0,-2,detailed_2005_2021
622,2010-11-23,Ajax,Real Madrid,0,4,round : 5,G,AFC Ajax,Real Madrid,0,4,False,2010,5,Group,A,0,-4,detailed_2005_2021
623,2010-11-23,FK Partizan,Shakhtar Donetsk,0,3,round : 5,H,Partizan,Shakhtar Donetsk,0,3,False,2010,5,Group,A,0,-3,detailed_2005_2021
624,2010-11-23,Sporting Braga,Arsenal,2,0,round : 5,H,Sporting Braga,Arsenal FC,2,0,False,2010,5,Group,H,1,2,detailed_2005_2021
625,2011-02-15,Milan,Tottenham,0,1,round : 18,,AC Milan,Tottenham Hotspur,0,1,False,2010,18,Knockout,A,0,-1,detailed_2005_2021
626,2011-02-15,Valencia,FC Schalke 04,1,1,round : 18,,Valencia CF,FC Schalke 04,1,1,False,2010,18,Knockout,D,0,0,detailed_2005_2021
627,2011-02-16,Arsenal,Barcelona,2,1,round : 18,,Arsenal FC,FC Barcelona,2,1,False,2010,18,Knockout,H,1,1,detailed_2005_2021
628,2011-02-16,Roma,Shakhtar Donetsk,2,3,round : 18,,AS Roma,Shakhtar Donetsk,2,3,False,2010,18,Knockout,A,0,-1,detailed_2005_2021
629,2011-02-22,FC København,Chelsea,0,2,round : 18,,FC København,Chelsea FC,0,2,False,2010,18,Knockout,A,0,-2,detailed_2005_2021
630,2011-02-22,Olympique Lyonnais,Real Madrid,1,1,round : 18,,Olympique Lyon,Real Madrid,1,1,False,2010,18,Knockout,D,0,0,detailed_2005_2021
631,2011-02-23,Inter,Bayern München,0,1,round : 18,,Inter Milan,Bayern Munich,0,1,False,2010,18,Knockout,A,0,-1,detailed_2005_2021
632,2011-02-23,Olympique de Marseille,Manchester United,0,0,round : 18,,Olympique Marseille,Manchester United,0,0,False,2010,18,Knockout,D,0,0,detailed_2005_2021
633,2011-03-08,Barcelona,Arsenal,3,1,round : 18,,FC Barcelona,Arsenal FC,3,1,False,2010,18,Knockout,H,1,2,detailed_2005_2021
634,2011-03-08,Shakhtar Donetsk,Roma,3,0,round : 18,,Shakhtar Donetsk,AS Roma,3,0,False,2010,18,Knockout,H,1,3,detailed_2005_2021
635,2011-03-09,FC Schalke 04,Valencia,3,1,round : 18,,FC Schalke 04,Valencia CF,3,1,False,2010,18,Knockout,H,1,2,detailed_2005_2021
636,2011-03-09,Tottenham,Milan,0,0,round : 18,,Tottenham Hotspur,AC Milan,0,0,False,2010,18,Knockout,D,0,0,detailed_2005_2021
637,2011-03-15,Bayern München,Inter,2,3,round : 18,,Bayern Munich,Inter Milan,2,3,False,2010,18,Knockout,A,0,-1,detailed_2005_2021
638,2011-03-15,Manchester United,Olympique de Marseille,2,1,round : 18,,Manchester United,Olympique Marseille,2,1,False,2010,18,Knockout,H,1,1,detailed_2005_2021
639,2011-03-16,Chelsea,FC København,0,0,round : 18,,Chelsea FC,FC København,0,0,False,2010,18,Knockout,D,0,0,detailed_2005_2021
640,2011-03-16,Real Madrid,Olympique Lyonnais,3,0,round : 18,,Real Madrid,Olympique Lyon,3,0,False,2010,18,Knockout,H,1,3,detailed_2005_2021
641,2011-04-05,Inter,FC Schalke 04,2,5,round : quarterfinals,,Inter Milan,FC Schalke 04,2,5,False,2010,quarterfinals,Knockout,A,0,-3,detailed_2005_2021
642,2011-04-05,Real Madrid,Tottenham,4,0,round : quarterfinals,,Real Madrid,Tottenham Hotspur,4,0,False,2010,quarterfinals,Knockout,H,1,4,detailed_2005_2021
643,2011-04-06,Barcelona,Shakhtar Donetsk,5,1,round : quarterfinals,,FC Barcelona,Shakhtar Donetsk,5,1,False,2010,quarterfinals,Knockout,H,1,4,detailed_2005_2021
644,2011-04-06,Chelsea,Manchester United,0,1,round : quarterfinals,,Chelsea FC,Manchester United,0,1,False,2010,quarterfinals,Knockout,A,0,-1,detailed_2005_2021
645,2011-04-12,Manchester United,Chelsea,2,1,round : quarterfinals,,Manchester United,Chelsea FC,2,1,False,2010,quarterfinals,Knockout,H,1,1,detailed_2005_2021
646,2011-04-12,Shakhtar Donetsk,Barcelona,0,1,round : quarterfinals,,Shakhtar Donetsk,FC Barcelona,0,1,False,2010,quarterfinals,Knockout,A,0,-1,detailed_2005_2021
647,2011-04-13,FC Schalke 04,Inter,2,1,round : quarterfinals,,FC Schalke 04,Inter Milan,2,1,False,2010,quarterfinals,Knockout,H,1,1,detailed_2005_2021
648,2011-04-13,Tottenham,Real Madrid,0,1,round : quarterfinals,,Tottenham Hotspur,Real Madrid,0,1,False,2010,quarterfinals,Knockout,A,0,-1,detailed_2005_2021
649,2011-04-26,FC Schalke 04,Manchester United,0,2,round : semifinals,,FC Schalke 04,Manchester United,0,2,False,2010,semifinals,Knockout,A,0,-2,detailed_2005_2021
650,2011-04-27,Real Madrid,Barcelona,0,2,round : semifinals,,Real Madrid,FC Barcelona,0,2,False,2010,semifinals,Knockout,A,0,-2,detailed_2005_2021
651,2011-05-03,Barcelona,Real Madrid,1,1,round : semifinals,,FC Barcelona,Real Madrid,1,1,False,2010,semifinals,Knockout,D,0,0,detailed_2005_2021
652,2011-05-04,Manchester United,FC Schalke 04,4,1,round : semifinals,,Manchester United,FC Schalke 04,4,1,False,2010,semifinals,Knockout,H,1,3,detailed_2005_2021
653,2011-05-28,Barcelona,Manchester United,3,1,round : final,,FC Barcelona,Manchester United,3,1,False,2010,final,Knockout,H,1,2,detailed_2005_2021
654,2011-09-14,Manchester City,Napoli,1,1,round : 1,A,Manchester City,SSC Napoli,1,1,False,2011,1,Group,D,0,0,detailed_2005_2021
655,2011-09-14,Villarreal,Bayern München,0,2,round : 1,A,Villarreal CF,Bayern Munich,0,2,False,2011,1,Group,A,0,-2,detailed_2005_2021
656,2011-09-14,Inter,Trabzonspor,0,1,round : 1,B,Inter Milan,Trabzonspor,0,1,False,2011,1,Group,A,0,-1,detailed_2005_2021
657,2011-09-14,Lille OSC,CSKA Moscow,2,2,round : 1,B,Lille OSC,CSKA Moskva,2,2,False,2011,1,Group,D,0,0,detailed_2005_2021
658,2011-09-14,FC Basel,SC Oțelul Galați,2,1,round : 1,C,FC Basel,Oţelul Galaţi,2,1,False,2011,1,Group,H,1,1,detailed_2005_2021
659,2011-09-14,SL Benfica,Manchester United,1,1,round : 1,C,SL Benfica,Manchester United,1,1,False,2011,1,Group,D,0,0,detailed_2005_2021
660,2011-09-14,Ajax,Olympique Lyonnais,0,0,round : 1,D,AFC Ajax,Olympique Lyon,0,0,False,2011,1,Group,D,0,0,detailed_2005_2021
661,2011-09-14,GNK Dinamo Zagreb,Real Madrid,0,1,round : 1,D,Dinamo Zagreb,Real Madrid,0,1,False,2011,1,Group,A,0,-1,detailed_2005_2021
662,2011-09-13,Chelsea,Bayer 04 Leverkusen,2,0,round : 1,E,Chelsea FC,Bayer Leverkusen,2,0,False,2011,1,Group,H,1,2,detailed_2005_2021
663,2011-09-13,KRC Genk,Valencia,0,0,round : 1,E,KRC Genk,Valencia CF,0,0,False,2011,1,Group,D,0,0,detailed_2005_2021
664,2011-09-13,Borussia Dortmund,Arsenal,1,1,round : 1,F,Borussia Dortmund,Arsenal FC,1,1,False,2011,1,Group,D,0,0,detailed_2005_2021
665,2011-09-13,Olympiacos,Olympique de Marseille,0,1,round : 1,F,Olympiakos Piraeus,Olympique Marseille,0,1,False,2011,1,Group,A,0,-1,detailed_2005_2021
666,2011-09-13,APOEL Nicosia,Zenit St. Petersburg,2,1,round : 1,G,APOEL Nikosia,Zenit St. Petersburg,2,1,False,2011,1,Group,H,1,1,detailed_2005_2021
667,2011-09-13,FC Porto,Shakhtar Donetsk,2,1,round : 1,G,FC Porto,Shakhtar Donetsk,2,1,False,2011,1,Group,H,1,1,detailed_2005_2021
668,2011-09-13,Barcelona,Milan,2,2,round : 1,H,FC Barcelona,AC Milan,2,2,False,2011,1,Group,D,0,0,detailed_2005_2021
669,2011-09-13,Viktoria Plzeň,BATE Borisov,1,1,round : 1,H,Viktoria Plzeň,BATE Borisov,1,1,False,2011,1,Group,D,0,0,detailed_2005_2021
670,2011-09-27,Bayern München,Manchester City,2,0,round : 2,A,Bayern Munich,Manchester City,2,0,False,2011,2,Group,H,1,2,detailed_2005_2021
671,2011-09-27,Napoli,Villarreal,2,0,round : 2,A,SSC Napoli,Villarreal CF,2,0,False,2011,2,Group,H,1,2,detailed_2005_2021
672,2011-09-27,CSKA Moscow,Inter,2,3,round : 2,B,CSKA Moskva,Inter Milan,2,3,False,2011,2,Group,A,0,-1,detailed_2005_2021
673,2011-09-27,Trabzonspor,Lille OSC,1,1,round : 2,B,Trabzonspor,Lille OSC,1,1,False,2011,2,Group,D,0,0,detailed_2005_2021
674,2011-09-27,Manchester United,FC Basel,3,3,round : 2,C,Manchester United,FC Basel,3,3,False,2011,2,Group,D,0,0,detailed_2005_2021
675,2011-09-27,SC Oțelul Galați,SL Benfica,0,1,round : 2,C,Oţelul Galaţi,SL Benfica,0,1,False,2011,2,Group,A,0,-1,detailed_2005_2021
676,2011-09-27,Olympique Lyonnais,GNK Dinamo Zagreb,2,0,round : 2,D,Olympique Lyon,Dinamo Zagreb,2,0,False,2011,2,Group,H,1,2,detailed_2005_2021
677,2011-09-27,Real Madrid,Ajax,3,0,round : 2,D,Real Madrid,AFC Ajax,3,0,False,2011,2,Group,H,1,3,detailed_2005_2021
678,2011-09-28,Bayer 04 Leverkusen,KRC Genk,2,0,round : 2,E,Bayer Leverkusen,KRC Genk,2,0,False,2011,2,Group,H,1,2,detailed_2005_2021
679,2011-09-28,Valencia,Chelsea,1,1,round : 2,E,Valencia CF,Chelsea FC,1,1,False,2011,2,Group,D,0,0,detailed_2005_2021
680,2011-09-28,Arsenal,Olympiacos,2,1,round : 2,F,Arsenal FC,Olympiakos Piraeus,2,1,False,2011,2,Group,H,1,1,detailed_2005_2021
681,2011-09-28,Olympique de Marseille,Borussia Dortmund,3,0,round : 2,F,Olympique Marseille,Borussia Dortmund,3,0,False,2011,2,Group,H,1,3,detailed_2005_2021
682,2011-09-28,Zenit St. Petersburg,FC Porto,3,1,round : 2,G,Zenit St. Petersburg,FC Porto,3,1,False,2011,2,Group,H,1,2,detailed_2005_2021
683,2011-09-28,Shakhtar Donetsk,APOEL Nicosia,1,1,round : 2,G,Shakhtar Donetsk,APOEL Nikosia,1,1,False,2011,2,Group,D,0,0,detailed_2005_2021
684,2011-09-28,BATE Borisov,Barcelona,0,5,round : 2,H,BATE Borisov,FC Barcelona,0,5,False,2011,2,Group,A,0,-5,detailed_2005_2021
685,2011-09-28,Milan,Viktoria Plzeň,2,0,round : 2,H,AC Milan,Viktoria Plzeň,2,0,False,2011,2,Group,H,1,2,detailed_2005_2021
686,2011-10-18,Manchester City,Villarreal,2,1,round : 3,A,Manchester City,Villarreal CF,2,1,False,2011,3,Group,H,1,1,detailed_2005_2021
687,2011-10-18,Napoli,Bayern München,1,1,round : 3,A,SSC Napoli,Bayern Munich,1,1,False,2011,3,Group,D,0,0,detailed_2005_2021
688,2011-10-18,CSKA Moscow,Trabzonspor,3,0,round : 3,B,CSKA Moskva,Trabzonspor,3,0,False,2011,3,Group,H,1,3,detailed_2005_2021
689,2011-10-18,Lille OSC,Inter,0,1,round : 3,B,Lille OSC,Inter Milan,0,1,False,2011,3,Group,A,0,-1,detailed_2005_2021
690,2011-10-18,FC Basel,SL Benfica,0,2,round : 3,C,FC Basel,SL Benfica,0,2,False,2011,3,Group,A,0,-2,detailed_2005_2021
691,2011-10-18,SC Oțelul Galați,Manchester United,0,2,round : 3,C,Oţelul Galaţi,Manchester United,0,2,False,2011,3,Group,A,0,-2,detailed_2005_2021
692,2011-10-18,GNK Dinamo Zagreb,Ajax,0,2,round : 3,D,Dinamo Zagreb,AFC Ajax,0,2,False,2011,3,Group,A,0,-2,detailed_2005_2021
693,2011-10-18,Real Madrid,Olympique Lyonnais,4,0,round : 3,D,Real Madrid,Olympique Lyon,4,0,False,2011,3,Group,H,1,4,detailed_2005_2021
694,2011-10-19,Bayer 04 Leverkusen,Valencia,2,1,round : 3,E,Bayer Leverkusen,Valencia CF,2,1,False,2011,3,Group,H,1,1,detailed_2005_2021
695,2011-10-19,Chelsea,KRC Genk,5,0,round : 3,E,Chelsea FC,KRC Genk,5,0,False,2011,3,Group,H,1,5,detailed_2005_2021
696,2011-10-19,Olympiacos,Borussia Dortmund,3,1,round : 3,F,Olympiakos Piraeus,Borussia Dortmund,3,1,False,2011,3,Group,H,1,2,detailed_2005_2021
697,2011-10-19,Olympique de Marseille,Arsenal,0,1,round : 3,F,Olympique Marseille,Arsenal FC,0,1,False,2011,3,Group,A,0,-1,detailed_2005_2021
698,2011-10-19,FC Porto,APOEL Nicosia,1,1,round : 3,G,FC Porto,APOEL Nikosia,1,1,False,2011,3,Group,D,0,0,detailed_2005_2021
699,2011-10-19,Shakhtar Donetsk,Zenit St. Petersburg,2,2,round : 3,G,Shakhtar Donetsk,Zenit St. Petersburg,2,2,False,2011,3,Group,D,0,0,detailed_2005_2021
700,2011-10-19,Barcelona,Viktoria Plzeň,2,0,round : 3,H,FC Barcelona,Viktoria Plzeň,2,0,False,2011,3,Group,H,1,2,detailed_2005_2021
701,2011-10-19,Milan,BATE Borisov,2,0,round : 3,H,AC Milan,BATE Borisov,2,0,False,2011,3,Group,H,1,2,detailed_2005_2021
702,2011-11-02,Bayern München,Napoli,3,2,round : 4,A,Bayern Munich,SSC Napoli,3,2,False,2011,4,Group,H,1,1,detailed_2005_2021
703,2011-11-02,Villarreal,Manchester City,0,3,round : 4,A,Villarreal CF,Manchester City,0,3,False,2011,4,Group,A,0,-3,detailed_2005_2021
704,2011-11-02,Inter,Lille OSC,2,1,round : 4,B,Inter Milan,Lille OSC,2,1,False,2011,4,Group,H,1,1,detailed_2005_2021
705,2011-11-02,Trabzonspor,CSKA Moscow,0,0,round : 4,B,Trabzonspor,CSKA Moskva,0,0,False,2011,4,Group,D,0,0,detailed_2005_2021
706,2011-11-02,Manchester United,SC Oțelul Galați,2,0,round : 4,C,Manchester United,Oţelul Galaţi,2,0,False,2011,4,Group,H,1,2,detailed_2005_2021
707,2011-11-02,SL Benfica,FC Basel,1,1,round : 4,C,SL Benfica,FC Basel,1,1,False,2011,4,Group,D,0,0,detailed_2005_2021
708,2011-11-02,Ajax,GNK Dinamo Zagreb,4,0,round : 4,D,AFC Ajax,Dinamo Zagreb,4,0,False,2011,4,Group,H,1,4,detailed_2005_2021
709,2011-11-02,Olympique Lyonnais,Real Madrid,0,2,round : 4,D,Olympique Lyon,Real Madrid,0,2,False,2011,4,Group,A,0,-2,detailed_2005_2021
710,2011-11-01,KRC Genk,Chelsea,1,1,round : 4,E,KRC Genk,Chelsea FC,1,1,False,2011,4,Group,D,0,0,detailed_2005_2021
711,2011-11-01,Valencia,Bayer 04 Leverkusen,3,1,round : 4,E,Valencia CF,Bayer Leverkusen,3,1,False,2011,4,Group,H,1,2,detailed_2005_2021
712,2011-11-01,Arsenal,Olympique de Marseille,0,0,round : 4,F,Arsenal FC,Olympique Marseille,0,0,False,2011,4,Group,D,0,0,detailed_2005_2021
713,2011-11-01,Borussia Dortmund,Olympiacos,1,0,round : 4,F,Borussia Dortmund,Olympiakos Piraeus,1,0,False,2011,4,Group,H,1,1,detailed_2005_2021
714,2011-11-01,Zenit St. Petersburg,Shakhtar Donetsk,1,0,round : 4,G,Zenit St. Petersburg,Shakhtar Donetsk,1,0,False,2011,4,Group,H,1,1,detailed_2005_2021
715,2011-11-01,APOEL Nicosia,FC Porto,2,1,round : 4,G,APOEL Nikosia,FC Porto,2,1,False,2011,4,Group,H,1,1,detailed_2005_2021
716,2011-11-01,BATE Borisov,Milan,1,1,round : 4,H,BATE Borisov,AC Milan,1,1,False,2011,4,Group,D,0,0,detailed_2005_2021
717,2011-11-01,Viktoria Plzeň,Barcelona,0,4,round : 4,H,Viktoria Plzeň,FC Barcelona,0,4,False,2011,4,Group,A,0,-4,detailed_2005_2021
718,2011-11-22,Bayern München,Villarreal,3,1,round : 5,A,Bayern Munich,Villarreal CF,3,1,False,2011,5,Group,H,1,2,detailed_2005_2021
719,2011-11-22,Napoli,Manchester City,2,1,round : 5,A,SSC Napoli,Manchester City,2,1,False,2011,5,Group,H,1,1,detailed_2005_2021
720,2011-11-22,CSKA Moscow,Lille OSC,0,2,round : 5,B,CSKA Moskva,Lille OSC,0,2,False,2011,5,Group,A,0,-2,detailed_2005_2021
721,2011-11-22,Trabzonspor,Inter,1,1,round : 5,B,Trabzonspor,Inter Milan,1,1,False,2011,5,Group,D,0,0,detailed_2005_2021
722,2011-11-22,Manchester United,SL Benfica,2,2,round : 5,C,Manchester United,SL Benfica,2,2,False,2011,5,Group,D,0,0,detailed_2005_2021
723,2011-11-22,SC Oțelul Galați,FC Basel,2,3,round : 5,C,Oţelul Galaţi,FC Basel,2,3,False,2011,5,Group,A,0,-1,detailed_2005_2021
724,2011-11-22,Olympique Lyonnais,Ajax,0,0,round : 5,D,Olympique Lyon,AFC Ajax,0,0,False,2011,5,Group,D,0,0,detailed_2005_2021
725,2011-11-22,Real Madrid,GNK Dinamo Zagreb,6,2,round : 5,D,Real Madrid,Dinamo Zagreb,6,2,False,2011,5,Group,H,1,4,detailed_2005_2021
726,2011-11-23,Bayer 04 Leverkusen,Chelsea,2,1,round : 5,E,Bayer Leverkusen,Chelsea FC,2,1,False,2011,5,Group,H,1,1,detailed_2005_2021
727,2011-11-23,Valencia,KRC Genk,7,0,round : 5,E,Valencia CF,KRC Genk,7,0,False,2011,5,Group,H,1,7,detailed_2005_2021
728,2011-11-23,Arsenal,Borussia Dortmund,2,1,round : 5,F,Arsenal FC,Borussia Dortmund,2,1,False,2011,5,Group,H,1,1,detailed_2005_2021
729,2011-11-23,Olympique de Marseille,Olympiacos,0,1,round : 5,F,Olympique Marseille,Olympiakos Piraeus,0,1,False,2011,5,Group,A,0,-1,detailed_2005_2021
730,2011-11-23,Zenit St. Petersburg,APOEL Nicosia,0,0,round : 5,G,Zenit St. Petersburg,APOEL Nikosia,0,0,False,2011,5,Group,D,0,0,detailed_2005_2021
731,2011-11-23,Shakhtar Donetsk,FC Porto,0,2,round : 5,G,Shakhtar Donetsk,FC Porto,0,2,False,2011,5,Group,A,0,-2,detailed_2005_2021
732,2011-11-23,BATE Borisov,Viktoria Plzeň,0,1,round : 5,H,BATE Borisov,Viktoria Plzeň,0,1,False,2011,5,Group,A,0,-1,detailed_2005_2021
733,2011-11-23,Milan,Barcelona,2,3,round : 5,H,AC Milan,FC Barcelona,2,3,False,2011,5,Group,A,0,-1,detailed_2005_2021
734,2012-02-14,Bayer 04 Leverkusen,Barcelona,1,3,round : 18,,Bayer Leverkusen,FC Barcelona,1,3,False,2011,18,Knockout,A,0,-2,detailed_2005_2021
735,2012-02-14,Olympique Lyonnais,APOEL Nicosia,1,0,round : 18,,Olympique Lyon,APOEL Nikosia,1,0,False,2011,18,Knockout,H,1,1,detailed_2005_2021
736,2012-02-15,Zenit St. Petersburg,SL Benfica,3,2,round : 18,,Zenit St. Petersburg,SL Benfica,3,2,False,2011,18,Knockout,H,1,1,detailed_2005_2021
737,2012-02-15,Milan,Arsenal,4,0,round : 18,,AC Milan,Arsenal FC,4,0,False,2011,18,Knockout,H,1,4,detailed_2005_2021
738,2012-02-21,CSKA Moscow,Real Madrid,1,1,round : 18,,CSKA Moskva,Real Madrid,1,1,False,2011,18,Knockout,D,0,0,detailed_2005_2021
739,2012-02-21,Napoli,Chelsea,3,1,round : 18,,SSC Napoli,Chelsea FC,3,1,False,2011,18,Knockout,H,1,2,detailed_2005_2021
740,2012-02-22,FC Basel,Bayern München,1,0,round : 18,,FC Basel,Bayern Munich,1,0,False,2011,18,Knockout,H,1,1,detailed_2005_2021
741,2012-02-22,Olympique de Marseille,Inter,1,0,round : 18,,Olympique Marseille,Inter Milan,1,0,False,2011,18,Knockout,H,1,1,detailed_2005_2021
742,2012-03-06,Arsenal,Milan,3,0,round : 18,,Arsenal FC,AC Milan,3,0,False,2011,18,Knockout,H,1,3,detailed_2005_2021
743,2012-03-06,SL Benfica,Zenit St. Petersburg,2,0,round : 18,,SL Benfica,Zenit St. Petersburg,2,0,False,2011,18,Knockout,H,1,2,detailed_2005_2021
744,2012-03-07,APOEL Nicosia,Olympique Lyonnais,1(0) (4),0(0) (3),round : 18,,APOEL Nikosia,Olympique Lyon,1,0,True,2011,18,Knockout,H,1,1,detailed_2005_2021
745,2012-03-07,Barcelona,Bayer 04 Leverkusen,7,1,round : 18,,FC Barcelona,Bayer Leverkusen,7,1,False,2011,18,Knockout,H,1,6,detailed_2005_2021
746,2012-03-13,Bayern München,FC Basel,7,0,round : 18,,Bayern Munich,FC Basel,7,0,False,2011,18,Knockout,H,1,7,detailed_2005_2021
747,2012-03-13,Inter,Olympique de Marseille,2,1,round : 18,,Inter Milan,Olympique Marseille,2,1,False,2011,18,Knockout,H,1,1,detailed_2005_2021
748,2012-03-14,Chelsea,Napoli,3(1),1(0),round : 18,,Chelsea FC,SSC Napoli,3,1,True,2011,18,Knockout,H,1,2,detailed_2005_2021
749,2012-03-14,Real Madrid,CSKA Moscow,4,1,round : 18,,Real Madrid,CSKA Moskva,4,1,False,2011,18,Knockout,H,1,3,detailed_2005_2021
750,2012-03-27,APOEL Nicosia,Real Madrid,0,3,round : quarterfinals,,APOEL Nikosia,Real Madrid,0,3,False,2011,quarterfinals,Knockout,A,0,-3,detailed_2005_2021
751,2012-03-27,SL Benfica,Chelsea,0,1,round : quarterfinals,,SL Benfica,Chelsea FC,0,1,False,2011,quarterfinals,Knockout,A,0,-1,detailed_2005_2021
752,2012-03-28,Milan,Barcelona,0,0,round : quarterfinals,,AC Milan,FC Barcelona,0,0,False,2011,quarterfinals,Knockout,D,0,0,detailed_2005_2021
753,2012-03-28,Olympique de Marseille,Bayern München,0,2,round : quarterfinals,,Olympique Marseille,Bayern Munich,0,2,False,2011,quarterfinals,Knockout,A,0,-2,detailed_2005_2021
754,2012-04-03,Barcelona,Milan,3,1,round : quarterfinals,,FC Barcelona,AC Milan,3,1,False,2011,quarterfinals,Knockout,H,1,2,detailed_2005_2021
755,2012-04-03,Bayern München,Olympique de Marseille,2,0,round : quarterfinals,,Bayern Munich,Olympique Marseille,2,0,False,2011,quarterfinals,Knockout,H,1,2,detailed_2005_2021
756,2012-04-04,Chelsea,SL Benfica,2,1,round : quarterfinals,,Chelsea FC,SL Benfica,2,1,False,2011,quarterfinals,Knockout,H,1,1,detailed_2005_2021
757,2012-04-04,Real Madrid,APOEL Nicosia,5,2,round : quarterfinals,,Real Madrid,APOEL Nikosia,5,2,False,2011,quarterfinals,Knockout,H,1,3,detailed_2005_2021
758,2012-04-17,Bayern München,Real Madrid,2,1,round : semifinals,,Bayern Munich,Real Madrid,2,1,False,2011,semifinals,Knockout,H,1,1,detailed_2005_2021
759,2012-04-18,Chelsea,Barcelona,1,0,round : semifinals,,Chelsea FC,FC Barcelona,1,0,False,2011,semifinals,Knockout,H,1,1,detailed_2005_2021
760,2012-04-24,Barcelona,Chelsea,2,2,round : semifinals,,FC Barcelona,Chelsea FC,2,2,False,2011,semifinals,Knockout,D,0,0,detailed_2005_2021
761,2012-04-25,Real Madrid,Bayern München,2(0) (1),1(0) (3),round : semifinals,,Real Madrid,Bayern Munich,2,1,True,2011,semifinals,Knockout,H,1,1,detailed_2005_2021
762,2012-05-19,Bayern München,Chelsea,1(0) (3),1(0) (4),round : final,,Bayern Munich,Chelsea FC,1,1,True,2011,final,Knockout,D,0,0,detailed_2005_2021
763,2012-09-18,GNK Dinamo Zagreb,FC Porto,0,2,round : 1,A,Dinamo Zagreb,FC Porto,0,2,False,2012,1,Group,A,0,-2,detailed_2005_2021
764,2012-09-18,Paris Saint-Germain,Dynamo Kyiv,4,1,round : 1,A,Paris Saint-Germain,Dinamo Kiev,4,1,False,2012,1,Group,H,1,3,detailed_2005_2021
765,2012-09-18,Montpellier,Arsenal,1,2,round : 1,B,Montpellier HSC,Arsenal FC,1,2,False,2012,1,Group,A,0,-1,detailed_2005_2021
766,2012-09-18,Olympiacos,FC Schalke 04,1,2,round : 1,B,Olympiakos Piraeus,FC Schalke 04,1,2,False,2012,1,Group,A,0,-1,detailed_2005_2021
767,2012-09-18,Málaga,Zenit St. Petersburg,3,0,round : 1,C,Málaga CF,Zenit St. Petersburg,3,0,False,2012,1,Group,H,1,3,detailed_2005_2021
768,2012-09-18,Milan,RSC Anderlecht,0,0,round : 1,C,AC Milan,RSC Anderlecht,0,0,False,2012,1,Group,D,0,0,detailed_2005_2021
769,2012-09-18,Borussia Dortmund,Ajax,1,0,round : 1,D,Borussia Dortmund,AFC Ajax,1,0,False,2012,1,Group,H,1,1,detailed_2005_2021
770,2012-09-18,Real Madrid,Manchester City,3,2,round : 1,D,Real Madrid,Manchester City,3,2,False,2012,1,Group,H,1,1,detailed_2005_2021
771,2012-09-19,Chelsea,Juventus,2,2,round : 1,E,Chelsea FC,Juventus,2,2,False,2012,1,Group,D,0,0,detailed_2005_2021
772,2012-09-19,Shakhtar Donetsk,FC Nordsjælland,2,0,round : 1,E,Shakhtar Donetsk,FC Nordsjælland,2,0,False,2012,1,Group,H,1,2,detailed_2005_2021
773,2012-09-19,Bayern München,Valencia,2,1,round : 1,F,Bayern Munich,Valencia CF,2,1,False,2012,1,Group,H,1,1,detailed_2005_2021
774,2012-09-19,Lille OSC,BATE Borisov,1,3,round : 1,F,Lille OSC,BATE Borisov,1,3,False,2012,1,Group,A,0,-2,detailed_2005_2021
775,2012-09-19,Barcelona,Spartak Moscow,3,2,round : 1,G,FC Barcelona,Spartak Moskva,3,2,False,2012,1,Group,H,1,1,detailed_2005_2021
776,2012-09-19,Celtic,SL Benfica,0,0,round : 1,G,Celtic FC,SL Benfica,0,0,False,2012,1,Group,D,0,0,detailed_2005_2021
777,2012-09-19,Manchester United,Galatasaray,1,0,round : 1,H,Manchester United,Galatasaray,1,0,False,2012,1,Group,H,1,1,detailed_2005_2021
778,2012-09-19,Sporting Braga,CFR Cluj,0,2,round : 1,H,Sporting Braga,CFR Cluj,0,2,False,2012,1,Group,A,0,-2,detailed_2005_2021
779,2012-10-03,Dynamo Kyiv,GNK Dinamo Zagreb,2,0,round : 2,A,Dinamo Kiev,Dinamo Zagreb,2,0,False,2012,2,Group,H,1,2,detailed_2005_2021
780,2012-10-03,FC Porto,Paris Saint-Germain,1,0,round : 2,A,FC Porto,Paris Saint-Germain,1,0,False,2012,2,Group,H,1,1,detailed_2005_2021
781,2012-10-03,Arsenal,Olympiacos,3,1,round : 2,B,Arsenal FC,Olympiakos Piraeus,3,1,False,2012,2,Group,H,1,2,detailed_2005_2021
782,2012-10-03,FC Schalke 04,Montpellier,2,2,round : 2,B,FC Schalke 04,Montpellier HSC,2,2,False,2012,2,Group,D,0,0,detailed_2005_2021
783,2012-10-03,Zenit St. Petersburg,Milan,2,3,round : 2,C,Zenit St. Petersburg,AC Milan,2,3,False,2012,2,Group,A,0,-1,detailed_2005_2021
784,2012-10-03,RSC Anderlecht,Málaga,0,3,round : 2,C,RSC Anderlecht,Málaga CF,0,3,False,2012,2,Group,A,0,-3,detailed_2005_2021
785,2012-10-03,Ajax,Real Madrid,1,4,round : 2,D,AFC Ajax,Real Madrid,1,4,False,2012,2,Group,A,0,-3,detailed_2005_2021
786,2012-10-03,Manchester City,Borussia Dortmund,1,1,round : 2,D,Manchester City,Borussia Dortmund,1,1,False,2012,2,Group,D,0,0,detailed_2005_2021
787,2012-10-02,FC Nordsjælland,Chelsea,0,4,round : 2,E,FC Nordsjælland,Chelsea FC,0,4,False,2012,2,Group,A,0,-4,detailed_2005_2021
788,2012-10-02,Juventus,Shakhtar Donetsk,1,1,round : 2,E,Juventus,Shakhtar Donetsk,1,1,False,2012,2,Group,D,0,0,detailed_2005_2021
789,2012-10-02,BATE Borisov,Bayern München,3,1,round : 2,F,BATE Borisov,Bayern Munich,3,1,False,2012,2,Group,H,1,2,detailed_2005_2021
790,2012-10-02,Valencia,Lille OSC,2,0,round : 2,F,Valencia CF,Lille OSC,2,0,False,2012,2,Group,H,1,2,detailed_2005_2021
791,2012-10-02,Spartak Moscow,Celtic,2,3,round : 2,G,Spartak Moskva,Celtic FC,2,3,False,2012,2,Group,A,0,-1,detailed_2005_2021
792,2012-10-02,SL Benfica,Barcelona,0,2,round : 2,G,SL Benfica,FC Barcelona,0,2,False,2012,2,Group,A,0,-2,detailed_2005_2021
793,2012-10-02,CFR Cluj,Manchester United,1,2,round : 2,H,CFR Cluj,Manchester United,1,2,False,2012,2,Group,A,0,-1,detailed_2005_2021
794,2012-10-02,Galatasaray,Sporting Braga,0,2,round : 2,H,Galatasaray,Sporting Braga,0,2,False,2012,2,Group,A,0,-2,detailed_2005_2021
795,2012-10-24,FC Porto,Dynamo Kyiv,3,2,round : 3,A,FC Porto,Dinamo Kiev,3,2,False,2012,3,Group,H,1,1,detailed_2005_2021
796,2012-10-24,GNK Dinamo Zagreb,Paris Saint-Germain,0,2,round : 3,A,Dinamo Zagreb,Paris Saint-Germain,0,2,False,2012,3,Group,A,0,-2,detailed_2005_2021
797,2012-10-24,Arsenal,FC Schalke 04,0,2,round : 3,B,Arsenal FC,FC Schalke 04,0,2,False,2012,3,Group,A,0,-2,detailed_2005_2021
798,2012-10-24,Montpellier,Olympiacos,1,2,round : 3,B,Montpellier HSC,Olympiakos Piraeus,1,2,False,2012,3,Group,A,0,-1,detailed_2005_2021
799,2012-10-24,Zenit St. Petersburg,RSC Anderlecht,1,0,round : 3,C,Zenit St. Petersburg,RSC Anderlecht,1,0,False,2012,3,Group,H,1,1,detailed_2005_2021
800,2012-10-24,Málaga,Milan,1,0,round : 3,C,Málaga CF,AC Milan,1,0,False,2012,3,Group,H,1,1,detailed_2005_2021
801,2012-10-24,Ajax,Manchester City,3,1,round : 3,D,AFC Ajax,Manchester City,3,1,False,2012,3,Group,H,1,2,detailed_2005_2021
802,2012-10-24,Borussia Dortmund,Real Madrid,2,1,round : 3,D,Borussia Dortmund,Real Madrid,2,1,False,2012,3,Group,H,1,1,detailed_2005_2021
803,2012-10-23,FC Nordsjælland,Juventus,1,1,round : 3,E,FC Nordsjælland,Juventus,1,1,False,2012,3,Group,D,0,0,detailed_2005_2021
804,2012-10-23,Shakhtar Donetsk,Chelsea,2,1,round : 3,E,Shakhtar Donetsk,Chelsea FC,2,1,False,2012,3,Group,H,1,1,detailed_2005_2021
805,2012-10-23,BATE Borisov,Valencia,0,3,round : 3,F,BATE Borisov,Valencia CF,0,3,False,2012,3,Group,A,0,-3,detailed_2005_2021
806,2012-10-23,Lille OSC,Bayern München,0,1,round : 3,F,Lille OSC,Bayern Munich,0,1,False,2012,3,Group,A,0,-1,detailed_2005_2021
807,2012-10-23,Spartak Moscow,SL Benfica,2,1,round : 3,G,Spartak Moskva,SL Benfica,2,1,False,2012,3,Group,H,1,1,detailed_2005_2021
808,2012-10-23,Barcelona,Celtic,2,1,round : 3,G,FC Barcelona,Celtic FC,2,1,False,2012,3,Group,H,1,1,detailed_2005_2021
809,2012-10-23,Galatasaray,CFR Cluj,1,1,round : 3,H,Galatasaray,CFR Cluj,1,1,False,2012,3,Group,D,0,0,detailed_2005_2021
810,2012-10-23,Manchester United,Sporting Braga,3,2,round : 3,H,Manchester United,Sporting Braga,3,2,False,2012,3,Group,H,1,1,detailed_2005_2021
811,2012-11-06,Dynamo Kyiv,FC Porto,0,0,round : 4,A,Dinamo Kiev,FC Porto,0,0,False,2012,4,Group,D,0,0,detailed_2005_2021
812,2012-11-06,Paris Saint-Germain,GNK Dinamo Zagreb,4,0,round : 4,A,Paris Saint-Germain,Dinamo Zagreb,4,0,False,2012,4,Group,H,1,4,detailed_2005_2021
813,2012-11-06,FC Schalke 04,Arsenal,2,2,round : 4,B,FC Schalke 04,Arsenal FC,2,2,False,2012,4,Group,D,0,0,detailed_2005_2021
814,2012-11-06,Olympiacos,Montpellier,3,1,round : 4,B,Olympiakos Piraeus,Montpellier HSC,3,1,False,2012,4,Group,H,1,2,detailed_2005_2021
815,2012-11-06,Milan,Málaga,1,1,round : 4,C,AC Milan,Málaga CF,1,1,False,2012,4,Group,D,0,0,detailed_2005_2021
816,2012-11-06,RSC Anderlecht,Zenit St. Petersburg,1,0,round : 4,C,RSC Anderlecht,Zenit St. Petersburg,1,0,False,2012,4,Group,H,1,1,detailed_2005_2021
817,2012-11-06,Manchester City,Ajax,2,2,round : 4,D,Manchester City,AFC Ajax,2,2,False,2012,4,Group,D,0,0,detailed_2005_2021
818,2012-11-06,Real Madrid,Borussia Dortmund,2,2,round : 4,D,Real Madrid,Borussia Dortmund,2,2,False,2012,4,Group,D,0,0,detailed_2005_2021
819,2012-11-07,Chelsea,Shakhtar Donetsk,3,2,round : 4,E,Chelsea FC,Shakhtar Donetsk,3,2,False,2012,4,Group,H,1,1,detailed_2005_2021
820,2012-11-07,Juventus,FC Nordsjælland,4,0,round : 4,E,Juventus,FC Nordsjælland,4,0,False,2012,4,Group,H,1,4,detailed_2005_2021
821,2012-11-07,Bayern München,Lille OSC,6,1,round : 4,F,Bayern Munich,Lille OSC,6,1,False,2012,4,Group,H,1,5,detailed_2005_2021
822,2012-11-07,Valencia,BATE Borisov,4,2,round : 4,F,Valencia CF,BATE Borisov,4,2,False,2012,4,Group,H,1,2,detailed_2005_2021
823,2012-11-07,Celtic,Barcelona,2,1,round : 4,G,Celtic FC,FC Barcelona,2,1,False,2012,4,Group,H,1,1,detailed_2005_2021
824,2012-11-07,SL Benfica,Spartak Moscow,2,0,round : 4,G,SL Benfica,Spartak Moskva,2,0,False,2012,4,Group,H,1,2,detailed_2005_2021
825,2012-11-07,CFR Cluj,Galatasaray,1,3,round : 4,H,CFR Cluj,Galatasaray,1,3,False,2012,4,Group,A,0,-2,detailed_2005_2021
826,2012-11-07,Sporting Braga,Manchester United,1,3,round : 4,H,Sporting Braga,Manchester United,1,3,False,2012,4,Group,A,0,-2,detailed_2005_2021
827,2012-11-21,Dynamo Kyiv,Paris Saint-Germain,0,2,round : 5,A,Dinamo Kiev,Paris Saint-Germain,0,2,False,2012,5,Group,A,0,-2,detailed_2005_2021
828,2012-11-21,FC Porto,GNK Dinamo Zagreb,3,0,round : 5,A,FC Porto,Dinamo Zagreb,3,0,False,2012,5,Group,H,1,3,detailed_2005_2021
829,2012-11-21,Arsenal,Montpellier,2,0,round : 5,B,Arsenal FC,Montpellier HSC,2,0,False,2012,5,Group,H,1,2,detailed_2005_2021
830,2012-11-21,FC Schalke 04,Olympiacos,1,0,round : 5,B,FC Schalke 04,Olympiakos Piraeus,1,0,False,2012,5,Group,H,1,1,detailed_2005_2021
831,2012-11-21,Zenit St. Petersburg,Málaga,2,2,round : 5,C,Zenit St. Petersburg,Málaga CF,2,2,False,2012,5,Group,D,0,0,detailed_2005_2021
832,2012-11-21,RSC Anderlecht,Milan,1,3,round : 5,C,RSC Anderlecht,AC Milan,1,3,False,2012,5,Group,A,0,-2,detailed_2005_2021
833,2012-11-21,Ajax,Borussia Dortmund,1,4,round : 5,D,AFC Ajax,Borussia Dortmund,1,4,False,2012,5,Group,A,0,-3,detailed_2005_2021
834,2012-11-21,Manchester City,Real Madrid,1,1,round : 5,D,Manchester City,Real Madrid,1,1,False,2012,5,Group,D,0,0,detailed_2005_2021
835,2012-11-20,FC Nordsjælland,Shakhtar Donetsk,2,5,round : 5,E,FC Nordsjælland,Shakhtar Donetsk,2,5,False,2012,5,Group,A,0,-3,detailed_2005_2021
836,2012-11-20,Juventus,Chelsea,3,0,round : 5,E,Juventus,Chelsea FC,3,0,False,2012,5,Group,H,1,3,detailed_2005_2021
837,2012-11-20,BATE Borisov,Lille OSC,0,2,round : 5,F,BATE Borisov,Lille OSC,0,2,False,2012,5,Group,A,0,-2,detailed_2005_2021
838,2012-11-20,Valencia,Bayern München,1,1,round : 5,F,Valencia CF,Bayern Munich,1,1,False,2012,5,Group,D,0,0,detailed_2005_2021
839,2012-11-20,Spartak Moscow,Barcelona,0,3,round : 5,G,Spartak Moskva,FC Barcelona,0,3,False,2012,5,Group,A,0,-3,detailed_2005_2021
840,2012-11-20,SL Benfica,Celtic,2,1,round : 5,G,SL Benfica,Celtic FC,2,1,False,2012,5,Group,H,1,1,detailed_2005_2021
841,2012-11-20,CFR Cluj,Sporting Braga,3,1,round : 5,H,CFR Cluj,Sporting Braga,3,1,False,2012,5,Group,H,1,2,detailed_2005_2021
842,2012-11-20,Galatasaray,Manchester United,1,0,round : 5,H,Galatasaray,Manchester United,1,0,False,2012,5,Group,H,1,1,detailed_2005_2021
843,2013-02-12,Celtic,Juventus,0,3,round : 18,,Celtic FC,Juventus,0,3,False,2012,18,Knockout,A,0,-3,detailed_2005_2021
844,2013-02-12,Valencia,Paris Saint-Germain,1,2,round : 18,,Valencia CF,Paris Saint-Germain,1,2,False,2012,18,Knockout,A,0,-1,detailed_2005_2021
845,2013-02-13,Real Madrid,Manchester United,1,1,round : 18,,Real Madrid,Manchester United,1,1,False,2012,18,Knockout,D,0,0,detailed_2005_2021
846,2013-02-13,Shakhtar Donetsk,Borussia Dortmund,2,2,round : 18,,Shakhtar Donetsk,Borussia Dortmund,2,2,False,2012,18,Knockout,D,0,0,detailed_2005_2021
847,2013-02-19,Arsenal,Bayern München,1,3,round : 18,,Arsenal FC,Bayern Munich,1,3,False,2012,18,Knockout,A,0,-2,detailed_2005_2021
848,2013-02-19,FC Porto,Málaga,1,0,round : 18,,FC Porto,Málaga CF,1,0,False,2012,18,Knockout,H,1,1,detailed_2005_2021
849,2013-02-20,Galatasaray,FC Schalke 04,1,1,round : 18,,Galatasaray,FC Schalke 04,1,1,False,2012,18,Knockout,D,0,0,detailed_2005_2021
850,2013-02-20,Milan,Barcelona,2,0,round : 18,,AC Milan,FC Barcelona,2,0,False,2012,18,Knockout,H,1,2,detailed_2005_2021
851,2013-03-05,Borussia Dortmund,Shakhtar Donetsk,3,0,round : 18,,Borussia Dortmund,Shakhtar Donetsk,3,0,False,2012,18,Knockout,H,1,3,detailed_2005_2021
852,2013-03-05,Manchester United,Real Madrid,1,2,round : 18,,Manchester United,Real Madrid,1,2,False,2012,18,Knockout,A,0,-1,detailed_2005_2021
853,2013-03-06,Juventus,Celtic,2,0,round : 18,,Juventus,Celtic FC,2,0,False,2012,18,Knockout,H,1,2,detailed_2005_2021
854,2013-03-06,Paris Saint-Germain,Valencia,1,1,round : 18,,Paris Saint-Germain,Valencia CF,1,1,False,2012,18,Knockout,D,0,0,detailed_2005_2021
855,2013-03-12,Barcelona,Milan,4,0,round : 18,,FC Barcelona,AC Milan,4,0,False,2012,18,Knockout,H,1,4,detailed_2005_2021
856,2013-03-12,FC Schalke 04,Galatasaray,2,3,round : 18,,FC Schalke 04,Galatasaray,2,3,False,2012,18,Knockout,A,0,-1,detailed_2005_2021
857,2013-03-13,Bayern München,Arsenal,0,2,round : 18,,Bayern Munich,Arsenal FC,0,2,False,2012,18,Knockout,A,0,-2,detailed_2005_2021
858,2013-03-13,Málaga,FC Porto,2,0,round : 18,,Málaga CF,FC Porto,2,0,False,2012,18,Knockout,H,1,2,detailed_2005_2021
859,2013-04-02,Bayern München,Juventus,2,0,round : quarterfinals,,Bayern Munich,Juventus,2,0,False,2012,quarterfinals,Knockout,H,1,2,detailed_2005_2021
860,2013-04-02,Paris Saint-Germain,Barcelona,2,2,round : quarterfinals,,Paris Saint-Germain,FC Barcelona,2,2,False,2012,quarterfinals,Knockout,D,0,0,detailed_2005_2021
861,2013-04-03,Málaga,Borussia Dortmund,0,0,round : quarterfinals,,Málaga CF,Borussia Dortmund,0,0,False,2012,quarterfinals,Knockout,D,0,0,detailed_2005_2021
862,2013-04-03,Real Madrid,Galatasaray,3,0,round : quarterfinals,,Real Madrid,Galatasaray,3,0,False,2012,quarterfinals,Knockout,H,1,3,detailed_2005_2021
863,2013-04-09,Borussia Dortmund,Málaga,3,2,round : quarterfinals,,Borussia Dortmund,Málaga CF,3,2,False,2012,quarterfinals,Knockout,H,1,1,detailed_2005_2021
864,2013-04-09,Galatasaray,Real Madrid,3,2,round : quarterfinals,,Galatasaray,Real Madrid,3,2,False,2012,quarterfinals,Knockout,H,1,1,detailed_2005_2021
865,2013-04-10,Barcelona,Paris Saint-Germain,1,1,round : quarterfinals,,FC Barcelona,Paris Saint-Germain,1,1,False,2012,quarterfinals,Knockout,D,0,0,detailed_2005_2021
866,2013-04-10,Juventus,Bayern München,0,2,round : quarterfinals,,Juventus,Bayern Munich,0,2,False,2012,quarterfinals,Knockout,A,0,-2,detailed_2005_2021
867,2013-04-23,Bayern München,Barcelona,4,0,round : semifinals,,Bayern Munich,FC Barcelona,4,0,False,2012,semifinals,Knockout,H,1,4,detailed_2005_2021
868,2013-04-24,Borussia Dortmund,Real Madrid,4,1,round : semifinals,,Borussia Dortmund,Real Madrid,4,1,False,2012,semifinals,Knockout,H,1,3,detailed_2005_2021
869,2013-04-30,Real Madrid,Borussia Dortmund,2,0,round : semifinals,,Real Madrid,Borussia Dortmund,2,0,False,2012,semifinals,Knockout,H,1,2,detailed_2005_2021
870,2013-05-01,Barcelona,Bayern München,0,3,round : semifinals,,FC Barcelona,Bayern Munich,0,3,False,2012,semifinals,Knockout,A,0,-3,detailed_2005_2021
871,2013-05-25,Borussia Dortmund,Bayern München,1,2,round : final,,Borussia Dortmund,Bayern Munich,1,2,False,2012,final,Knockout,A,0,-1,detailed_2005_2021
872,2013-09-17,Manchester United,Bayer 04 Leverkusen,4,2,round : 1,A,Manchester United,Bayer Leverkusen,4,2,False,2013,1,Group,H,1,2,detailed_2005_2021
873,2013-09-17,Real Sociedad,Shakhtar Donetsk,0,2,round : 1,A,Real Sociedad,Shakhtar Donetsk,0,2,False,2013,1,Group,A,0,-2,detailed_2005_2021
874,2013-09-17,FC København,Juventus,1,1,round : 1,B,FC København,Juventus,1,1,False,2013,1,Group,D,0,0,detailed_2005_2021
875,2013-09-17,Galatasaray,Real Madrid,1,6,round : 1,B,Galatasaray,Real Madrid,1,6,False,2013,1,Group,A,0,-5,detailed_2005_2021
876,2013-09-17,Olympiacos,Paris Saint-Germain,1,4,round : 1,C,Olympiakos Piraeus,Paris Saint-Germain,1,4,False,2013,1,Group,A,0,-3,detailed_2005_2021
877,2013-09-17,SL Benfica,RSC Anderlecht,2,0,round : 1,C,SL Benfica,RSC Anderlecht,2,0,False,2013,1,Group,H,1,2,detailed_2005_2021
878,2013-09-17,Bayern München,CSKA Moscow,3,0,round : 1,D,Bayern Munich,CSKA Moskva,3,0,False,2013,1,Group,H,1,3,detailed_2005_2021
879,2013-09-17,Viktoria Plzeň,Manchester City,0,3,round : 1,D,Viktoria Plzeň,Manchester City,0,3,False,2013,1,Group,A,0,-3,detailed_2005_2021
880,2013-09-18,Chelsea,FC Basel,1,2,round : 1,E,Chelsea FC,FC Basel,1,2,False,2013,1,Group,A,0,-1,detailed_2005_2021
881,2013-09-18,FC Schalke 04,FCSB,3,0,round : 1,E,FC Schalke 04,FCSB,3,0,False,2013,1,Group,H,1,3,detailed_2005_2021
882,2013-09-18,Napoli,Borussia Dortmund,2,1,round : 1,F,SSC Napoli,Borussia Dortmund,2,1,False,2013,1,Group,H,1,1,detailed_2005_2021
883,2013-09-18,Olympique de Marseille,Arsenal,1,2,round : 1,F,Olympique Marseille,Arsenal FC,1,2,False,2013,1,Group,A,0,-1,detailed_2005_2021
884,2013-09-18,Atlético Madrid,Zenit St. Petersburg,3,1,round : 1,G,Atlético Madrid,Zenit St. Petersburg,3,1,False,2013,1,Group,H,1,2,detailed_2005_2021
885,2013-09-18,Austria Wien,FC Porto,0,1,round : 1,G,Austria Wien,FC Porto,0,1,False,2013,1,Group,A,0,-1,detailed_2005_2021
886,2013-09-18,Barcelona,Ajax,4,0,round : 1,H,FC Barcelona,AFC Ajax,4,0,False,2013,1,Group,H,1,4,detailed_2005_2021
887,2013-09-18,Milan,Celtic,2,0,round : 1,H,AC Milan,Celtic FC,2,0,False,2013,1,Group,H,1,2,detailed_2005_2021
888,2013-10-02,Bayer 04 Leverkusen,Real Sociedad,2,1,round : 2,A,Bayer Leverkusen,Real Sociedad,2,1,False,2013,2,Group,H,1,1,detailed_2005_2021
889,2013-10-02,Shakhtar Donetsk,Manchester United,1,1,round : 2,A,Shakhtar Donetsk,Manchester United,1,1,False,2013,2,Group,D,0,0,detailed_2005_2021
890,2013-10-02,Juventus,Galatasaray,2,2,round : 2,B,Juventus,Galatasaray,2,2,False,2013,2,Group,D,0,0,detailed_2005_2021
891,2013-10-02,Real Madrid,FC København,4,0,round : 2,B,Real Madrid,FC København,4,0,False,2013,2,Group,H,1,4,detailed_2005_2021
892,2013-10-02,Paris Saint-Germain,SL Benfica,3,0,round : 2,C,Paris Saint-Germain,SL Benfica,3,0,False,2013,2,Group,H,1,3,detailed_2005_2021
893,2013-10-02,RSC Anderlecht,Olympiacos,0,3,round : 2,C,RSC Anderlecht,Olympiakos Piraeus,0,3,False,2013,2,Group,A,0,-3,detailed_2005_2021
894,2013-10-02,CSKA Moscow,Viktoria Plzeň,3,2,round : 2,D,CSKA Moskva,Viktoria Plzeň,3,2,False,2013,2,Group,H,1,1,detailed_2005_2021
895,2013-10-02,Manchester City,Bayern München,1,3,round : 2,D,Manchester City,Bayern Munich,1,3,False,2013,2,Group,A,0,-2,detailed_2005_2021
896,2013-10-01,FC Basel,FC Schalke 04,0,1,round : 2,E,FC Basel,FC Schalke 04,0,1,False,2013,2,Group,A,0,-1,detailed_2005_2021
897,2013-10-01,FCSB,Chelsea,0,4,round : 2,E,FCSB,Chelsea FC,0,4,False,2013,2,Group,A,0,-4,detailed_2005_2021
898,2013-10-01,Arsenal,Napoli,2,0,round : 2,F,Arsenal FC,SSC Napoli,2,0,False,2013,2,Group,H,1,2,detailed_2005_2021
899,2013-10-01,Borussia Dortmund,Olympique de Marseille,3,0,round : 2,F,Borussia Dortmund,Olympique Marseille,3,0,False,2013,2,Group,H,1,3,detailed_2005_2021
900,2013-10-01,Zenit St. Petersburg,Austria Wien,0,0,round : 2,G,Zenit St. Petersburg,Austria Wien,0,0,False,2013,2,Group,D,0,0,detailed_2005_2021
901,2013-10-01,FC Porto,Atlético Madrid,1,2,round : 2,G,FC Porto,Atlético Madrid,1,2,False,2013,2,Group,A,0,-1,detailed_2005_2021
902,2013-10-01,Ajax,Milan,1,1,round : 2,H,AFC Ajax,AC Milan,1,1,False,2013,2,Group,D,0,0,detailed_2005_2021
903,2013-10-01,Celtic,Barcelona,0,1,round : 2,H,Celtic FC,FC Barcelona,0,1,False,2013,2,Group,A,0,-1,detailed_2005_2021
904,2013-10-23,Bayer 04 Leverkusen,Shakhtar Donetsk,4,0,round : 3,A,Bayer Leverkusen,Shakhtar Donetsk,4,0,False,2013,3,Group,H,1,4,detailed_2005_2021
905,2013-10-23,Manchester United,Real Sociedad,1,0,round : 3,A,Manchester United,Real Sociedad,1,0,False,2013,3,Group,H,1,1,detailed_2005_2021
906,2013-10-23,Galatasaray,FC København,3,1,round : 3,B,Galatasaray,FC København,3,1,False,2013,3,Group,H,1,2,detailed_2005_2021
907,2013-10-23,Real Madrid,Juventus,2,1,round : 3,B,Real Madrid,Juventus,2,1,False,2013,3,Group,H,1,1,detailed_2005_2021
908,2013-10-23,RSC Anderlecht,Paris Saint-Germain,0,5,round : 3,C,RSC Anderlecht,Paris Saint-Germain,0,5,False,2013,3,Group,A,0,-5,detailed_2005_2021
909,2013-10-23,SL Benfica,Olympiacos,1,1,round : 3,C,SL Benfica,Olympiakos Piraeus,1,1,False,2013,3,Group,D,0,0,detailed_2005_2021
910,2013-10-23,CSKA Moscow,Manchester City,1,2,round : 3,D,CSKA Moskva,Manchester City,1,2,False,2013,3,Group,A,0,-1,detailed_2005_2021
911,2013-10-23,Bayern München,Viktoria Plzeň,5,0,round : 3,D,Bayern Munich,Viktoria Plzeň,5,0,False,2013,3,Group,H,1,5,detailed_2005_2021
912,2013-10-22,FCSB,FC Basel,1,1,round : 3,E,FCSB,FC Basel,1,1,False,2013,3,Group,D,0,0,detailed_2005_2021
913,2013-10-22,FC Schalke 04,Chelsea,0,3,round : 3,E,FC Schalke 04,Chelsea FC,0,3,False,2013,3,Group,A,0,-3,detailed_2005_2021
914,2013-10-22,Arsenal,Borussia Dortmund,1,2,round : 3,F,Arsenal FC,Borussia Dortmund,1,2,False,2013,3,Group,A,0,-1,detailed_2005_2021
915,2013-10-22,Olympique de Marseille,Napoli,1,2,round : 3,F,Olympique Marseille,SSC Napoli,1,2,False,2013,3,Group,A,0,-1,detailed_2005_2021
916,2013-10-22,Austria Wien,Atlético Madrid,0,3,round : 3,G,Austria Wien,Atlético Madrid,0,3,False,2013,3,Group,A,0,-3,detailed_2005_2021
917,2013-10-22,FC Porto,Zenit St. Petersburg,0,1,round : 3,G,FC Porto,Zenit St. Petersburg,0,1,False,2013,3,Group,A,0,-1,detailed_2005_2021
918,2013-10-22,Celtic,Ajax,2,1,round : 3,H,Celtic FC,AFC Ajax,2,1,False,2013,3,Group,H,1,1,detailed_2005_2021
919,2013-10-22,Milan,Barcelona,1,1,round : 3,H,AC Milan,FC Barcelona,1,1,False,2013,3,Group,D,0,0,detailed_2005_2021
920,2013-11-05,Real Sociedad,Manchester United,0,0,round : 4,A,Real Sociedad,Manchester United,0,0,False,2013,4,Group,D,0,0,detailed_2005_2021
921,2013-11-05,Shakhtar Donetsk,Bayer 04 Leverkusen,0,0,round : 4,A,Shakhtar Donetsk,Bayer Leverkusen,0,0,False,2013,4,Group,D,0,0,detailed_2005_2021
922,2013-11-05,FC København,Galatasaray,1,0,round : 4,B,FC København,Galatasaray,1,0,False,2013,4,Group,H,1,1,detailed_2005_2021
923,2013-11-05,Juventus,Real Madrid,2,2,round : 4,B,Juventus,Real Madrid,2,2,False,2013,4,Group,D,0,0,detailed_2005_2021
924,2013-11-05,Olympiacos,SL Benfica,1,0,round : 4,C,Olympiakos Piraeus,SL Benfica,1,0,False,2013,4,Group,H,1,1,detailed_2005_2021
925,2013-11-05,Paris Saint-Germain,RSC Anderlecht,1,1,round : 4,C,Paris Saint-Germain,RSC Anderlecht,1,1,False,2013,4,Group,D,0,0,detailed_2005_2021
926,2013-11-05,Manchester City,CSKA Moscow,5,2,round : 4,D,Manchester City,CSKA Moskva,5,2,False,2013,4,Group,H,1,3,detailed_2005_2021
927,2013-11-05,Viktoria Plzeň,Bayern München,0,1,round : 4,D,Viktoria Plzeň,Bayern Munich,0,1,False,2013,4,Group,A,0,-1,detailed_2005_2021
928,2013-11-06,Chelsea,FC Schalke 04,3,0,round : 4,E,Chelsea FC,FC Schalke 04,3,0,False,2013,4,Group,H,1,3,detailed_2005_2021
929,2013-11-06,FC Basel,FCSB,1,1,round : 4,E,FC Basel,FCSB,1,1,False,2013,4,Group,D,0,0,detailed_2005_2021
930,2013-11-06,Borussia Dortmund,Arsenal,0,1,round : 4,F,Borussia Dortmund,Arsenal FC,0,1,False,2013,4,Group,A,0,-1,detailed_2005_2021
931,2013-11-06,Napoli,Olympique de Marseille,3,2,round : 4,F,SSC Napoli,Olympique Marseille,3,2,False,2013,4,Group,H,1,1,detailed_2005_2021
932,2013-11-06,Zenit St. Petersburg,FC Porto,1,1,round : 4,G,Zenit St. Petersburg,FC Porto,1,1,False,2013,4,Group,D,0,0,detailed_2005_2021
933,2013-11-06,Atlético Madrid,Austria Wien,4,0,round : 4,G,Atlético Madrid,Austria Wien,4,0,False,2013,4,Group,H,1,4,detailed_2005_2021
934,2013-11-06,Ajax,Celtic,1,0,round : 4,H,AFC Ajax,Celtic FC,1,0,False,2013,4,Group,H,1,1,detailed_2005_2021
935,2013-11-06,Barcelona,Milan,3,1,round : 4,H,FC Barcelona,AC Milan,3,1,False,2013,4,Group,H,1,2,detailed_2005_2021
936,2013-11-27,Bayer 04 Leverkusen,Manchester United,0,5,round : 5,A,Bayer Leverkusen,Manchester United,0,5,False,2013,5,Group,A,0,-5,detailed_2005_2021
937,2013-11-27,Shakhtar Donetsk,Real Sociedad,4,0,round : 5,A,Shakhtar Donetsk,Real Sociedad,4,0,False,2013,5,Group,H,1,4,detailed_2005_2021
938,2013-11-27,Juventus,FC København,3,1,round : 5,B,Juventus,FC København,3,1,False,2013,5,Group,H,1,2,detailed_2005_2021
939,2013-11-27,Real Madrid,Galatasaray,4,1,round : 5,B,Real Madrid,Galatasaray,4,1,False,2013,5,Group,H,1,3,detailed_2005_2021
940,2013-11-27,Paris Saint-Germain,Olympiacos,2,1,round : 5,C,Paris Saint-Germain,Olympiakos Piraeus,2,1,False,2013,5,Group,H,1,1,detailed_2005_2021
941,2013-11-27,RSC Anderlecht,SL Benfica,2,3,round : 5,C,RSC Anderlecht,SL Benfica,2,3,False,2013,5,Group,A,0,-1,detailed_2005_2021
942,2013-11-27,CSKA Moscow,Bayern München,1,3,round : 5,D,CSKA Moskva,Bayern Munich,1,3,False,2013,5,Group,A,0,-2,detailed_2005_2021
943,2013-11-27,Manchester City,Viktoria Plzeň,4,2,round : 5,D,Manchester City,Viktoria Plzeň,4,2,False,2013,5,Group,H,1,2,detailed_2005_2021
944,2013-11-26,FC Basel,Chelsea,1,0,round : 5,E,FC Basel,Chelsea FC,1,0,False,2013,5,Group,H,1,1,detailed_2005_2021
945,2013-11-26,FCSB,FC Schalke 04,0,0,round : 5,E,FCSB,FC Schalke 04,0,0,False,2013,5,Group,D,0,0,detailed_2005_2021
946,2013-11-26,Arsenal,Olympique de Marseille,2,0,round : 5,F,Arsenal FC,Olympique Marseille,2,0,False,2013,5,Group,H,1,2,detailed_2005_2021
947,2013-11-26,Borussia Dortmund,Napoli,3,1,round : 5,F,Borussia Dortmund,SSC Napoli,3,1,False,2013,5,Group,H,1,2,detailed_2005_2021
948,2013-11-26,Zenit St. Petersburg,Atlético Madrid,1,1,round : 5,G,Zenit St. Petersburg,Atlético Madrid,1,1,False,2013,5,Group,D,0,0,detailed_2005_2021
949,2013-11-26,FC Porto,Austria Wien,1,1,round : 5,G,FC Porto,Austria Wien,1,1,False,2013,5,Group,D,0,0,detailed_2005_2021
950,2013-11-26,Ajax,Barcelona,2,1,round : 5,H,AFC Ajax,FC Barcelona,2,1,False,2013,5,Group,H,1,1,detailed_2005_2021
951,2013-11-26,Celtic,Milan,0,3,round : 5,H,Celtic FC,AC Milan,0,3,False,2013,5,Group,A,0,-3,detailed_2005_2021
952,2014-02-18,Bayer 04 Leverkusen,Paris Saint-Germain,0,4,round : 18,,Bayer Leverkusen,Paris Saint-Germain,0,4,False,2013,18,Knockout,A,0,-4,detailed_2005_2021
953,2014-02-18,Manchester City,Barcelona,0,2,round : 18,,Manchester City,FC Barcelona,0,2,False,2013,18,Knockout,A,0,-2,detailed_2005_2021
954,2014-02-19,Arsenal,Bayern München,0,2,round : 18,,Arsenal FC,Bayern Munich,0,2,False,2013,18,Knockout,A,0,-2,detailed_2005_2021
955,2014-02-19,Milan,Atlético Madrid,0,1,round : 18,,AC Milan,Atlético Madrid,0,1,False,2013,18,Knockout,A,0,-1,detailed_2005_2021
956,2014-02-25,Zenit St. Petersburg,Borussia Dortmund,2,4,round : 18,,Zenit St. Petersburg,Borussia Dortmund,2,4,False,2013,18,Knockout,A,0,-2,detailed_2005_2021
957,2014-02-25,Olympiacos,Manchester United,2,0,round : 18,,Olympiakos Piraeus,Manchester United,2,0,False,2013,18,Knockout,H,1,2,detailed_2005_2021
958,2014-02-26,FC Schalke 04,Real Madrid,1,6,round : 18,,FC Schalke 04,Real Madrid,1,6,False,2013,18,Knockout,A,0,-5,detailed_2005_2021
959,2014-02-26,Galatasaray,Chelsea,1,1,round : 18,,Galatasaray,Chelsea FC,1,1,False,2013,18,Knockout,D,0,0,detailed_2005_2021
960,2014-03-11,Atlético Madrid,Milan,4,1,round : 18,,Atlético Madrid,AC Milan,4,1,False,2013,18,Knockout,H,1,3,detailed_2005_2021
961,2014-03-11,Bayern München,Arsenal,1,1,round : 18,,Bayern Munich,Arsenal FC,1,1,False,2013,18,Knockout,D,0,0,detailed_2005_2021
962,2014-03-12,Barcelona,Manchester City,2,1,round : 18,,FC Barcelona,Manchester City,2,1,False,2013,18,Knockout,H,1,1,detailed_2005_2021
963,2014-03-12,Paris Saint-Germain,Bayer 04 Leverkusen,2,1,round : 18,,Paris Saint-Germain,Bayer Leverkusen,2,1,False,2013,18,Knockout,H,1,1,detailed_2005_2021
964,2014-03-18,Chelsea,Galatasaray,2,0,round : 18,,Chelsea FC,Galatasaray,2,0,False,2013,18,Knockout,H,1,2,detailed_2005_2021
965,2014-03-18,Real Madrid,FC Schalke 04,3,1,round : 18,,Real Madrid,FC Schalke 04,3,1,False,2013,18,Knockout,H,1,2,detailed_2005_2021
966,2014-03-19,Borussia Dortmund,Zenit St. Petersburg,1,2,round : 18,,Borussia Dortmund,Zenit St. Petersburg,1,2,False,2013,18,Knockout,A,0,-1,detailed_2005_2021
967,2014-03-19,Manchester United,Olympiacos,3,0,round : 18,,Manchester United,Olympiakos Piraeus,3,0,False,2013,18,Knockout,H,1,3,detailed_2005_2021
968,2014-04-01,Barcelona,Atlético Madrid,1,1,round : quarterfinals,,FC Barcelona,Atlético Madrid,1,1,False,2013,quarterfinals,Knockout,D,0,0,detailed_2005_2021
969,2014-04-01,Manchester United,Bayern München,1,1,round : quarterfinals,,Manchester United,Bayern Munich,1,1,False,2013,quarterfinals,Knockout,D,0,0,detailed_2005_2021
970,2014-04-02,Paris Saint-Germain,Chelsea,3,1,round : quarterfinals,,Paris Saint-Germain,Chelsea FC,3,1,False,2013,quarterfinals,Knockout,H,1,2,detailed_2005_2021
971,2014-04-02,Real Madrid,Borussia Dortmund,3,0,round : quarterfinals,,Real Madrid,Borussia Dortmund,3,0,False,2013,quarterfinals,Knockout,H,1,3,detailed_2005_2021
972,2014-04-08,Borussia Dortmund,Real Madrid,2,0,round : quarterfinals,,Borussia Dortmund,Real Madrid,2,0,False,2013,quarterfinals,Knockout,H,1,2,detailed_2005_2021
973,2014-04-08,Chelsea,Paris Saint-Germain,2,0,round : quarterfinals,,Chelsea FC,Paris Saint-Germain,2,0,False,2013,quarterfinals,Knockout,H,1,2,detailed_2005_2021
974,2014-04-09,Atlético Madrid,Barcelona,1,0,round : quarterfinals,,Atlético Madrid,FC Barcelona,1,0,False,2013,quarterfinals,Knockout,H,1,1,detailed_2005_2021
975,2014-04-09,Bayern München,Manchester United,3,1,round : quarterfinals,,Bayern Munich,Manchester United,3,1,False,2013,quarterfinals,Knockout,H,1,2,detailed_2005_2021
976,2014-04-22,Atlético Madrid,Chelsea,0,0,round : semifinals,,Atlético Madrid,Chelsea FC,0,0,False,2013,semifinals,Knockout,D,0,0,detailed_2005_2021
977,2014-04-23,Real Madrid,Bayern München,1,0,round : semifinals,,Real Madrid,Bayern Munich,1,0,False,2013,semifinals,Knockout,H,1,1,detailed_2005_2021
978,2014-04-29,Bayern München,Real Madrid,0,4,round : semifinals,,Bayern Munich,Real Madrid,0,4,False,2013,semifinals,Knockout,A,0,-4,detailed_2005_2021
979,2014-04-30,Chelsea,Atlético Madrid,1,3,round : semifinals,,Chelsea FC,Atlético Madrid,1,3,False,2013,semifinals,Knockout,A,0,-2,detailed_2005_2021
980,2014-05-24,Real Madrid,Atlético Madrid,1(3),1(0),round : final,,Real Madrid,Atlético Madrid,1,1,True,2013,final,Knockout,D,0,0,detailed_2005_2021
981,2014-09-16,Juventus,Malmö FF,2,0,round : 1,A,Juventus,Malmö FF,2,0,False,2014,1,Group,H,1,2,detailed_2005_2021
982,2014-09-16,Olympiacos,Atlético Madrid,3,2,round : 1,A,Olympiakos Piraeus,Atlético Madrid,3,2,False,2014,1,Group,H,1,1,detailed_2005_2021
983,2014-09-16,Liverpool,Ludogorets Razgrad,2,1,round : 1,B,Liverpool FC,PFC Ludogorets Razgrad,2,1,False,2014,1,Group,H,1,1,detailed_2005_2021
984,2014-09-16,Real Madrid,FC Basel,5,1,round : 1,B,Real Madrid,FC Basel,5,1,False,2014,1,Group,H,1,4,detailed_2005_2021
985,2014-09-16,AS Monaco,Bayer 04 Leverkusen,1,0,round : 1,C,AS Monaco,Bayer Leverkusen,1,0,False,2014,1,Group,H,1,1,detailed_2005_2021
986,2014-09-16,SL Benfica,Zenit St. Petersburg,0,2,round : 1,C,SL Benfica,Zenit St. Petersburg,0,2,False,2014,1,Group,A,0,-2,detailed_2005_2021
987,2014-09-16,Borussia Dortmund,Arsenal,2,0,round : 1,D,Borussia Dortmund,Arsenal FC,2,0,False,2014,1,Group,H,1,2,detailed_2005_2021
988,2014-09-16,Galatasaray,RSC Anderlecht,1,1,round : 1,D,Galatasaray,RSC Anderlecht,1,1,False,2014,1,Group,D,0,0,detailed_2005_2021
989,2014-09-17,Bayern München,Manchester City,1,0,round : 1,E,Bayern Munich,Manchester City,1,0,False,2014,1,Group,H,1,1,detailed_2005_2021
990,2014-09-17,Roma,CSKA Moscow,5,1,round : 1,E,AS Roma,CSKA Moskva,5,1,False,2014,1,Group,H,1,4,detailed_2005_2021
991,2014-09-17,Ajax,Paris Saint-Germain,1,1,round : 1,F,AFC Ajax,Paris Saint-Germain,1,1,False,2014,1,Group,D,0,0,detailed_2005_2021
992,2014-09-17,Barcelona,APOEL Nicosia,1,0,round : 1,F,FC Barcelona,APOEL Nikosia,1,0,False,2014,1,Group,H,1,1,detailed_2005_2021
993,2014-09-17,Chelsea,FC Schalke 04,1,1,round : 1,G,Chelsea FC,FC Schalke 04,1,1,False,2014,1,Group,D,0,0,detailed_2005_2021
994,2014-09-17,NK Maribor,Sporting CP,1,1,round : 1,G,NK Maribor,Sporting CP,1,1,False,2014,1,Group,D,0,0,detailed_2005_2021
995,2014-09-17,Athletic Bilbao,Shakhtar Donetsk,0,0,round : 1,H,Athletic Bilbao,Shakhtar Donetsk,0,0,False,2014,1,Group,D,0,0,detailed_2005_2021
996,2014-09-17,FC Porto,BATE Borisov,6,0,round : 1,H,FC Porto,BATE Borisov,6,0,False,2014,1,Group,H,1,6,detailed_2005_2021
997,2014-10-01,Atlético Madrid,Juventus,1,0,round : 2,A,Atlético Madrid,Juventus,1,0,False,2014,2,Group,H,1,1,detailed_2005_2021
998,2014-10-01,Malmö FF,Olympiacos,2,0,round : 2,A,Malmö FF,Olympiakos Piraeus,2,0,False,2014,2,Group,H,1,2,detailed_2005_2021
999,2014-10-01,FC Basel,Liverpool,1,0,round : 2,B,FC Basel,Liverpool FC,1,0,False,2014,2,Group,H,1,1,detailed_2005_2021
1000,2014-10-01,Ludogorets Razgrad,Real Madrid,1,2,round : 2,B,PFC Ludogorets Razgrad,Real Madrid,1,2,False,2014,2,Group,A,0,-1,detailed_2005_2021
1001,2014-10-01,Zenit St. Petersburg,AS Monaco,0,0,round : 2,C,Zenit St. Petersburg,AS Monaco,0,0,False,2014,2,Group,D,0,0,detailed_2005_2021
1002,2014-10-01,Bayer 04 Leverkusen,SL Benfica,3,1,round : 2,C,Bayer Leverkusen,SL Benfica,3,1,False,2014,2,Group,H,1,2,detailed_2005_2021
1003,2014-10-01,Arsenal,Galatasaray,4,1,round : 2,D,Arsenal FC,Galatasaray,4,1,False,2014,2,Group,H,1,3,detailed_2005_2021
1004,2014-10-01,RSC Anderlecht,Borussia Dortmund,0,3,round : 2,D,RSC Anderlecht,Borussia Dortmund,0,3,False,2014,2,Group,A,0,-3,detailed_2005_2021
1005,2014-09-30,CSKA Moscow,Bayern München,0,1,round : 2,E,CSKA Moskva,Bayern Munich,0,1,False,2014,2,Group,A,0,-1,detailed_2005_2021
1006,2014-09-30,Manchester City,Roma,1,1,round : 2,E,Manchester City,AS Roma,1,1,False,2014,2,Group,D,0,0,detailed_2005_2021
1007,2014-09-30,APOEL Nicosia,Ajax,1,1,round : 2,F,APOEL Nikosia,AFC Ajax,1,1,False,2014,2,Group,D,0,0,detailed_2005_2021
1008,2014-09-30,Paris Saint-Germain,Barcelona,3,2,round : 2,F,Paris Saint-Germain,FC Barcelona,3,2,False,2014,2,Group,H,1,1,detailed_2005_2021
1009,2014-09-30,FC Schalke 04,NK Maribor,1,1,round : 2,G,FC Schalke 04,NK Maribor,1,1,False,2014,2,Group,D,0,0,detailed_2005_2021
1010,2014-09-30,Sporting CP,Chelsea,0,1,round : 2,G,Sporting CP,Chelsea FC,0,1,False,2014,2,Group,A,0,-1,detailed_2005_2021
1011,2014-09-30,BATE Borisov,Athletic Bilbao,2,1,round : 2,H,BATE Borisov,Athletic Bilbao,2,1,False,2014,2,Group,H,1,1,detailed_2005_2021
1012,2014-09-30,Shakhtar Donetsk,FC Porto,2,2,round : 2,H,Shakhtar Donetsk,FC Porto,2,2,False,2014,2,Group,D,0,0,detailed_2005_2021
1013,2014-10-22,Atlético Madrid,Malmö FF,5,0,round : 3,A,Atlético Madrid,Malmö FF,5,0,False,2014,3,Group,H,1,5,detailed_2005_2021
1014,2014-10-22,Olympiacos,Juventus,1,0,round : 3,A,Olympiakos Piraeus,Juventus,1,0,False,2014,3,Group,H,1,1,detailed_2005_2021
1015,2014-10-22,Liverpool,Real Madrid,0,3,round : 3,B,Liverpool FC,Real Madrid,0,3,False,2014,3,Group,A,0,-3,detailed_2005_2021
1016,2014-10-22,Ludogorets Razgrad,FC Basel,1,0,round : 3,B,PFC Ludogorets Razgrad,FC Basel,1,0,False,2014,3,Group,H,1,1,detailed_2005_2021
1017,2014-10-22,AS Monaco,SL Benfica,0,0,round : 3,C,AS Monaco,SL Benfica,0,0,False,2014,3,Group,D,0,0,detailed_2005_2021
1018,2014-10-22,Bayer 04 Leverkusen,Zenit St. Petersburg,2,0,round : 3,C,Bayer Leverkusen,Zenit St. Petersburg,2,0,False,2014,3,Group,H,1,2,detailed_2005_2021
1019,2014-10-22,Galatasaray,Borussia Dortmund,0,4,round : 3,D,Galatasaray,Borussia Dortmund,0,4,False,2014,3,Group,A,0,-4,detailed_2005_2021
1020,2014-10-22,RSC Anderlecht,Arsenal,1,2,round : 3,D,RSC Anderlecht,Arsenal FC,1,2,False,2014,3,Group,A,0,-1,detailed_2005_2021
1021,2014-10-21,CSKA Moscow,Manchester City,2,2,round : 3,E,CSKA Moskva,Manchester City,2,2,False,2014,3,Group,D,0,0,detailed_2005_2021
1022,2014-10-21,Roma,Bayern München,1,7,round : 3,E,AS Roma,Bayern Munich,1,7,False,2014,3,Group,A,0,-6,detailed_2005_2021
1023,2014-10-21,APOEL Nicosia,Paris Saint-Germain,0,1,round : 3,F,APOEL Nikosia,Paris Saint-Germain,0,1,False,2014,3,Group,A,0,-1,detailed_2005_2021
1024,2014-10-21,Barcelona,Ajax,3,1,round : 3,F,FC Barcelona,AFC Ajax,3,1,False,2014,3,Group,H,1,2,detailed_2005_2021
1025,2014-10-21,Chelsea,NK Maribor,6,0,round : 3,G,Chelsea FC,NK Maribor,6,0,False,2014,3,Group,H,1,6,detailed_2005_2021
1026,2014-10-21,FC Schalke 04,Sporting CP,4,3,round : 3,G,FC Schalke 04,Sporting CP,4,3,False,2014,3,Group,H,1,1,detailed_2005_2021
1027,2014-10-21,BATE Borisov,Shakhtar Donetsk,0,7,round : 3,H,BATE Borisov,Shakhtar Donetsk,0,7,False,2014,3,Group,A,0,-7,detailed_2005_2021
1028,2014-10-21,FC Porto,Athletic Bilbao,2,1,round : 3,H,FC Porto,Athletic Bilbao,2,1,False,2014,3,Group,H,1,1,detailed_2005_2021
1029,2014-11-04,Juventus,Olympiacos,3,2,round : 4,A,Juventus,Olympiakos Piraeus,3,2,False,2014,4,Group,H,1,1,detailed_2005_2021
1030,2014-11-04,Malmö FF,Atlético Madrid,0,2,round : 4,A,Malmö FF,Atlético Madrid,0,2,False,2014,4,Group,A,0,-2,detailed_2005_2021
1031,2014-11-04,FC Basel,Ludogorets Razgrad,4,0,round : 4,B,FC Basel,PFC Ludogorets Razgrad,4,0,False,2014,4,Group,H,1,4,detailed_2005_2021
1032,2014-11-04,Real Madrid,Liverpool,1,0,round : 4,B,Real Madrid,Liverpool FC,1,0,False,2014,4,Group,H,1,1,detailed_2005_2021
1033,2014-11-04,Zenit St. Petersburg,Bayer 04 Leverkusen,1,2,round : 4,C,Zenit St. Petersburg,Bayer Leverkusen,1,2,False,2014,4,Group,A,0,-1,detailed_2005_2021
1034,2014-11-04,SL Benfica,AS Monaco,1,0,round : 4,C,SL Benfica,AS Monaco,1,0,False,2014,4,Group,H,1,1,detailed_2005_2021
1035,2014-11-04,Arsenal,RSC Anderlecht,3,3,round : 4,D,Arsenal FC,RSC Anderlecht,3,3,False,2014,4,Group,D,0,0,detailed_2005_2021
1036,2014-11-04,Borussia Dortmund,Galatasaray,4,1,round : 4,D,Borussia Dortmund,Galatasaray,4,1,False,2014,4,Group,H,1,3,detailed_2005_2021
1037,2014-11-05,Bayern München,Roma,2,0,round : 4,E,Bayern Munich,AS Roma,2,0,False,2014,4,Group,H,1,2,detailed_2005_2021
1038,2014-11-05,Manchester City,CSKA Moscow,1,2,round : 4,E,Manchester City,CSKA Moskva,1,2,False,2014,4,Group,A,0,-1,detailed_2005_2021
1039,2014-11-05,Ajax,Barcelona,0,2,round : 4,F,AFC Ajax,FC Barcelona,0,2,False,2014,4,Group,A,0,-2,detailed_2005_2021
1040,2014-11-05,Paris Saint-Germain,APOEL Nicosia,1,0,round : 4,F,Paris Saint-Germain,APOEL Nikosia,1,0,False,2014,4,Group,H,1,1,detailed_2005_2021
1041,2014-11-05,NK Maribor,Chelsea,1,1,round : 4,G,NK Maribor,Chelsea FC,1,1,False,2014,4,Group,D,0,0,detailed_2005_2021
1042,2014-11-05,Sporting CP,FC Schalke 04,4,2,round : 4,G,Sporting CP,FC Schalke 04,4,2,False,2014,4,Group,H,1,2,detailed_2005_2021
1043,2014-11-05,Athletic Bilbao,FC Porto,0,2,round : 4,H,Athletic Bilbao,FC Porto,0,2,False,2014,4,Group,A,0,-2,detailed_2005_2021
1044,2014-11-05,Shakhtar Donetsk,BATE Borisov,5,0,round : 4,H,Shakhtar Donetsk,BATE Borisov,5,0,False,2014,4,Group,H,1,5,detailed_2005_2021
1045,2014-11-26,Atlético Madrid,Olympiacos,4,0,round : 5,A,Atlético Madrid,Olympiakos Piraeus,4,0,False,2014,5,Group,H,1,4,detailed_2005_2021
1046,2014-11-26,Malmö FF,Juventus,0,2,round : 5,A,Malmö FF,Juventus,0,2,False,2014,5,Group,A,0,-2,detailed_2005_2021
1047,2014-11-26,FC Basel,Real Madrid,0,1,round : 5,B,FC Basel,Real Madrid,0,1,False,2014,5,Group,A,0,-1,detailed_2005_2021
1048,2014-11-26,Ludogorets Razgrad,Liverpool,2,2,round : 5,B,PFC Ludogorets Razgrad,Liverpool FC,2,2,False,2014,5,Group,D,0,0,detailed_2005_2021
1049,2014-11-26,Zenit St. Petersburg,SL Benfica,1,0,round : 5,C,Zenit St. Petersburg,SL Benfica,1,0,False,2014,5,Group,H,1,1,detailed_2005_2021
1050,2014-11-26,Bayer 04 Leverkusen,AS Monaco,0,1,round : 5,C,Bayer Leverkusen,AS Monaco,0,1,False,2014,5,Group,A,0,-1,detailed_2005_2021
1051,2014-11-26,Arsenal,Borussia Dortmund,2,0,round : 5,D,Arsenal FC,Borussia Dortmund,2,0,False,2014,5,Group,H,1,2,detailed_2005_2021
1052,2014-11-26,RSC Anderlecht,Galatasaray,2,0,round : 5,D,RSC Anderlecht,Galatasaray,2,0,False,2014,5,Group,H,1,2,detailed_2005_2021
1053,2014-11-25,CSKA Moscow,Roma,1,1,round : 5,E,CSKA Moskva,AS Roma,1,1,False,2014,5,Group,D,0,0,detailed_2005_2021
1054,2014-11-25,Manchester City,Bayern München,3,2,round : 5,E,Manchester City,Bayern Munich,3,2,False,2014,5,Group,H,1,1,detailed_2005_2021
1055,2014-11-25,APOEL Nicosia,Barcelona,0,4,round : 5,F,APOEL Nikosia,FC Barcelona,0,4,False,2014,5,Group,A,0,-4,detailed_2005_2021
1056,2014-11-25,Paris Saint-Germain,Ajax,3,1,round : 5,F,Paris Saint-Germain,AFC Ajax,3,1,False,2014,5,Group,H,1,2,detailed_2005_2021
1057,2014-11-25,FC Schalke 04,Chelsea,0,5,round : 5,G,FC Schalke 04,Chelsea FC,0,5,False,2014,5,Group,A,0,-5,detailed_2005_2021
1058,2014-11-25,Sporting CP,NK Maribor,3,1,round : 5,G,Sporting CP,NK Maribor,3,1,False,2014,5,Group,H,1,2,detailed_2005_2021
1059,2014-11-25,BATE Borisov,FC Porto,0,3,round : 5,H,BATE Borisov,FC Porto,0,3,False,2014,5,Group,A,0,-3,detailed_2005_2021
1060,2014-11-25,Shakhtar Donetsk,Athletic Bilbao,0,1,round : 5,H,Shakhtar Donetsk,Athletic Bilbao,0,1,False,2014,5,Group,A,0,-1,detailed_2005_2021
1061,2015-02-17,Paris Saint-Germain,Chelsea,1,1,round : 18,,Paris Saint-Germain,Chelsea FC,1,1,False,2014,18,Knockout,D,0,0,detailed_2005_2021
1062,2015-02-17,Shakhtar Donetsk,Bayern München,0,0,round : 18,,Shakhtar Donetsk,Bayern Munich,0,0,False,2014,18,Knockout,D,0,0,detailed_2005_2021
1063,2015-02-18,FC Basel,FC Porto,1,1,round : 18,,FC Basel,FC Porto,1,1,False,2014,18,Knockout,D,0,0,detailed_2005_2021
1064,2015-02-18,FC Schalke 04,Real Madrid,0,2,round : 18,,FC Schalke 04,Real Madrid,0,2,False,2014,18,Knockout,A,0,-2,detailed_2005_2021
1065,2015-02-24,Juventus,Borussia Dortmund,2,1,round : 18,,Juventus,Borussia Dortmund,2,1,False,2014,18,Knockout,H,1,1,detailed_2005_2021
1066,2015-02-24,Manchester City,Barcelona,1,2,round : 18,,Manchester City,FC Barcelona,1,2,False,2014,18,Knockout,A,0,-1,detailed_2005_2021
1067,2015-02-25,Arsenal,AS Monaco,1,3,round : 18,,Arsenal FC,AS Monaco,1,3,False,2014,18,Knockout,A,0,-2,detailed_2005_2021
1068,2015-02-25,Bayer 04 Leverkusen,Atlético Madrid,1,0,round : 18,,Bayer Leverkusen,Atlético Madrid,1,0,False,2014,18,Knockout,H,1,1,detailed_2005_2021
1069,2015-03-10,FC Porto,FC Basel,4,0,round : 18,,FC Porto,FC Basel,4,0,False,2014,18,Knockout,H,1,4,detailed_2005_2021
1070,2015-03-10,Real Madrid,FC Schalke 04,3,4,round : 18,,Real Madrid,FC Schalke 04,3,4,False,2014,18,Knockout,A,0,-1,detailed_2005_2021
1071,2015-03-11,Bayern München,Shakhtar Donetsk,7,0,round : 18,,Bayern Munich,Shakhtar Donetsk,7,0,False,2014,18,Knockout,H,1,7,detailed_2005_2021
1072,2015-03-11,Chelsea,Paris Saint-Germain,1(1),1(1),round : 18,,Chelsea FC,Paris Saint-Germain,1,1,True,2014,18,Knockout,D,0,0,detailed_2005_2021
1073,2015-03-17,AS Monaco,Arsenal,0,2,round : 18,,AS Monaco,Arsenal FC,0,2,False,2014,18,Knockout,A,0,-2,detailed_2005_2021
1074,2015-03-17,Atlético Madrid,Bayer 04 Leverkusen,1(0) (3),0(0) (2),round : 18,,Atlético Madrid,Bayer Leverkusen,1,0,True,2014,18,Knockout,H,1,1,detailed_2005_2021
1075,2015-03-18,Barcelona,Manchester City,1,0,round : 18,,FC Barcelona,Manchester City,1,0,False,2014,18,Knockout,H,1,1,detailed_2005_2021
1076,2015-03-18,Borussia Dortmund,Juventus,0,3,round : 18,,Borussia Dortmund,Juventus,0,3,False,2014,18,Knockout,A,0,-3,detailed_2005_2021
1077,2015-04-14,Atlético Madrid,Real Madrid,0,0,round : quarterfinals,,Atlético Madrid,Real Madrid,0,0,False,2014,quarterfinals,Knockout,D,0,0,detailed_2005_2021
1078,2015-04-14,Juventus,AS Monaco,1,0,round : quarterfinals,,Juventus,AS Monaco,1,0,False,2014,quarterfinals,Knockout,H,1,1,detailed_2005_2021
1079,2015-04-15,FC Porto,Bayern München,3,1,round : quarterfinals,,FC Porto,Bayern Munich,3,1,False,2014,quarterfinals,Knockout,H,1,2,detailed_2005_2021
1080,2015-04-15,Paris Saint-Germain,Barcelona,1,3,round : quarterfinals,,Paris Saint-Germain,FC Barcelona,1,3,False,2014,quarterfinals,Knockout,A,0,-2,detailed_2005_2021
1081,2015-04-21,Barcelona,Paris Saint-Germain,2,0,round : quarterfinals,,FC Barcelona,Paris Saint-Germain,2,0,False,2014,quarterfinals,Knockout,H,1,2,detailed_2005_2021
1082,2015-04-21,Bayern München,FC Porto,6,1,round : quarterfinals,,Bayern Munich,FC Porto,6,1,False,2014,quarterfinals,Knockout,H,1,5,detailed_2005_2021
1083,2015-04-22,AS Monaco,Juventus,0,0,round : quarterfinals,,AS Monaco,Juventus,0,0,False,2014,quarterfinals,Knockout,D,0,0,detailed_2005_2021
1084,2015-04-22,Real Madrid,Atlético Madrid,1,0,round : quarterfinals,,Real Madrid,Atlético Madrid,1,0,False,2014,quarterfinals,Knockout,H,1,1,detailed_2005_2021
1085,2015-05-05,Juventus,Real Madrid,2,1,round : semifinals,,Juventus,Real Madrid,2,1,False,2014,semifinals,Knockout,H,1,1,detailed_2005_2021
1086,2015-05-06,Barcelona,Bayern München,3,0,round : semifinals,,FC Barcelona,Bayern Munich,3,0,False,2014,semifinals,Knockout,H,1,3,detailed_2005_2021
1087,2015-05-12,Bayern München,Barcelona,3,2,round : semifinals,,Bayern Munich,FC Barcelona,3,2,False,2014,semifinals,Knockout,H,1,1,detailed_2005_2021
1088,2015-05-13,Real Madrid,Juventus,1,1,round : semifinals,,Real Madrid,Juventus,1,1,False,2014,semifinals,Knockout,D,0,0,detailed_2005_2021
1089,2015-06-06,Juventus,Barcelona,1,3,round : final,,Juventus,FC Barcelona,1,3,False,2014,final,Knockout,A,0,-2,detailed_2005_2021
1090,2015-09-15,Paris Saint-Germain,Malmö FF,2,0,round : 1,A,Paris Saint-Germain,Malmö FF,2,0,False,2015,1,Group,H,1,2,detailed_2005_2021
1091,2015-09-15,Real Madrid,Shakhtar Donetsk,4,0,round : 1,A,Real Madrid,Shakhtar Donetsk,4,0,False,2015,1,Group,H,1,4,detailed_2005_2021
1092,2015-09-15,PSV Eindhoven,Manchester United,2,1,round : 1,B,PSV Eindhoven,Manchester United,2,1,False,2015,1,Group,H,1,1,detailed_2005_2021
1093,2015-09-15,VfL Wolfsburg,CSKA Moscow,1,0,round : 1,B,VfL Wolfsburg,CSKA Moskva,1,0,False,2015,1,Group,H,1,1,detailed_2005_2021
1094,2015-09-15,Galatasaray,Atlético Madrid,0,2,round : 1,C,Galatasaray,Atlético Madrid,0,2,False,2015,1,Group,A,0,-2,detailed_2005_2021
1095,2015-09-15,SL Benfica,Astana,2,0,round : 1,C,SL Benfica,FK Astana,2,0,False,2015,1,Group,H,1,2,detailed_2005_2021
1096,2015-09-15,Manchester City,Juventus,1,2,round : 1,D,Manchester City,Juventus,1,2,False,2015,1,Group,A,0,-1,detailed_2005_2021
1097,2015-09-15,Sevilla,Borussia M'gladbach,3,0,round : 1,D,Sevilla FC,Bor. Mönchengladbach,3,0,False,2015,1,Group,H,1,3,detailed_2005_2021
1098,2015-09-16,Bayer 04 Leverkusen,BATE Borisov,4,1,round : 1,E,Bayer Leverkusen,BATE Borisov,4,1,False,2015,1,Group,H,1,3,detailed_2005_2021
1099,2015-09-16,Roma,Barcelona,1,1,round : 1,E,AS Roma,FC Barcelona,1,1,False,2015,1,Group,D,0,0,detailed_2005_2021
1100,2015-09-16,GNK Dinamo Zagreb,Arsenal,2,1,round : 1,F,Dinamo Zagreb,Arsenal FC,2,1,False,2015,1,Group,H,1,1,detailed_2005_2021
1101,2015-09-16,Olympiacos,Bayern München,0,3,round : 1,F,Olympiakos Piraeus,Bayern Munich,0,3,False,2015,1,Group,A,0,-3,detailed_2005_2021
1102,2015-09-16,Chelsea,Maccabi Tel Aviv,4,0,round : 1,G,Chelsea FC,Maccabi Tel Aviv,4,0,False,2015,1,Group,H,1,4,detailed_2005_2021
1103,2015-09-16,Dynamo Kyiv,FC Porto,2,2,round : 1,G,Dinamo Kiev,FC Porto,2,2,False,2015,1,Group,D,0,0,detailed_2005_2021
1104,2015-09-16,KAA Gent,Olympique Lyonnais,1,1,round : 1,H,KAA Gent,Olympique Lyon,1,1,False,2015,1,Group,D,0,0,detailed_2005_2021
1105,2015-09-16,Valencia,Zenit St. Petersburg,2,3,round : 1,H,Valencia CF,Zenit St. Petersburg,2,3,False,2015,1,Group,A,0,-1,detailed_2005_2021
1106,2015-09-30,Malmö FF,Real Madrid,0,2,round : 2,A,Malmö FF,Real Madrid,0,2,False,2015,2,Group,A,0,-2,detailed_2005_2021
1107,2015-09-30,Shakhtar Donetsk,Paris Saint-Germain,0,3,round : 2,A,Shakhtar Donetsk,Paris Saint-Germain,0,3,False,2015,2,Group,A,0,-3,detailed_2005_2021
1108,2015-09-30,CSKA Moscow,PSV Eindhoven,3,2,round : 2,B,CSKA Moskva,PSV Eindhoven,3,2,False,2015,2,Group,H,1,1,detailed_2005_2021
1109,2015-09-30,Manchester United,VfL Wolfsburg,2,1,round : 2,B,Manchester United,VfL Wolfsburg,2,1,False,2015,2,Group,H,1,1,detailed_2005_2021
1110,2015-09-30,Astana,Galatasaray,2,2,round : 2,C,FK Astana,Galatasaray,2,2,False,2015,2,Group,D,0,0,detailed_2005_2021
1111,2015-09-30,Atlético Madrid,SL Benfica,1,2,round : 2,C,Atlético Madrid,SL Benfica,1,2,False,2015,2,Group,A,0,-1,detailed_2005_2021
1112,2015-09-30,Borussia M'gladbach,Manchester City,1,2,round : 2,D,Bor. Mönchengladbach,Manchester City,1,2,False,2015,2,Group,A,0,-1,detailed_2005_2021
1113,2015-09-30,Juventus,Sevilla,2,0,round : 2,D,Juventus,Sevilla FC,2,0,False,2015,2,Group,H,1,2,detailed_2005_2021
1114,2015-09-29,Barcelona,Bayer 04 Leverkusen,2,1,round : 2,E,FC Barcelona,Bayer Leverkusen,2,1,False,2015,2,Group,H,1,1,detailed_2005_2021
1115,2015-09-29,BATE Borisov,Roma,3,2,round : 2,E,BATE Borisov,AS Roma,3,2,False,2015,2,Group,H,1,1,detailed_2005_2021
1116,2015-09-29,Arsenal,Olympiacos,2,3,round : 2,F,Arsenal FC,Olympiakos Piraeus,2,3,False,2015,2,Group,A,0,-1,detailed_2005_2021
1117,2015-09-29,Bayern München,GNK Dinamo Zagreb,5,0,round : 2,F,Bayern Munich,Dinamo Zagreb,5,0,False,2015,2,Group,H,1,5,detailed_2005_2021
1118,2015-09-29,FC Porto,Chelsea,2,1,round : 2,G,FC Porto,Chelsea FC,2,1,False,2015,2,Group,H,1,1,detailed_2005_2021
1119,2015-09-29,Maccabi Tel Aviv,Dynamo Kyiv,0,2,round : 2,G,Maccabi Tel Aviv,Dinamo Kiev,0,2,False,2015,2,Group,A,0,-2,detailed_2005_2021
1120,2015-09-29,Olympique Lyonnais,Valencia,0,1,round : 2,H,Olympique Lyon,Valencia CF,0,1,False,2015,2,Group,A,0,-1,detailed_2005_2021
1121,2015-09-29,Zenit St. Petersburg,KAA Gent,2,1,round : 2,H,Zenit St. Petersburg,KAA Gent,2,1,False,2015,2,Group,H,1,1,detailed_2005_2021
1122,2015-10-21,Malmö FF,Shakhtar Donetsk,1,0,round : 3,A,Malmö FF,Shakhtar Donetsk,1,0,False,2015,3,Group,H,1,1,detailed_2005_2021
1123,2015-10-21,Paris Saint-Germain,Real Madrid,0,0,round : 3,A,Paris Saint-Germain,Real Madrid,0,0,False,2015,3,Group,D,0,0,detailed_2005_2021
1124,2015-10-21,CSKA Moscow,Manchester United,1,1,round : 3,B,CSKA Moskva,Manchester United,1,1,False,2015,3,Group,D,0,0,detailed_2005_2021
1125,2015-10-21,VfL Wolfsburg,PSV Eindhoven,2,0,round : 3,B,VfL Wolfsburg,PSV Eindhoven,2,0,False,2015,3,Group,H,1,2,detailed_2005_2021
1126,2015-10-21,Atlético Madrid,Astana,4,0,round : 3,C,Atlético Madrid,FK Astana,4,0,False,2015,3,Group,H,1,4,detailed_2005_2021
1127,2015-10-21,Galatasaray,SL Benfica,2,1,round : 3,C,Galatasaray,SL Benfica,2,1,False,2015,3,Group,H,1,1,detailed_2005_2021
1128,2015-10-21,Juventus,Borussia M'gladbach,0,0,round : 3,D,Juventus,Bor. Mönchengladbach,0,0,False,2015,3,Group,D,0,0,detailed_2005_2021
1129,2015-10-21,Manchester City,Sevilla,2,1,round : 3,D,Manchester City,Sevilla FC,2,1,False,2015,3,Group,H,1,1,detailed_2005_2021
1130,2015-10-20,BATE Borisov,Barcelona,0,2,round : 3,E,BATE Borisov,FC Barcelona,0,2,False,2015,3,Group,A,0,-2,detailed_2005_2021
1131,2015-10-20,Bayer 04 Leverkusen,Roma,4,4,round : 3,E,Bayer Leverkusen,AS Roma,4,4,False,2015,3,Group,D,0,0,detailed_2005_2021
1132,2015-10-20,Arsenal,Bayern München,2,0,round : 3,F,Arsenal FC,Bayern Munich,2,0,False,2015,3,Group,H,1,2,detailed_2005_2021
1133,2015-10-20,GNK Dinamo Zagreb,Olympiacos,0,1,round : 3,F,Dinamo Zagreb,Olympiakos Piraeus,0,1,False,2015,3,Group,A,0,-1,detailed_2005_2021
1134,2015-10-20,Dynamo Kyiv,Chelsea,0,0,round : 3,G,Dinamo Kiev,Chelsea FC,0,0,False,2015,3,Group,D,0,0,detailed_2005_2021
1135,2015-10-20,FC Porto,Maccabi Tel Aviv,2,0,round : 3,G,FC Porto,Maccabi Tel Aviv,2,0,False,2015,3,Group,H,1,2,detailed_2005_2021
1136,2015-10-20,Valencia,KAA Gent,2,1,round : 3,H,Valencia CF,KAA Gent,2,1,False,2015,3,Group,H,1,1,detailed_2005_2021
1137,2015-10-20,Zenit St. Petersburg,Olympique Lyonnais,3,1,round : 3,H,Zenit St. Petersburg,Olympique Lyon,3,1,False,2015,3,Group,H,1,2,detailed_2005_2021
1138,2015-11-03,Real Madrid,Paris Saint-Germain,1,0,round : 4,A,Real Madrid,Paris Saint-Germain,1,0,False,2015,4,Group,H,1,1,detailed_2005_2021
1139,2015-11-03,Shakhtar Donetsk,Malmö FF,4,0,round : 4,A,Shakhtar Donetsk,Malmö FF,4,0,False,2015,4,Group,H,1,4,detailed_2005_2021
1140,2015-11-03,Manchester United,CSKA Moscow,1,0,round : 4,B,Manchester United,CSKA Moskva,1,0,False,2015,4,Group,H,1,1,detailed_2005_2021
1141,2015-11-03,PSV Eindhoven,VfL Wolfsburg,2,0,round : 4,B,PSV Eindhoven,VfL Wolfsburg,2,0,False,2015,4,Group,H,1,2,detailed_2005_2021
1142,2015-11-03,Astana,Atlético Madrid,0,0,round : 4,C,FK Astana,Atlético Madrid,0,0,False,2015,4,Group,D,0,0,detailed_2005_2021
1143,2015-11-03,SL Benfica,Galatasaray,2,1,round : 4,C,SL Benfica,Galatasaray,2,1,False,2015,4,Group,H,1,1,detailed_2005_2021
1144,2015-11-03,Borussia M'gladbach,Juventus,1,1,round : 4,D,Bor. Mönchengladbach,Juventus,1,1,False,2015,4,Group,D,0,0,detailed_2005_2021
1145,2015-11-03,Sevilla,Manchester City,1,3,round : 4,D,Sevilla FC,Manchester City,1,3,False,2015,4,Group,A,0,-2,detailed_2005_2021
1146,2015-11-04,Barcelona,BATE Borisov,3,0,round : 4,E,FC Barcelona,BATE Borisov,3,0,False,2015,4,Group,H,1,3,detailed_2005_2021
1147,2015-11-04,Roma,Bayer 04 Leverkusen,3,2,round : 4,E,AS Roma,Bayer Leverkusen,3,2,False,2015,4,Group,H,1,1,detailed_2005_2021
1148,2015-11-04,Bayern München,Arsenal,5,1,round : 4,F,Bayern Munich,Arsenal FC,5,1,False,2015,4,Group,H,1,4,detailed_2005_2021
1149,2015-11-04,Olympiacos,GNK Dinamo Zagreb,2,1,round : 4,F,Olympiakos Piraeus,Dinamo Zagreb,2,1,False,2015,4,Group,H,1,1,detailed_2005_2021
1150,2015-11-04,Chelsea,Dynamo Kyiv,2,1,round : 4,G,Chelsea FC,Dinamo Kiev,2,1,False,2015,4,Group,H,1,1,detailed_2005_2021
1151,2015-11-04,Maccabi Tel Aviv,FC Porto,1,3,round : 4,G,Maccabi Tel Aviv,FC Porto,1,3,False,2015,4,Group,A,0,-2,detailed_2005_2021
1152,2015-11-04,KAA Gent,Valencia,1,0,round : 4,H,KAA Gent,Valencia CF,1,0,False,2015,4,Group,H,1,1,detailed_2005_2021
1153,2015-11-04,Olympique Lyonnais,Zenit St. Petersburg,0,2,round : 4,H,Olympique Lyon,Zenit St. Petersburg,0,2,False,2015,4,Group,A,0,-2,detailed_2005_2021
1154,2015-11-25,Malmö FF,Paris Saint-Germain,0,5,round : 5,A,Malmö FF,Paris Saint-Germain,0,5,False,2015,5,Group,A,0,-5,detailed_2005_2021
1155,2015-11-25,Shakhtar Donetsk,Real Madrid,3,4,round : 5,A,Shakhtar Donetsk,Real Madrid,3,4,False,2015,5,Group,A,0,-1,detailed_2005_2021
1156,2015-11-25,CSKA Moscow,VfL Wolfsburg,0,2,round : 5,B,CSKA Moskva,VfL Wolfsburg,0,2,False,2015,5,Group,A,0,-2,detailed_2005_2021
1157,2015-11-25,Manchester United,PSV Eindhoven,0,0,round : 5,B,Manchester United,PSV Eindhoven,0,0,False,2015,5,Group,D,0,0,detailed_2005_2021
1158,2015-11-25,Astana,SL Benfica,2,2,round : 5,C,FK Astana,SL Benfica,2,2,False,2015,5,Group,D,0,0,detailed_2005_2021
1159,2015-11-25,Atlético Madrid,Galatasaray,2,0,round : 5,C,Atlético Madrid,Galatasaray,2,0,False,2015,5,Group,H,1,2,detailed_2005_2021
1160,2015-11-25,Borussia M'gladbach,Sevilla,4,2,round : 5,D,Bor. Mönchengladbach,Sevilla FC,4,2,False,2015,5,Group,H,1,2,detailed_2005_2021
1161,2015-11-25,Juventus,Manchester City,1,0,round : 5,D,Juventus,Manchester City,1,0,False,2015,5,Group,H,1,1,detailed_2005_2021
1162,2015-11-24,BATE Borisov,Bayer 04 Leverkusen,1,1,round : 5,E,BATE Borisov,Bayer Leverkusen,1,1,False,2015,5,Group,D,0,0,detailed_2005_2021
1163,2015-11-24,Barcelona,Roma,6,1,round : 5,E,FC Barcelona,AS Roma,6,1,False,2015,5,Group,H,1,5,detailed_2005_2021
1164,2015-11-24,Arsenal,GNK Dinamo Zagreb,3,0,round : 5,F,Arsenal FC,Dinamo Zagreb,3,0,False,2015,5,Group,H,1,3,detailed_2005_2021
1165,2015-11-24,Bayern München,Olympiacos,4,0,round : 5,F,Bayern Munich,Olympiakos Piraeus,4,0,False,2015,5,Group,H,1,4,detailed_2005_2021
1166,2015-11-24,FC Porto,Dynamo Kyiv,0,2,round : 5,G,FC Porto,Dinamo Kiev,0,2,False,2015,5,Group,A,0,-2,detailed_2005_2021
1167,2015-11-24,Maccabi Tel Aviv,Chelsea,0,4,round : 5,G,Maccabi Tel Aviv,Chelsea FC,0,4,False,2015,5,Group,A,0,-4,detailed_2005_2021
1168,2015-11-24,Zenit St. Petersburg,Valencia,2,0,round : 5,H,Zenit St. Petersburg,Valencia CF,2,0,False,2015,5,Group,H,1,2,detailed_2005_2021
1169,2015-11-24,Olympique Lyonnais,KAA Gent,1,2,round : 5,H,Olympique Lyon,KAA Gent,1,2,False,2015,5,Group,A,0,-1,detailed_2005_2021
1170,2016-02-16,Paris Saint-Germain,Chelsea,2,1,round : 18,,Paris Saint-Germain,Chelsea FC,2,1,False,2015,18,Knockout,H,1,1,detailed_2005_2021
1171,2016-02-16,SL Benfica,Zenit St. Petersburg,1,0,round : 18,,SL Benfica,Zenit St. Petersburg,1,0,False,2015,18,Knockout,H,1,1,detailed_2005_2021
1172,2016-02-17,KAA Gent,VfL Wolfsburg,2,3,round : 18,,KAA Gent,VfL Wolfsburg,2,3,False,2015,18,Knockout,A,0,-1,detailed_2005_2021
1173,2016-02-17,Roma,Real Madrid,0,2,round : 18,,AS Roma,Real Madrid,0,2,False,2015,18,Knockout,A,0,-2,detailed_2005_2021
1174,2016-02-23,Arsenal,Barcelona,0,2,round : 18,,Arsenal FC,FC Barcelona,0,2,False,2015,18,Knockout,A,0,-2,detailed_2005_2021
1175,2016-02-23,Juventus,Bayern München,2,2,round : 18,,Juventus,Bayern Munich,2,2,False,2015,18,Knockout,D,0,0,detailed_2005_2021
1176,2016-02-24,Dynamo Kyiv,Manchester City,1,3,round : 18,,Dinamo Kiev,Manchester City,1,3,False,2015,18,Knockout,A,0,-2,detailed_2005_2021
1177,2016-02-24,PSV Eindhoven,Atlético Madrid,0,0,round : 18,,PSV Eindhoven,Atlético Madrid,0,0,False,2015,18,Knockout,D,0,0,detailed_2005_2021
1178,2016-03-08,Real Madrid,Roma,2,0,round : 18,,Real Madrid,AS Roma,2,0,False,2015,18,Knockout,H,1,2,detailed_2005_2021
1179,2016-03-08,VfL Wolfsburg,KAA Gent,1,0,round : 18,,VfL Wolfsburg,KAA Gent,1,0,False,2015,18,Knockout,H,1,1,detailed_2005_2021
1180,2016-03-09,Zenit St. Petersburg,SL Benfica,1,2,round : 18,,Zenit St. Petersburg,SL Benfica,1,2,False,2015,18,Knockout,A,0,-1,detailed_2005_2021
1181,2016-03-09,Chelsea,Paris Saint-Germain,1,2,round : 18,,Chelsea FC,Paris Saint-Germain,1,2,False,2015,18,Knockout,A,0,-1,detailed_2005_2021
1182,2016-03-15,Atlético Madrid,PSV Eindhoven,0(0) (8),0(0) (7),round : 18,,Atlético Madrid,PSV Eindhoven,0,0,True,2015,18,Knockout,D,0,0,detailed_2005_2021
1183,2016-03-15,Manchester City,Dynamo Kyiv,0,0,round : 18,,Manchester City,Dinamo Kiev,0,0,False,2015,18,Knockout,D,0,0,detailed_2005_2021
1184,2016-03-16,Barcelona,Arsenal,3,1,round : 18,,FC Barcelona,Arsenal FC,3,1,False,2015,18,Knockout,H,1,2,detailed_2005_2021
1185,2016-03-16,Bayern München,Juventus,2(2),2(0),round : 18,,Bayern Munich,Juventus,2,2,True,2015,18,Knockout,D,0,0,detailed_2005_2021
1186,2016-04-05,Barcelona,Atlético Madrid,2,1,round : quarterfinals,,FC Barcelona,Atlético Madrid,2,1,False,2015,quarterfinals,Knockout,H,1,1,detailed_2005_2021
1187,2016-04-05,Bayern München,SL Benfica,1,0,round : quarterfinals,,Bayern Munich,SL Benfica,1,0,False,2015,quarterfinals,Knockout,H,1,1,detailed_2005_2021
1188,2016-04-06,Paris Saint-Germain,Manchester City,2,2,round : quarterfinals,,Paris Saint-Germain,Manchester City,2,2,False,2015,quarterfinals,Knockout,D,0,0,detailed_2005_2021
1189,2016-04-06,VfL Wolfsburg,Real Madrid,2,0,round : quarterfinals,,VfL Wolfsburg,Real Madrid,2,0,False,2015,quarterfinals,Knockout,H,1,2,detailed_2005_2021
1190,2016-04-12,Manchester City,Paris Saint-Germain,1,0,round : quarterfinals,,Manchester City,Paris Saint-Germain,1,0,False,2015,quarterfinals,Knockout,H,1,1,detailed_2005_2021
1191,2016-04-12,Real Madrid,VfL Wolfsburg,3,0,round : quarterfinals,,Real Madrid,VfL Wolfsburg,3,0,False,2015,quarterfinals,Knockout,H,1,3,detailed_2005_2021
1192,2016-04-13,Atlético Madrid,Barcelona,2,0,round : quarterfinals,,Atlético Madrid,FC Barcelona,2,0,False,2015,quarterfinals,Knockout,H,1,2,detailed_2005_2021
1193,2016-04-13,SL Benfica,Bayern München,2,2,round : quarterfinals,,SL Benfica,Bayern Munich,2,2,False,2015,quarterfinals,Knockout,D,0,0,detailed_2005_2021
1194,2016-04-26,Manchester City,Real Madrid,0,0,round : semifinals,,Manchester City,Real Madrid,0,0,False,2015,semifinals,Knockout,D,0,0,detailed_2005_2021
1195,2016-04-27,Atlético Madrid,Bayern München,1,0,round : semifinals,,Atlético Madrid,Bayern Munich,1,0,False,2015,semifinals,Knockout,H,1,1,detailed_2005_2021
1196,2016-05-03,Bayern München,Atlético Madrid,2,1,round : semifinals,,Bayern Munich,Atlético Madrid,2,1,False,2015,semifinals,Knockout,H,1,1,detailed_2005_2021
1197,2016-05-04,Real Madrid,Manchester City,1,0,round : semifinals,,Real Madrid,Manchester City,1,0,False,2015,semifinals,Knockout,H,1,1,detailed_2005_2021
1198,2016-05-28,Real Madrid,Atlético Madrid,1(0) (5),1(0) (3),round : final,,Real Madrid,Atlético Madrid,1,1,True,2015,final,Knockout,D,0,0,detailed_2005_2021
1199,2016-09-13,FC Basel,Ludogorets Razgrad,1,1,round : 1,A,FC Basel,PFC Ludogorets Razgrad,1,1,False,2016,1,Group,D,0,0,detailed_2005_2021
1200,2016-09-13,Paris Saint-Germain,Arsenal,1,1,round : 1,A,Paris Saint-Germain,Arsenal FC,1,1,False,2016,1,Group,D,0,0,detailed_2005_2021
1201,2016-09-13,Dynamo Kyiv,Napoli,1,2,round : 1,B,Dinamo Kiev,SSC Napoli,1,2,False,2016,1,Group,A,0,-1,detailed_2005_2021
1202,2016-09-13,SL Benfica,Beşiktaş,1,1,round : 1,B,SL Benfica,Beşiktaş,1,1,False,2016,1,Group,D,0,0,detailed_2005_2021
1203,2016-09-13,Barcelona,Celtic,7,0,round : 1,C,FC Barcelona,Celtic FC,7,0,False,2016,1,Group,H,1,7,detailed_2005_2021
1204,2016-09-14,Manchester City,Borussia M'gladbach,4,0,round : 1,C,Manchester City,Bor. Mönchengladbach,4,0,False,2016,1,Group,H,1,4,detailed_2005_2021
1205,2016-09-13,Bayern München,FC Rostov,5,0,round : 1,D,Bayern Munich,FK Rostov,5,0,False,2016,1,Group,H,1,5,detailed_2005_2021
1206,2016-09-13,PSV Eindhoven,Atlético Madrid,0,1,round : 1,D,PSV Eindhoven,Atlético Madrid,0,1,False,2016,1,Group,A,0,-1,detailed_2005_2021
1207,2016-09-14,Bayer 04 Leverkusen,CSKA Moscow,2,2,round : 1,E,Bayer Leverkusen,CSKA Moskva,2,2,False,2016,1,Group,D,0,0,detailed_2005_2021
1208,2016-09-14,Tottenham,AS Monaco,1,2,round : 1,E,Tottenham Hotspur,AS Monaco,1,2,False,2016,1,Group,A,0,-1,detailed_2005_2021
1209,2016-09-14,Legia Warszawa,Borussia Dortmund,0,6,round : 1,F,Legia Warszawa,Borussia Dortmund,0,6,False,2016,1,Group,A,0,-6,detailed_2005_2021
1210,2016-09-14,Real Madrid,Sporting CP,2,1,round : 1,F,Real Madrid,Sporting CP,2,1,False,2016,1,Group,H,1,1,detailed_2005_2021
1211,2016-09-14,Club Brugge,Leicester City,0,3,round : 1,G,Club Brugge KV,Leicester City,0,3,False,2016,1,Group,A,0,-3,detailed_2005_2021
1212,2016-09-14,FC Porto,FC København,1,1,round : 1,G,FC Porto,FC København,1,1,False,2016,1,Group,D,0,0,detailed_2005_2021
1213,2016-09-14,Juventus,Sevilla,0,0,round : 1,H,Juventus,Sevilla FC,0,0,False,2016,1,Group,D,0,0,detailed_2005_2021
1214,2016-09-14,Olympique Lyonnais,GNK Dinamo Zagreb,3,0,round : 1,H,Olympique Lyon,Dinamo Zagreb,3,0,False,2016,1,Group,H,1,3,detailed_2005_2021
1215,2016-09-28,Arsenal,FC Basel,2,0,round : 2,A,Arsenal FC,FC Basel,2,0,False,2016,2,Group,H,1,2,detailed_2005_2021
1216,2016-09-28,Ludogorets Razgrad,Paris Saint-Germain,1,3,round : 2,A,PFC Ludogorets Razgrad,Paris Saint-Germain,1,3,False,2016,2,Group,A,0,-2,detailed_2005_2021
1217,2016-09-28,Beşiktaş,Dynamo Kyiv,1,1,round : 2,B,Beşiktaş,Dinamo Kiev,1,1,False,2016,2,Group,D,0,0,detailed_2005_2021
1218,2016-09-28,Napoli,SL Benfica,4,2,round : 2,B,SSC Napoli,SL Benfica,4,2,False,2016,2,Group,H,1,2,detailed_2005_2021
1219,2016-09-28,Borussia M'gladbach,Barcelona,1,2,round : 2,C,Bor. Mönchengladbach,FC Barcelona,1,2,False,2016,2,Group,A,0,-1,detailed_2005_2021
1220,2016-09-28,Celtic,Manchester City,3,3,round : 2,C,Celtic FC,Manchester City,3,3,False,2016,2,Group,D,0,0,detailed_2005_2021
1221,2016-09-28,Atlético Madrid,Bayern München,1,0,round : 2,D,Atlético Madrid,Bayern Munich,1,0,False,2016,2,Group,H,1,1,detailed_2005_2021
1222,2016-09-28,FC Rostov,PSV Eindhoven,2,2,round : 2,D,FK Rostov,PSV Eindhoven,2,2,False,2016,2,Group,D,0,0,detailed_2005_2021
1223,2016-09-27,AS Monaco,Bayer 04 Leverkusen,1,1,round : 2,E,AS Monaco,Bayer Leverkusen,1,1,False,2016,2,Group,D,0,0,detailed_2005_2021
1224,2016-09-27,CSKA Moscow,Tottenham,0,1,round : 2,E,CSKA Moskva,Tottenham Hotspur,0,1,False,2016,2,Group,A,0,-1,detailed_2005_2021
1225,2016-09-27,Borussia Dortmund,Real Madrid,2,2,round : 2,F,Borussia Dortmund,Real Madrid,2,2,False,2016,2,Group,D,0,0,detailed_2005_2021
1226,2016-09-27,Sporting CP,Legia Warszawa,2,0,round : 2,F,Sporting CP,Legia Warszawa,2,0,False,2016,2,Group,H,1,2,detailed_2005_2021
1227,2016-09-27,FC København,Club Brugge,4,0,round : 2,G,FC København,Club Brugge KV,4,0,False,2016,2,Group,H,1,4,detailed_2005_2021
1228,2016-09-27,Leicester City,FC Porto,1,0,round : 2,G,Leicester City,FC Porto,1,0,False,2016,2,Group,H,1,1,detailed_2005_2021
1229,2016-09-27,GNK Dinamo Zagreb,Juventus,0,4,round : 2,H,Dinamo Zagreb,Juventus,0,4,False,2016,2,Group,A,0,-4,detailed_2005_2021
1230,2016-09-27,Sevilla,Olympique Lyonnais,1,0,round : 2,H,Sevilla FC,Olympique Lyon,1,0,False,2016,2,Group,H,1,1,detailed_2005_2021
1231,2016-10-19,Arsenal,Ludogorets Razgrad,6,0,round : 3,A,Arsenal FC,PFC Ludogorets Razgrad,6,0,False,2016,3,Group,H,1,6,detailed_2005_2021
1232,2016-10-19,Paris Saint-Germain,FC Basel,3,0,round : 3,A,Paris Saint-Germain,FC Basel,3,0,False,2016,3,Group,H,1,3,detailed_2005_2021
1233,2016-10-19,Dynamo Kyiv,SL Benfica,0,2,round : 3,B,Dinamo Kiev,SL Benfica,0,2,False,2016,3,Group,A,0,-2,detailed_2005_2021
1234,2016-10-19,Napoli,Beşiktaş,2,3,round : 3,B,SSC Napoli,Beşiktaş,2,3,False,2016,3,Group,A,0,-1,detailed_2005_2021
1235,2016-10-19,Barcelona,Manchester City,4,0,round : 3,C,FC Barcelona,Manchester City,4,0,False,2016,3,Group,H,1,4,detailed_2005_2021
1236,2016-10-19,Celtic,Borussia M'gladbach,0,2,round : 3,C,Celtic FC,Bor. Mönchengladbach,0,2,False,2016,3,Group,A,0,-2,detailed_2005_2021
1237,2016-10-19,Bayern München,PSV Eindhoven,4,1,round : 3,D,Bayern Munich,PSV Eindhoven,4,1,False,2016,3,Group,H,1,3,detailed_2005_2021
1238,2016-10-19,FC Rostov,Atlético Madrid,0,1,round : 3,D,FK Rostov,Atlético Madrid,0,1,False,2016,3,Group,A,0,-1,detailed_2005_2021
1239,2016-10-18,Bayer 04 Leverkusen,Tottenham,0,0,round : 3,E,Bayer Leverkusen,Tottenham Hotspur,0,0,False,2016,3,Group,D,0,0,detailed_2005_2021
1240,2016-10-18,CSKA Moscow,AS Monaco,1,1,round : 3,E,CSKA Moskva,AS Monaco,1,1,False,2016,3,Group,D,0,0,detailed_2005_2021
1241,2016-10-18,Real Madrid,Legia Warszawa,5,1,round : 3,F,Real Madrid,Legia Warszawa,5,1,False,2016,3,Group,H,1,4,detailed_2005_2021
1242,2016-10-18,Sporting CP,Borussia Dortmund,1,2,round : 3,F,Sporting CP,Borussia Dortmund,1,2,False,2016,3,Group,A,0,-1,detailed_2005_2021
1243,2016-10-18,Club Brugge,FC Porto,1,2,round : 3,G,Club Brugge KV,FC Porto,1,2,False,2016,3,Group,A,0,-1,detailed_2005_2021
1244,2016-10-18,Leicester City,FC København,1,0,round : 3,G,Leicester City,FC København,1,0,False,2016,3,Group,H,1,1,detailed_2005_2021
1245,2016-10-18,GNK Dinamo Zagreb,Sevilla,0,1,round : 3,H,Dinamo Zagreb,Sevilla FC,0,1,False,2016,3,Group,A,0,-1,detailed_2005_2021
1246,2016-10-18,Olympique Lyonnais,Juventus,0,1,round : 3,H,Olympique Lyon,Juventus,0,1,False,2016,3,Group,A,0,-1,detailed_2005_2021
1247,2016-11-01,FC Basel,Paris Saint-Germain,1,2,round : 4,A,FC Basel,Paris Saint-Germain,1,2,False,2016,4,Group,A,0,-1,detailed_2005_2021
1248,2016-11-01,Ludogorets Razgrad,Arsenal,2,3,round : 4,A,PFC Ludogorets Razgrad,Arsenal FC,2,3,False,2016,4,Group,A,0,-1,detailed_2005_2021
1249,2016-11-01,Beşiktaş,Napoli,1,1,round : 4,B,Beşiktaş,SSC Napoli,1,1,False,2016,4,Group,D,0,0,detailed_2005_2021
1250,2016-11-01,SL Benfica,Dynamo Kyiv,1,0,round : 4,B,SL Benfica,Dinamo Kiev,1,0,False,2016,4,Group,H,1,1,detailed_2005_2021
1251,2016-11-01,Borussia M'gladbach,Celtic,1,1,round : 4,C,Bor. Mönchengladbach,Celtic FC,1,1,False,2016,4,Group,D,0,0,detailed_2005_2021
1252,2016-11-01,Manchester City,Barcelona,3,1,round : 4,C,Manchester City,FC Barcelona,3,1,False,2016,4,Group,H,1,2,detailed_2005_2021
1253,2016-11-01,Atlético Madrid,FC Rostov,2,1,round : 4,D,Atlético Madrid,FK Rostov,2,1,False,2016,4,Group,H,1,1,detailed_2005_2021
1254,2016-11-01,PSV Eindhoven,Bayern München,1,2,round : 4,D,PSV Eindhoven,Bayern Munich,1,2,False,2016,4,Group,A,0,-1,detailed_2005_2021
1255,2016-11-02,AS Monaco,CSKA Moscow,3,0,round : 4,E,AS Monaco,CSKA Moskva,3,0,False,2016,4,Group,H,1,3,detailed_2005_2021
1256,2016-11-02,Tottenham,Bayer 04 Leverkusen,0,1,round : 4,E,Tottenham Hotspur,Bayer Leverkusen,0,1,False,2016,4,Group,A,0,-1,detailed_2005_2021
1257,2016-11-02,Borussia Dortmund,Sporting CP,1,0,round : 4,F,Borussia Dortmund,Sporting CP,1,0,False,2016,4,Group,H,1,1,detailed_2005_2021
1258,2016-11-02,Legia Warszawa,Real Madrid,3,3,round : 4,F,Legia Warszawa,Real Madrid,3,3,False,2016,4,Group,D,0,0,detailed_2005_2021
1259,2016-11-02,FC København,Leicester City,0,0,round : 4,G,FC København,Leicester City,0,0,False,2016,4,Group,D,0,0,detailed_2005_2021
1260,2016-11-02,FC Porto,Club Brugge,1,0,round : 4,G,FC Porto,Club Brugge KV,1,0,False,2016,4,Group,H,1,1,detailed_2005_2021
1261,2016-11-02,Juventus,Olympique Lyonnais,1,1,round : 4,H,Juventus,Olympique Lyon,1,1,False,2016,4,Group,D,0,0,detailed_2005_2021
1262,2016-11-02,Sevilla,GNK Dinamo Zagreb,4,0,round : 4,H,Sevilla FC,Dinamo Zagreb,4,0,False,2016,4,Group,H,1,4,detailed_2005_2021
1263,2016-11-23,Arsenal,Paris Saint-Germain,2,2,round : 5,A,Arsenal FC,Paris Saint-Germain,2,2,False,2016,5,Group,D,0,0,detailed_2005_2021
1264,2016-11-23,Ludogorets Razgrad,FC Basel,0,0,round : 5,A,PFC Ludogorets Razgrad,FC Basel,0,0,False,2016,5,Group,D,0,0,detailed_2005_2021
1265,2016-11-23,Beşiktaş,SL Benfica,3,3,round : 5,B,Beşiktaş,SL Benfica,3,3,False,2016,5,Group,D,0,0,detailed_2005_2021
1266,2016-11-23,Napoli,Dynamo Kyiv,0,0,round : 5,B,SSC Napoli,Dinamo Kiev,0,0,False,2016,5,Group,D,0,0,detailed_2005_2021
1267,2016-11-23,Borussia M'gladbach,Manchester City,1,1,round : 5,C,Bor. Mönchengladbach,Manchester City,1,1,False,2016,5,Group,D,0,0,detailed_2005_2021
1268,2016-11-23,Celtic,Barcelona,0,2,round : 5,C,Celtic FC,FC Barcelona,0,2,False,2016,5,Group,A,0,-2,detailed_2005_2021
1269,2016-11-23,FC Rostov,Bayern München,3,2,round : 5,D,FK Rostov,Bayern Munich,3,2,False,2016,5,Group,H,1,1,detailed_2005_2021
1270,2016-11-23,Atlético Madrid,PSV Eindhoven,2,0,round : 5,D,Atlético Madrid,PSV Eindhoven,2,0,False,2016,5,Group,H,1,2,detailed_2005_2021
1271,2016-11-22,CSKA Moscow,Bayer 04 Leverkusen,1,1,round : 5,E,CSKA Moskva,Bayer Leverkusen,1,1,False,2016,5,Group,D,0,0,detailed_2005_2021
1272,2016-11-22,AS Monaco,Tottenham,2,1,round : 5,E,AS Monaco,Tottenham Hotspur,2,1,False,2016,5,Group,H,1,1,detailed_2005_2021
1273,2016-11-22,Borussia Dortmund,Legia Warszawa,8,4,round : 5,F,Borussia Dortmund,Legia Warszawa,8,4,False,2016,5,Group,H,1,4,detailed_2005_2021
1274,2016-11-22,Sporting CP,Real Madrid,1,2,round : 5,F,Sporting CP,Real Madrid,1,2,False,2016,5,Group,A,0,-1,detailed_2005_2021
1275,2016-11-22,FC København,FC Porto,0,0,round : 5,G,FC København,FC Porto,0,0,False,2016,5,Group,D,0,0,detailed_2005_2021
1276,2016-11-22,Leicester City,Club Brugge,2,1,round : 5,G,Leicester City,Club Brugge KV,2,1,False,2016,5,Group,H,1,1,detailed_2005_2021
1277,2016-11-22,GNK Dinamo Zagreb,Olympique Lyonnais,0,1,round : 5,H,Dinamo Zagreb,Olympique Lyon,0,1,False,2016,5,Group,A,0,-1,detailed_2005_2021
1278,2016-11-22,Sevilla,Juventus,1,3,round : 5,H,Sevilla FC,Juventus,1,3,False,2016,5,Group,A,0,-2,detailed_2005_2021
1279,2017-02-14,Paris Saint-Germain,Barcelona,4,0,round : 18,,Paris Saint-Germain,FC Barcelona,4,0,False,2016,18,Knockout,H,1,4,detailed_2005_2021
1280,2017-02-14,SL Benfica,Borussia Dortmund,1,0,round : 18,,SL Benfica,Borussia Dortmund,1,0,False,2016,18,Knockout,H,1,1,detailed_2005_2021
1281,2017-02-15,Bayern München,Arsenal,5,1,round : 18,,Bayern Munich,Arsenal FC,5,1,False,2016,18,Knockout,H,1,4,detailed_2005_2021
1282,2017-02-15,Real Madrid,Napoli,3,1,round : 18,,Real Madrid,SSC Napoli,3,1,False,2016,18,Knockout,H,1,2,detailed_2005_2021
1283,2017-02-21,Bayer 04 Leverkusen,Atlético Madrid,2,4,round : 18,,Bayer Leverkusen,Atlético Madrid,2,4,False,2016,18,Knockout,A,0,-2,detailed_2005_2021
1284,2017-02-21,Manchester City,AS Monaco,5,3,round : 18,,Manchester City,AS Monaco,5,3,False,2016,18,Knockout,H,1,2,detailed_2005_2021
1285,2017-02-22,FC Porto,Juventus,0,2,round : 18,,FC Porto,Juventus,0,2,False,2016,18,Knockout,A,0,-2,detailed_2005_2021
1286,2017-02-22,Sevilla,Leicester City,2,1,round : 18,,Sevilla FC,Leicester City,2,1,False,2016,18,Knockout,H,1,1,detailed_2005_2021
1287,2017-03-07,Arsenal,Bayern München,1,5,round : 18,,Arsenal FC,Bayern Munich,1,5,False,2016,18,Knockout,A,0,-4,detailed_2005_2021
1288,2017-03-07,Napoli,Real Madrid,1,3,round : 18,,SSC Napoli,Real Madrid,1,3,False,2016,18,Knockout,A,0,-2,detailed_2005_2021
1289,2017-03-08,Barcelona,Paris Saint-Germain,6,1,round : 18,,FC Barcelona,Paris Saint-Germain,6,1,False,2016,18,Knockout,H,1,5,detailed_2005_2021
1290,2017-03-08,Borussia Dortmund,SL Benfica,4,0,round : 18,,Borussia Dortmund,SL Benfica,4,0,False,2016,18,Knockout,H,1,4,detailed_2005_2021
1291,2017-03-14,Juventus,FC Porto,1,0,round : 18,,Juventus,FC Porto,1,0,False,2016,18,Knockout,H,1,1,detailed_2005_2021
1292,2017-03-14,Leicester City,Sevilla,2,0,round : 18,,Leicester City,Sevilla FC,2,0,False,2016,18,Knockout,H,1,2,detailed_2005_2021
1293,2017-03-15,AS Monaco,Manchester City,3,1,round : 18,,AS Monaco,Manchester City,3,1,False,2016,18,Knockout,H,1,2,detailed_2005_2021
1294,2017-03-15,Atlético Madrid,Bayer 04 Leverkusen,0,0,round : 18,,Atlético Madrid,Bayer Leverkusen,0,0,False,2016,18,Knockout,D,0,0,detailed_2005_2021
1295,2017-04-11,Juventus,Barcelona,3,0,round : quarterfinals,,Juventus,FC Barcelona,3,0,False,2016,quarterfinals,Knockout,H,1,3,detailed_2005_2021
1296,2017-04-12,Borussia Dortmund,AS Monaco,2,3,round : quarterfinals,,Borussia Dortmund,AS Monaco,2,3,False,2016,quarterfinals,Knockout,A,0,-1,detailed_2005_2021
1297,2017-04-12,Atlético Madrid,Leicester City,1,0,round : quarterfinals,,Atlético Madrid,Leicester City,1,0,False,2016,quarterfinals,Knockout,H,1,1,detailed_2005_2021
1298,2017-04-12,Bayern München,Real Madrid,1,2,round : quarterfinals,,Bayern Munich,Real Madrid,1,2,False,2016,quarterfinals,Knockout,A,0,-1,detailed_2005_2021
1299,2017-04-18,Leicester City,Atlético Madrid,1,1,round : quarterfinals,,Leicester City,Atlético Madrid,1,1,False,2016,quarterfinals,Knockout,D,0,0,detailed_2005_2021
1300,2017-04-18,Real Madrid,Bayern München,1(3),2(0),round : quarterfinals,,Real Madrid,Bayern Munich,1,2,True,2016,quarterfinals,Knockout,A,0,-1,detailed_2005_2021
1301,2017-04-19,AS Monaco,Borussia Dortmund,3,1,round : quarterfinals,,AS Monaco,Borussia Dortmund,3,1,False,2016,quarterfinals,Knockout,H,1,2,detailed_2005_2021
1302,2017-04-19,Barcelona,Juventus,0,0,round : quarterfinals,,FC Barcelona,Juventus,0,0,False,2016,quarterfinals,Knockout,D,0,0,detailed_2005_2021
1303,2017-05-02,Real Madrid,Atlético Madrid,3,0,round : semifinals,,Real Madrid,Atlético Madrid,3,0,False,2016,semifinals,Knockout,H,1,3,detailed_2005_2021
1304,2017-05-03,AS Monaco,Juventus,0,2,round : semifinals,,AS Monaco,Juventus,0,2,False,2016,semifinals,Knockout,A,0,-2,detailed_2005_2021
1305,2017-05-09,Juventus,AS Monaco,2,1,round : semifinals,,Juventus,AS Monaco,2,1,False,2016,semifinals,Knockout,H,1,1,detailed_2005_2021
1306,2017-05-10,Atlético Madrid,Real Madrid,2,1,round : semifinals,,Atlético Madrid,Real Madrid,2,1,False,2016,semifinals,Knockout,H,1,1,detailed_2005_2021
1307,2017-06-03,Juventus,Real Madrid,1,4,round : final,,Juventus,Real Madrid,1,4,False,2016,final,Knockout,A,0,-3,detailed_2005_2021
1308,2017-09-12,Manchester United,FC Basel,3,0,round : 1,A,Manchester United,FC Basel,3,0,False,2017,1,Group,H,1,3,detailed_2005_2021
1309,2017-09-12,SL Benfica,CSKA Moscow,1,2,round : 1,A,SL Benfica,CSKA Moskva,1,2,False,2017,1,Group,A,0,-1,detailed_2005_2021
1310,2017-09-12,Bayern München,RSC Anderlecht,3,0,round : 1,B,Bayern Munich,RSC Anderlecht,3,0,False,2017,1,Group,H,1,3,detailed_2005_2021
1311,2017-09-12,Celtic,Paris Saint-Germain,0,5,round : 1,B,Celtic FC,Paris Saint-Germain,0,5,False,2017,1,Group,A,0,-5,detailed_2005_2021
1312,2017-09-12,Chelsea,Qarabağ Ağdam FK,6,0,round : 1,C,Chelsea FC,Qarabağ FK,6,0,False,2017,1,Group,H,1,6,detailed_2005_2021
1313,2017-09-12,Roma,Atlético Madrid,0,0,round : 1,C,AS Roma,Atlético Madrid,0,0,False,2017,1,Group,D,0,0,detailed_2005_2021
1314,2017-09-12,Barcelona,Juventus,3,0,round : 1,D,FC Barcelona,Juventus,3,0,False,2017,1,Group,H,1,3,detailed_2005_2021
1315,2017-09-12,Olympiacos,Sporting CP,2,3,round : 1,D,Olympiakos Piraeus,Sporting CP,2,3,False,2017,1,Group,A,0,-1,detailed_2005_2021
1316,2017-09-13,Liverpool,Sevilla,2,2,round : 1,E,Liverpool FC,Sevilla FC,2,2,False,2017,1,Group,D,0,0,detailed_2005_2021
1317,2017-09-13,NK Maribor,Spartak Moscow,1,1,round : 1,E,NK Maribor,Spartak Moskva,1,1,False,2017,1,Group,D,0,0,detailed_2005_2021
1318,2017-09-13,Feyenoord,Manchester City,0,4,round : 1,F,Feyenoord,Manchester City,0,4,False,2017,1,Group,A,0,-4,detailed_2005_2021
1319,2017-09-13,Shakhtar Donetsk,Napoli,2,1,round : 1,F,Shakhtar Donetsk,SSC Napoli,2,1,False,2017,1,Group,H,1,1,detailed_2005_2021
1320,2017-09-13,FC Porto,Beşiktaş,1,3,round : 1,G,FC Porto,Beşiktaş,1,3,False,2017,1,Group,A,0,-2,detailed_2005_2021
1321,2017-09-13,RB Leipzig,AS Monaco,1,1,round : 1,G,RB Leipzig,AS Monaco,1,1,False,2017,1,Group,D,0,0,detailed_2005_2021
1322,2017-09-13,Real Madrid,APOEL Nicosia,3,0,round : 1,H,Real Madrid,APOEL Nikosia,3,0,False,2017,1,Group,H,1,3,detailed_2005_2021
1323,2017-09-13,Tottenham,Borussia Dortmund,3,1,round : 1,H,Tottenham Hotspur,Borussia Dortmund,3,1,False,2017,1,Group,H,1,2,detailed_2005_2021
1324,2017-09-27,CSKA Moscow,Manchester United,1,4,round : 2,A,CSKA Moskva,Manchester United,1,4,False,2017,2,Group,A,0,-3,detailed_2005_2021
1325,2017-09-27,FC Basel,SL Benfica,5,0,round : 2,A,FC Basel,SL Benfica,5,0,False,2017,2,Group,H,1,5,detailed_2005_2021
1326,2017-09-27,Paris Saint-Germain,Bayern München,3,0,round : 2,B,Paris Saint-Germain,Bayern Munich,3,0,False,2017,2,Group,H,1,3,detailed_2005_2021
1327,2017-09-27,RSC Anderlecht,Celtic,0,3,round : 2,B,RSC Anderlecht,Celtic FC,0,3,False,2017,2,Group,A,0,-3,detailed_2005_2021
1328,2017-09-27,Qarabağ Ağdam FK,Roma,1,2,round : 2,C,Qarabağ FK,AS Roma,1,2,False,2017,2,Group,A,0,-1,detailed_2005_2021
1329,2017-09-27,Atlético Madrid,Chelsea,1,2,round : 2,C,Atlético Madrid,Chelsea FC,1,2,False,2017,2,Group,A,0,-1,detailed_2005_2021
1330,2017-09-27,Juventus,Olympiacos,2,0,round : 2,D,Juventus,Olympiakos Piraeus,2,0,False,2017,2,Group,H,1,2,detailed_2005_2021
1331,2017-09-27,Sporting CP,Barcelona,0,1,round : 2,D,Sporting CP,FC Barcelona,0,1,False,2017,2,Group,A,0,-1,detailed_2005_2021
1332,2017-09-26,Sevilla,NK Maribor,3,0,round : 2,E,Sevilla FC,NK Maribor,3,0,False,2017,2,Group,H,1,3,detailed_2005_2021
1333,2017-09-26,Spartak Moscow,Liverpool,1,1,round : 2,E,Spartak Moskva,Liverpool FC,1,1,False,2017,2,Group,D,0,0,detailed_2005_2021
1334,2017-09-26,Manchester City,Shakhtar Donetsk,2,0,round : 2,F,Manchester City,Shakhtar Donetsk,2,0,False,2017,2,Group,H,1,2,detailed_2005_2021
1335,2017-09-26,Napoli,Feyenoord,3,1,round : 2,F,SSC Napoli,Feyenoord,3,1,False,2017,2,Group,H,1,2,detailed_2005_2021
1336,2017-09-26,AS Monaco,FC Porto,0,3,round : 2,G,AS Monaco,FC Porto,0,3,False,2017,2,Group,A,0,-3,detailed_2005_2021
1337,2017-09-26,Beşiktaş,RB Leipzig,2,0,round : 2,G,Beşiktaş,RB Leipzig,2,0,False,2017,2,Group,H,1,2,detailed_2005_2021
1338,2017-09-26,APOEL Nicosia,Tottenham,0,3,round : 2,H,APOEL Nikosia,Tottenham Hotspur,0,3,False,2017,2,Group,A,0,-3,detailed_2005_2021
1339,2017-09-26,Borussia Dortmund,Real Madrid,1,3,round : 2,H,Borussia Dortmund,Real Madrid,1,3,False,2017,2,Group,A,0,-2,detailed_2005_2021
1340,2017-10-18,CSKA Moscow,FC Basel,0,2,round : 3,A,CSKA Moskva,FC Basel,0,2,False,2017,3,Group,A,0,-2,detailed_2005_2021
1341,2017-10-18,SL Benfica,Manchester United,0,1,round : 3,A,SL Benfica,Manchester United,0,1,False,2017,3,Group,A,0,-1,detailed_2005_2021
1342,2017-10-18,Bayern München,Celtic,3,0,round : 3,B,Bayern Munich,Celtic FC,3,0,False,2017,3,Group,H,1,3,detailed_2005_2021
1343,2017-10-18,RSC Anderlecht,Paris Saint-Germain,0,4,round : 3,B,RSC Anderlecht,Paris Saint-Germain,0,4,False,2017,3,Group,A,0,-4,detailed_2005_2021
1344,2017-10-18,Qarabağ Ağdam FK,Atlético Madrid,0,0,round : 3,C,Qarabağ FK,Atlético Madrid,0,0,False,2017,3,Group,D,0,0,detailed_2005_2021
1345,2017-10-18,Chelsea,Roma,3,3,round : 3,C,Chelsea FC,AS Roma,3,3,False,2017,3,Group,D,0,0,detailed_2005_2021
1346,2017-10-18,Barcelona,Olympiacos,3,1,round : 3,D,FC Barcelona,Olympiakos Piraeus,3,1,False,2017,3,Group,H,1,2,detailed_2005_2021
1347,2017-10-18,Juventus,Sporting CP,2,1,round : 3,D,Juventus,Sporting CP,2,1,False,2017,3,Group,H,1,1,detailed_2005_2021
1348,2017-10-17,NK Maribor,Liverpool,0,7,round : 3,E,NK Maribor,Liverpool FC,0,7,False,2017,3,Group,A,0,-7,detailed_2005_2021
1349,2017-10-17,Spartak Moscow,Sevilla,5,1,round : 3,E,Spartak Moskva,Sevilla FC,5,1,False,2017,3,Group,H,1,4,detailed_2005_2021
1350,2017-10-17,Feyenoord,Shakhtar Donetsk,1,2,round : 3,F,Feyenoord,Shakhtar Donetsk,1,2,False,2017,3,Group,A,0,-1,detailed_2005_2021
1351,2017-10-17,Manchester City,Napoli,2,1,round : 3,F,Manchester City,SSC Napoli,2,1,False,2017,3,Group,H,1,1,detailed_2005_2021
1352,2017-10-17,AS Monaco,Beşiktaş,1,2,round : 3,G,AS Monaco,Beşiktaş,1,2,False,2017,3,Group,A,0,-1,detailed_2005_2021
1353,2017-10-17,RB Leipzig,FC Porto,3,2,round : 3,G,RB Leipzig,FC Porto,3,2,False,2017,3,Group,H,1,1,detailed_2005_2021
1354,2017-10-17,APOEL Nicosia,Borussia Dortmund,1,1,round : 3,H,APOEL Nikosia,Borussia Dortmund,1,1,False,2017,3,Group,D,0,0,detailed_2005_2021
1355,2017-10-17,Real Madrid,Tottenham,1,1,round : 3,H,Real Madrid,Tottenham Hotspur,1,1,False,2017,3,Group,D,0,0,detailed_2005_2021
1356,2017-10-31,FC Basel,CSKA Moscow,1,2,round : 4,A,FC Basel,CSKA Moskva,1,2,False,2017,4,Group,A,0,-1,detailed_2005_2021
1357,2017-10-31,Manchester United,SL Benfica,2,0,round : 4,A,Manchester United,SL Benfica,2,0,False,2017,4,Group,H,1,2,detailed_2005_2021
1358,2017-10-31,Celtic,Bayern München,1,2,round : 4,B,Celtic FC,Bayern Munich,1,2,False,2017,4,Group,A,0,-1,detailed_2005_2021
1359,2017-10-31,Paris Saint-Germain,RSC Anderlecht,5,0,round : 4,B,Paris Saint-Germain,RSC Anderlecht,5,0,False,2017,4,Group,H,1,5,detailed_2005_2021
1360,2017-10-31,Atlético Madrid,Qarabağ Ağdam FK,1,1,round : 4,C,Atlético Madrid,Qarabağ FK,1,1,False,2017,4,Group,D,0,0,detailed_2005_2021
1361,2017-10-31,Roma,Chelsea,3,0,round : 4,C,AS Roma,Chelsea FC,3,0,False,2017,4,Group,H,1,3,detailed_2005_2021
1362,2017-10-31,Olympiacos,Barcelona,0,0,round : 4,D,Olympiakos Piraeus,FC Barcelona,0,0,False,2017,4,Group,D,0,0,detailed_2005_2021
1363,2017-10-31,Sporting CP,Juventus,1,1,round : 4,D,Sporting CP,Juventus,1,1,False,2017,4,Group,D,0,0,detailed_2005_2021
1364,2017-11-01,Liverpool,NK Maribor,3,0,round : 4,E,Liverpool FC,NK Maribor,3,0,False,2017,4,Group,H,1,3,detailed_2005_2021
1365,2017-11-01,Sevilla,Spartak Moscow,2,1,round : 4,E,Sevilla FC,Spartak Moskva,2,1,False,2017,4,Group,H,1,1,detailed_2005_2021
1366,2017-11-01,Napoli,Manchester City,2,4,round : 4,F,SSC Napoli,Manchester City,2,4,False,2017,4,Group,A,0,-2,detailed_2005_2021
1367,2017-11-01,Shakhtar Donetsk,Feyenoord,3,1,round : 4,F,Shakhtar Donetsk,Feyenoord,3,1,False,2017,4,Group,H,1,2,detailed_2005_2021
1368,2017-11-01,Beşiktaş,AS Monaco,1,1,round : 4,G,Beşiktaş,AS Monaco,1,1,False,2017,4,Group,D,0,0,detailed_2005_2021
1369,2017-11-01,FC Porto,RB Leipzig,3,1,round : 4,G,FC Porto,RB Leipzig,3,1,False,2017,4,Group,H,1,2,detailed_2005_2021
1370,2017-11-01,Borussia Dortmund,APOEL Nicosia,1,1,round : 4,H,Borussia Dortmund,APOEL Nikosia,1,1,False,2017,4,Group,D,0,0,detailed_2005_2021
1371,2017-11-01,Tottenham,Real Madrid,3,1,round : 4,H,Tottenham Hotspur,Real Madrid,3,1,False,2017,4,Group,H,1,2,detailed_2005_2021
1372,2017-11-22,CSKA Moscow,SL Benfica,2,0,round : 5,A,CSKA Moskva,SL Benfica,2,0,False,2017,5,Group,H,1,2,detailed_2005_2021
1373,2017-11-22,FC Basel,Manchester United,1,0,round : 5,A,FC Basel,Manchester United,1,0,False,2017,5,Group,H,1,1,detailed_2005_2021
1374,2017-11-22,Paris Saint-Germain,Celtic,7,1,round : 5,B,Paris Saint-Germain,Celtic FC,7,1,False,2017,5,Group,H,1,6,detailed_2005_2021
1375,2017-11-22,RSC Anderlecht,Bayern München,1,2,round : 5,B,RSC Anderlecht,Bayern Munich,1,2,False,2017,5,Group,A,0,-1,detailed_2005_2021
1376,2017-11-22,Qarabağ Ağdam FK,Chelsea,0,4,round : 5,C,Qarabağ FK,Chelsea FC,0,4,False,2017,5,Group,A,0,-4,detailed_2005_2021
1377,2017-11-22,Atlético Madrid,Roma,2,0,round : 5,C,Atlético Madrid,AS Roma,2,0,False,2017,5,Group,H,1,2,detailed_2005_2021
1378,2017-11-22,Juventus,Barcelona,0,0,round : 5,D,Juventus,FC Barcelona,0,0,False,2017,5,Group,D,0,0,detailed_2005_2021
1379,2017-11-22,Sporting CP,Olympiacos,3,1,round : 5,D,Sporting CP,Olympiakos Piraeus,3,1,False,2017,5,Group,H,1,2,detailed_2005_2021
1380,2017-11-21,Spartak Moscow,NK Maribor,1,1,round : 5,E,Spartak Moskva,NK Maribor,1,1,False,2017,5,Group,D,0,0,detailed_2005_2021
1381,2017-11-21,Sevilla,Liverpool,3,3,round : 5,E,Sevilla FC,Liverpool FC,3,3,False,2017,5,Group,D,0,0,detailed_2005_2021
1382,2017-11-21,Manchester City,Feyenoord,1,0,round : 5,F,Manchester City,Feyenoord,1,0,False,2017,5,Group,H,1,1,detailed_2005_2021
1383,2017-11-21,Napoli,Shakhtar Donetsk,3,0,round : 5,F,SSC Napoli,Shakhtar Donetsk,3,0,False,2017,5,Group,H,1,3,detailed_2005_2021
1384,2017-11-21,Beşiktaş,FC Porto,1,1,round : 5,G,Beşiktaş,FC Porto,1,1,False,2017,5,Group,D,0,0,detailed_2005_2021
1385,2017-11-21,AS Monaco,RB Leipzig,1,4,round : 5,G,AS Monaco,RB Leipzig,1,4,False,2017,5,Group,A,0,-3,detailed_2005_2021
1386,2017-11-21,APOEL Nicosia,Real Madrid,0,6,round : 5,H,APOEL Nikosia,Real Madrid,0,6,False,2017,5,Group,A,0,-6,detailed_2005_2021
1387,2017-11-21,Borussia Dortmund,Tottenham,1,2,round : 5,H,Borussia Dortmund,Tottenham Hotspur,1,2,False,2017,5,Group,A,0,-1,detailed_2005_2021
1388,2018-02-13,FC Basel,Manchester City,0,4,round : 18,,FC Basel,Manchester City,0,4,False,2017,18,Knockout,A,0,-4,detailed_2005_2021
1389,2018-02-13,Juventus,Tottenham,2,2,round : 18,,Juventus,Tottenham Hotspur,2,2,False,2017,18,Knockout,D,0,0,detailed_2005_2021
1390,2018-02-14,FC Porto,Liverpool,0,5,round : 18,,FC Porto,Liverpool FC,0,5,False,2017,18,Knockout,A,0,-5,detailed_2005_2021
1391,2018-02-14,Real Madrid,Paris Saint-Germain,3,1,round : 18,,Real Madrid,Paris Saint-Germain,3,1,False,2017,18,Knockout,H,1,2,detailed_2005_2021
1392,2018-02-20,Bayern München,Beşiktaş,5,0,round : 18,,Bayern Munich,Beşiktaş,5,0,False,2017,18,Knockout,H,1,5,detailed_2005_2021
1393,2018-02-20,Chelsea,Barcelona,1,1,round : 18,,Chelsea FC,FC Barcelona,1,1,False,2017,18,Knockout,D,0,0,detailed_2005_2021
1394,2018-02-21,Sevilla,Manchester United,0,0,round : 18,,Sevilla FC,Manchester United,0,0,False,2017,18,Knockout,D,0,0,detailed_2005_2021
1395,2018-02-21,Shakhtar Donetsk,Roma,2,1,round : 18,,Shakhtar Donetsk,AS Roma,2,1,False,2017,18,Knockout,H,1,1,detailed_2005_2021
1396,2018-03-06,Liverpool,FC Porto,0,0,round : 18,,Liverpool FC,FC Porto,0,0,False,2017,18,Knockout,D,0,0,detailed_2005_2021
1397,2018-03-06,Paris Saint-Germain,Real Madrid,1,2,round : 18,,Paris Saint-Germain,Real Madrid,1,2,False,2017,18,Knockout,A,0,-1,detailed_2005_2021
1398,2018-03-07,Manchester City,FC Basel,1,2,round : 18,,Manchester City,FC Basel,1,2,False,2017,18,Knockout,A,0,-1,detailed_2005_2021
1399,2018-03-07,Tottenham,Juventus,1,2,round : 18,,Tottenham Hotspur,Juventus,1,2,False,2017,18,Knockout,A,0,-1,detailed_2005_2021
1400,2018-03-13,Manchester United,Sevilla,1,2,round : 18,,Manchester United,Sevilla FC,1,2,False,2017,18,Knockout,A,0,-1,detailed_2005_2021
1401,2018-03-13,Roma,Shakhtar Donetsk,1,0,round : 18,,AS Roma,Shakhtar Donetsk,1,0,False,2017,18,Knockout,H,1,1,detailed_2005_2021
1402,2018-03-14,Beşiktaş,Bayern München,1,3,round : 18,,Beşiktaş,Bayern Munich,1,3,False,2017,18,Knockout,A,0,-2,detailed_2005_2021
1403,2018-03-14,Barcelona,Chelsea,3,0,round : 18,,FC Barcelona,Chelsea FC,3,0,False,2017,18,Knockout,H,1,3,detailed_2005_2021
1404,2018-04-03,Juventus,Real Madrid,0,3,round : quarterfinals,,Juventus,Real Madrid,0,3,False,2017,quarterfinals,Knockout,A,0,-3,detailed_2005_2021
1405,2018-04-03,Sevilla,Bayern München,1,2,round : quarterfinals,,Sevilla FC,Bayern Munich,1,2,False,2017,quarterfinals,Knockout,A,0,-1,detailed_2005_2021
1406,2018-04-04,Barcelona,Roma,4,1,round : quarterfinals,,FC Barcelona,AS Roma,4,1,False,2017,quarterfinals,Knockout,H,1,3,detailed_2005_2021
1407,2018-04-04,Liverpool,Manchester City,3,0,round : quarterfinals,,Liverpool FC,Manchester City,3,0,False,2017,quarterfinals,Knockout,H,1,3,detailed_2005_2021
1408,2018-04-10,Manchester City,Liverpool,1,2,round : quarterfinals,,Manchester City,Liverpool FC,1,2,False,2017,quarterfinals,Knockout,A,0,-1,detailed_2005_2021
1409,2018-04-10,Roma,Barcelona,3,0,round : quarterfinals,,AS Roma,FC Barcelona,3,0,False,2017,quarterfinals,Knockout,H,1,3,detailed_2005_2021
1410,2018-04-11,Bayern München,Sevilla,0,0,round : quarterfinals,,Bayern Munich,Sevilla FC,0,0,False,2017,quarterfinals,Knockout,D,0,0,detailed_2005_2021
1411,2018-04-11,Real Madrid,Juventus,1,3,round : quarterfinals,,Real Madrid,Juventus,1,3,False,2017,quarterfinals,Knockout,A,0,-2,detailed_2005_2021
1412,2018-04-24,Liverpool,Roma,5,2,round : semifinals,,Liverpool FC,AS Roma,5,2,False,2017,semifinals,Knockout,H,1,3,detailed_2005_2021
1413,2018-04-25,Bayern München,Real Madrid,1,2,round : semifinals,,Bayern Munich,Real Madrid,1,2,False,2017,semifinals,Knockout,A,0,-1,detailed_2005_2021
1414,2018-05-01,Real Madrid,Bayern München,2,2,round : semifinals,,Real Madrid,Bayern Munich,2,2,False,2017,semifinals,Knockout,D,0,0,detailed_2005_2021
1415,2018-05-02,Roma,Liverpool,4,2,round : semifinals,,AS Roma,Liverpool FC,4,2,False,2017,semifinals,Knockout,H,1,2,detailed_2005_2021
1416,2018-05-26,Real Madrid,Liverpool,3,1,round : final,,Real Madrid,Liverpool FC,3,1,False,2017,final,Knockout,H,1,2,detailed_2005_2021
1417,2018-09-18,AS Monaco,Atlético Madrid,1,2,round : 1,A,AS Monaco,Atlético Madrid,1,2,False,2018,1,Group,A,0,-1,detailed_2005_2021
1418,2018-09-18,Club Brugge,Borussia Dortmund,0,1,round : 1,A,Club Brugge KV,Borussia Dortmund,0,1,False,2018,1,Group,A,0,-1,detailed_2005_2021
1419,2018-09-18,Barcelona,PSV Eindhoven,4,0,round : 1,B,FC Barcelona,PSV Eindhoven,4,0,False,2018,1,Group,H,1,4,detailed_2005_2021
1420,2018-09-18,Inter,Tottenham,2,1,round : 1,B,Inter Milan,Tottenham Hotspur,2,1,False,2018,1,Group,H,1,1,detailed_2005_2021
1421,2018-09-18,FK Crvena zvezda,Napoli,0,0,round : 1,C,Crvena Zvezda,SSC Napoli,0,0,False,2018,1,Group,D,0,0,detailed_2005_2021
1422,2018-09-18,Liverpool,Paris Saint-Germain,3,2,round : 1,C,Liverpool FC,Paris Saint-Germain,3,2,False,2018,1,Group,H,1,1,detailed_2005_2021
1423,2018-09-18,FC Schalke 04,FC Porto,1,1,round : 1,D,FC Schalke 04,FC Porto,1,1,False,2018,1,Group,D,0,0,detailed_2005_2021
1424,2018-09-18,Galatasaray,Lokomotiv Moscow,3,0,round : 1,D,Galatasaray,Lokomotiv Moskva,3,0,False,2018,1,Group,H,1,3,detailed_2005_2021
1425,2018-09-19,Ajax,AEK Athens,3,0,round : 1,E,AFC Ajax,AEK Athen,3,0,False,2018,1,Group,H,1,3,detailed_2005_2021
1426,2018-09-19,SL Benfica,Bayern München,0,2,round : 1,E,SL Benfica,Bayern Munich,0,2,False,2018,1,Group,A,0,-2,detailed_2005_2021
1427,2018-09-19,Shakhtar Donetsk,1899 Hoffenheim,2,2,round : 1,F,Shakhtar Donetsk,1899 Hoffenheim,2,2,False,2018,1,Group,D,0,0,detailed_2005_2021
1428,2018-09-19,Manchester City,Olympique Lyonnais,1,2,round : 1,F,Manchester City,Olympique Lyon,1,2,False,2018,1,Group,A,0,-1,detailed_2005_2021
1429,2018-09-19,Real Madrid,Roma,3,0,round : 1,G,Real Madrid,AS Roma,3,0,False,2018,1,Group,H,1,3,detailed_2005_2021
1430,2018-09-19,Viktoria Plzeň,CSKA Moscow,2,2,round : 1,G,Viktoria Plzeň,CSKA Moskva,2,2,False,2018,1,Group,D,0,0,detailed_2005_2021
1431,2018-09-19,Valencia,Juventus,0,2,round : 1,H,Valencia CF,Juventus,0,2,False,2018,1,Group,A,0,-2,detailed_2005_2021
1432,2018-09-19,Young Boys,Manchester United,0,3,round : 1,H,BSC Young Boys,Manchester United,0,3,False,2018,1,Group,A,0,-3,detailed_2005_2021
1433,2018-10-03,Atlético Madrid,Club Brugge,3,1,round : 2,A,Atlético Madrid,Club Brugge KV,3,1,False,2018,2,Group,H,1,2,detailed_2005_2021
1434,2018-10-03,Borussia Dortmund,AS Monaco,3,0,round : 2,A,Borussia Dortmund,AS Monaco,3,0,False,2018,2,Group,H,1,3,detailed_2005_2021
1435,2018-10-03,PSV Eindhoven,Inter,1,2,round : 2,B,PSV Eindhoven,Inter Milan,1,2,False,2018,2,Group,A,0,-1,detailed_2005_2021
1436,2018-10-03,Tottenham,Barcelona,2,4,round : 2,B,Tottenham Hotspur,FC Barcelona,2,4,False,2018,2,Group,A,0,-2,detailed_2005_2021
1437,2018-10-03,Paris Saint-Germain,FK Crvena zvezda,6,1,round : 2,C,Paris Saint-Germain,Crvena Zvezda,6,1,False,2018,2,Group,H,1,5,detailed_2005_2021
1438,2018-10-03,Napoli,Liverpool,1,0,round : 2,C,SSC Napoli,Liverpool FC,1,0,False,2018,2,Group,H,1,1,detailed_2005_2021
1439,2018-10-03,Lokomotiv Moscow,FC Schalke 04,0,1,round : 2,D,Lokomotiv Moskva,FC Schalke 04,0,1,False,2018,2,Group,A,0,-1,detailed_2005_2021
1440,2018-10-03,FC Porto,Galatasaray,1,0,round : 2,D,FC Porto,Galatasaray,1,0,False,2018,2,Group,H,1,1,detailed_2005_2021
1441,2018-10-02,AEK Athens,SL Benfica,2,3,round : 2,E,AEK Athen,SL Benfica,2,3,False,2018,2,Group,A,0,-1,detailed_2005_2021
1442,2018-10-02,Bayern München,Ajax,1,1,round : 2,E,Bayern Munich,AFC Ajax,1,1,False,2018,2,Group,D,0,0,detailed_2005_2021
1443,2018-10-02,1899 Hoffenheim,Manchester City,1,2,round : 2,F,1899 Hoffenheim,Manchester City,1,2,False,2018,2,Group,A,0,-1,detailed_2005_2021
1444,2018-10-02,Olympique Lyonnais,Shakhtar Donetsk,2,2,round : 2,F,Olympique Lyon,Shakhtar Donetsk,2,2,False,2018,2,Group,D,0,0,detailed_2005_2021
1445,2018-10-02,CSKA Moscow,Real Madrid,1,0,round : 2,G,CSKA Moskva,Real Madrid,1,0,False,2018,2,Group,H,1,1,detailed_2005_2021
1446,2018-10-02,Roma,Viktoria Plzeň,5,0,round : 2,G,AS Roma,Viktoria Plzeň,5,0,False,2018,2,Group,H,1,5,detailed_2005_2021
1447,2018-10-02,Juventus,Young Boys,3,0,round : 2,H,Juventus,BSC Young Boys,3,0,False,2018,2,Group,H,1,3,detailed_2005_2021
1448,2018-10-02,Manchester United,Valencia,0,0,round : 2,H,Manchester United,Valencia CF,0,0,False,2018,2,Group,D,0,0,detailed_2005_2021
1449,2018-10-24,Club Brugge,AS Monaco,1,1,round : 3,A,Club Brugge KV,AS Monaco,1,1,False,2018,3,Group,D,0,0,detailed_2005_2021
1450,2018-10-24,Borussia Dortmund,Atlético Madrid,4,0,round : 3,A,Borussia Dortmund,Atlético Madrid,4,0,False,2018,3,Group,H,1,4,detailed_2005_2021
1451,2018-10-24,PSV Eindhoven,Tottenham,2,2,round : 3,B,PSV Eindhoven,Tottenham Hotspur,2,2,False,2018,3,Group,D,0,0,detailed_2005_2021
1452,2018-10-24,Barcelona,Inter,2,0,round : 3,B,FC Barcelona,Inter Milan,2,0,False,2018,3,Group,H,1,2,detailed_2005_2021
1453,2018-10-24,Liverpool,FK Crvena zvezda,4,0,round : 3,C,Liverpool FC,Crvena Zvezda,4,0,False,2018,3,Group,H,1,4,detailed_2005_2021
1454,2018-10-24,Paris Saint-Germain,Napoli,2,2,round : 3,C,Paris Saint-Germain,SSC Napoli,2,2,False,2018,3,Group,D,0,0,detailed_2005_2021
1455,2018-10-24,Galatasaray,FC Schalke 04,0,0,round : 3,D,Galatasaray,FC Schalke 04,0,0,False,2018,3,Group,D,0,0,detailed_2005_2021
1456,2018-10-24,Lokomotiv Moscow,FC Porto,1,3,round : 3,D,Lokomotiv Moskva,FC Porto,1,3,False,2018,3,Group,A,0,-2,detailed_2005_2021
1457,2018-10-23,AEK Athens,Bayern München,0,2,round : 3,E,AEK Athen,Bayern Munich,0,2,False,2018,3,Group,A,0,-2,detailed_2005_2021
1458,2018-10-23,Ajax,SL Benfica,1,0,round : 3,E,AFC Ajax,SL Benfica,1,0,False,2018,3,Group,H,1,1,detailed_2005_2021
1459,2018-10-23,1899 Hoffenheim,Olympique Lyonnais,3,3,round : 3,F,1899 Hoffenheim,Olympique Lyon,3,3,False,2018,3,Group,D,0,0,detailed_2005_2021
1460,2018-10-23,Shakhtar Donetsk,Manchester City,0,3,round : 3,F,Shakhtar Donetsk,Manchester City,0,3,False,2018,3,Group,A,0,-3,detailed_2005_2021
1461,2018-10-23,Real Madrid,Viktoria Plzeň,2,1,round : 3,G,Real Madrid,Viktoria Plzeň,2,1,False,2018,3,Group,H,1,1,detailed_2005_2021
1462,2018-10-23,Roma,CSKA Moscow,3,0,round : 3,G,AS Roma,CSKA Moskva,3,0,False,2018,3,Group,H,1,3,detailed_2005_2021
1463,2018-10-23,Young Boys,Valencia,1,1,round : 3,H,BSC Young Boys,Valencia CF,1,1,False,2018,3,Group,D,0,0,detailed_2005_2021
1464,2018-10-23,Manchester United,Juventus,0,1,round : 3,H,Manchester United,Juventus,0,1,False,2018,3,Group,A,0,-1,detailed_2005_2021
1465,2018-11-06,AS Monaco,Club Brugge,0,4,round : 4,A,AS Monaco,Club Brugge KV,0,4,False,2018,4,Group,A,0,-4,detailed_2005_2021
1466,2018-11-06,Atlético Madrid,Borussia Dortmund,2,0,round : 4,A,Atlético Madrid,Borussia Dortmund,2,0,False,2018,4,Group,H,1,2,detailed_2005_2021
1467,2018-11-06,Inter,Barcelona,1,1,round : 4,B,Inter Milan,FC Barcelona,1,1,False,2018,4,Group,D,0,0,detailed_2005_2021
1468,2018-11-06,Tottenham,PSV Eindhoven,2,1,round : 4,B,Tottenham Hotspur,PSV Eindhoven,2,1,False,2018,4,Group,H,1,1,detailed_2005_2021
1469,2018-11-06,FK Crvena zvezda,Liverpool,2,0,round : 4,C,Crvena Zvezda,Liverpool FC,2,0,False,2018,4,Group,H,1,2,detailed_2005_2021
1470,2018-11-06,Napoli,Paris Saint-Germain,1,1,round : 4,C,SSC Napoli,Paris Saint-Germain,1,1,False,2018,4,Group,D,0,0,detailed_2005_2021
1471,2018-11-06,FC Porto,Lokomotiv Moscow,4,1,round : 4,D,FC Porto,Lokomotiv Moskva,4,1,False,2018,4,Group,H,1,3,detailed_2005_2021
1472,2018-11-06,FC Schalke 04,Galatasaray,2,0,round : 4,D,FC Schalke 04,Galatasaray,2,0,False,2018,4,Group,H,1,2,detailed_2005_2021
1473,2018-11-07,Bayern München,AEK Athens,2,0,round : 4,E,Bayern Munich,AEK Athen,2,0,False,2018,4,Group,H,1,2,detailed_2005_2021
1474,2018-11-07,SL Benfica,Ajax,1,1,round : 4,E,SL Benfica,AFC Ajax,1,1,False,2018,4,Group,D,0,0,detailed_2005_2021
1475,2018-11-07,Manchester City,Shakhtar Donetsk,6,0,round : 4,F,Manchester City,Shakhtar Donetsk,6,0,False,2018,4,Group,H,1,6,detailed_2005_2021
1476,2018-11-07,Olympique Lyonnais,1899 Hoffenheim,2,2,round : 4,F,Olympique Lyon,1899 Hoffenheim,2,2,False,2018,4,Group,D,0,0,detailed_2005_2021
1477,2018-11-07,CSKA Moscow,Roma,1,2,round : 4,G,CSKA Moskva,AS Roma,1,2,False,2018,4,Group,A,0,-1,detailed_2005_2021
1478,2018-11-07,Viktoria Plzeň,Real Madrid,0,5,round : 4,G,Viktoria Plzeň,Real Madrid,0,5,False,2018,4,Group,A,0,-5,detailed_2005_2021
1479,2018-11-07,Valencia,Young Boys,3,1,round : 4,H,Valencia CF,BSC Young Boys,3,1,False,2018,4,Group,H,1,2,detailed_2005_2021
1480,2018-11-07,Juventus,Manchester United,1,2,round : 4,H,Juventus,Manchester United,1,2,False,2018,4,Group,A,0,-1,detailed_2005_2021
1481,2018-11-28,Atlético Madrid,AS Monaco,2,0,round : 5,A,Atlético Madrid,AS Monaco,2,0,False,2018,5,Group,H,1,2,detailed_2005_2021
1482,2018-11-28,Borussia Dortmund,Club Brugge,0,0,round : 5,A,Borussia Dortmund,Club Brugge KV,0,0,False,2018,5,Group,D,0,0,detailed_2005_2021
1483,2018-11-28,PSV Eindhoven,Barcelona,1,2,round : 5,B,PSV Eindhoven,FC Barcelona,1,2,False,2018,5,Group,A,0,-1,detailed_2005_2021
1484,2018-11-28,Tottenham,Inter,1,0,round : 5,B,Tottenham Hotspur,Inter Milan,1,0,False,2018,5,Group,H,1,1,detailed_2005_2021
1485,2018-11-28,Napoli,FK Crvena zvezda,3,1,round : 5,C,SSC Napoli,Crvena Zvezda,3,1,False,2018,5,Group,H,1,2,detailed_2005_2021
1486,2018-11-28,Paris Saint-Germain,Liverpool,2,1,round : 5,C,Paris Saint-Germain,Liverpool FC,2,1,False,2018,5,Group,H,1,1,detailed_2005_2021
1487,2018-11-28,Lokomotiv Moscow,Galatasaray,2,0,round : 5,D,Lokomotiv Moskva,Galatasaray,2,0,False,2018,5,Group,H,1,2,detailed_2005_2021
1488,2018-11-28,FC Porto,FC Schalke 04,3,1,round : 5,D,FC Porto,FC Schalke 04,3,1,False,2018,5,Group,H,1,2,detailed_2005_2021
1489,2018-11-27,AEK Athens,Ajax,0,2,round : 5,E,AEK Athen,AFC Ajax,0,2,False,2018,5,Group,A,0,-2,detailed_2005_2021
1490,2018-11-27,Bayern München,SL Benfica,5,1,round : 5,E,Bayern Munich,SL Benfica,5,1,False,2018,5,Group,H,1,4,detailed_2005_2021
1491,2018-11-27,1899 Hoffenheim,Shakhtar Donetsk,2,3,round : 5,F,1899 Hoffenheim,Shakhtar Donetsk,2,3,False,2018,5,Group,A,0,-1,detailed_2005_2021
1492,2018-11-27,Olympique Lyonnais,Manchester City,2,2,round : 5,F,Olympique Lyon,Manchester City,2,2,False,2018,5,Group,D,0,0,detailed_2005_2021
1493,2018-11-27,CSKA Moscow,Viktoria Plzeň,1,2,round : 5,G,CSKA Moskva,Viktoria Plzeň,1,2,False,2018,5,Group,A,0,-1,detailed_2005_2021
1494,2018-11-27,Roma,Real Madrid,0,2,round : 5,G,AS Roma,Real Madrid,0,2,False,2018,5,Group,A,0,-2,detailed_2005_2021
1495,2018-11-27,Juventus,Valencia,1,0,round : 5,H,Juventus,Valencia CF,1,0,False,2018,5,Group,H,1,1,detailed_2005_2021
1496,2018-11-27,Manchester United,Young Boys,1,0,round : 5,H,Manchester United,BSC Young Boys,1,0,False,2018,5,Group,H,1,1,detailed_2005_2021
1497,2019-02-12,Manchester United,Paris Saint-Germain,0,2,round : 18,,Manchester United,Paris Saint-Germain,0,2,False,2018,18,Knockout,A,0,-2,detailed_2005_2021
1498,2019-02-12,Roma,FC Porto,2,1,round : 18,,AS Roma,FC Porto,2,1,False,2018,18,Knockout,H,1,1,detailed_2005_2021
1499,2019-02-13,Ajax,Real Madrid,1,2,round : 18,,AFC Ajax,Real Madrid,1,2,False,2018,18,Knockout,A,0,-1,detailed_2005_2021
1500,2019-02-13,Tottenham,Borussia Dortmund,3,0,round : 18,,Tottenham Hotspur,Borussia Dortmund,3,0,False,2018,18,Knockout,H,1,3,detailed_2005_2021
1501,2019-02-19,Liverpool,Bayern München,0,0,round : 18,,Liverpool FC,Bayern Munich,0,0,False,2018,18,Knockout,D,0,0,detailed_2005_2021
1502,2019-02-19,Olympique Lyonnais,Barcelona,0,0,round : 18,,Olympique Lyon,FC Barcelona,0,0,False,2018,18,Knockout,D,0,0,detailed_2005_2021
1503,2019-02-20,Atlético Madrid,Juventus,2,0,round : 18,,Atlético Madrid,Juventus,2,0,False,2018,18,Knockout,H,1,2,detailed_2005_2021
1504,2019-02-20,FC Schalke 04,Manchester City,2,3,round : 18,,FC Schalke 04,Manchester City,2,3,False,2018,18,Knockout,A,0,-1,detailed_2005_2021
1505,2019-03-05,Borussia Dortmund,Tottenham,0,1,round : 18,,Borussia Dortmund,Tottenham Hotspur,0,1,False,2018,18,Knockout,A,0,-1,detailed_2005_2021
1506,2019-03-05,Real Madrid,Ajax,1,4,round : 18,,Real Madrid,AFC Ajax,1,4,False,2018,18,Knockout,A,0,-3,detailed_2005_2021
1507,2019-03-06,FC Porto,Roma,2(1),1(0),round : 18,,FC Porto,AS Roma,2,1,True,2018,18,Knockout,H,1,1,detailed_2005_2021
1508,2019-03-06,Paris Saint-Germain,Manchester United,1,3,round : 18,,Paris Saint-Germain,Manchester United,1,3,False,2018,18,Knockout,A,0,-2,detailed_2005_2021
1509,2019-03-12,Juventus,Atlético Madrid,3,0,round : 18,,Juventus,Atlético Madrid,3,0,False,2018,18,Knockout,H,1,3,detailed_2005_2021
1510,2019-03-12,Manchester City,FC Schalke 04,7,0,round : 18,,Manchester City,FC Schalke 04,7,0,False,2018,18,Knockout,H,1,7,detailed_2005_2021
1511,2019-03-13,Barcelona,Olympique Lyonnais,5,1,round : 18,,FC Barcelona,Olympique Lyon,5,1,False,2018,18,Knockout,H,1,4,detailed_2005_2021
1512,2019-03-13,Bayern München,Liverpool,1,3,round : 18,,Bayern Munich,Liverpool FC,1,3,False,2018,18,Knockout,A,0,-2,detailed_2005_2021
1513,2019-04-09,Liverpool,FC Porto,2,0,round : quarterfinals,,Liverpool FC,FC Porto,2,0,False,2018,quarterfinals,Knockout,H,1,2,detailed_2005_2021
1514,2019-04-09,Tottenham,Manchester City,1,0,round : quarterfinals,,Tottenham Hotspur,Manchester City,1,0,False,2018,quarterfinals,Knockout,H,1,1,detailed_2005_2021
1515,2019-04-10,Ajax,Juventus,1,1,round : quarterfinals,,AFC Ajax,Juventus,1,1,False,2018,quarterfinals,Knockout,D,0,0,detailed_2005_2021
1516,2019-04-10,Manchester United,Barcelona,0,1,round : quarterfinals,,Manchester United,FC Barcelona,0,1,False,2018,quarterfinals,Knockout,A,0,-1,detailed_2005_2021
1517,2019-04-16,Barcelona,Manchester United,3,0,round : quarterfinals,,FC Barcelona,Manchester United,3,0,False,2018,quarterfinals,Knockout,H,1,3,detailed_2005_2021
1518,2019-04-16,Juventus,Ajax,1,2,round : quarterfinals,,Juventus,AFC Ajax,1,2,False,2018,quarterfinals,Knockout,A,0,-1,detailed_2005_2021
1519,2019-04-17,FC Porto,Liverpool,1,4,round : quarterfinals,,FC Porto,Liverpool FC,1,4,False,2018,quarterfinals,Knockout,A,0,-3,detailed_2005_2021
1520,2019-04-17,Manchester City,Tottenham,4,3,round : quarterfinals,,Manchester City,Tottenham Hotspur,4,3,False,2018,quarterfinals,Knockout,H,1,1,detailed_2005_2021
1521,2019-04-30,Tottenham,Ajax,0,1,round : semifinals,,Tottenham Hotspur,AFC Ajax,0,1,False,2018,semifinals,Knockout,A,0,-1,detailed_2005_2021
1522,2019-05-01,Barcelona,Liverpool,3,0,round : semifinals,,FC Barcelona,Liverpool FC,3,0,False,2018,semifinals,Knockout,H,1,3,detailed_2005_2021
1523,2019-05-07,Liverpool,Barcelona,4,0,round : semifinals,,Liverpool FC,FC Barcelona,4,0,False,2018,semifinals,Knockout,H,1,4,detailed_2005_2021
1524,2019-05-08,Ajax,Tottenham,2,3,round : semifinals,,AFC Ajax,Tottenham Hotspur,2,3,False,2018,semifinals,Knockout,A,0,-1,detailed_2005_2021
1525,2019-06-01,Tottenham,Liverpool,0,2,round : final,,Tottenham Hotspur,Liverpool FC,0,2,False,2018,final,Knockout,A,0,-2,detailed_2005_2021
1526,2019-09-18,Club Brugge,Galatasaray,0,0,round : 1,A,Club Brugge KV,Galatasaray,0,0,False,2019,1,Group,D,0,0,detailed_2005_2021
1527,2019-09-18,Paris Saint-Germain,Real Madrid,3,0,round : 1,A,Paris Saint-Germain,Real Madrid,3,0,False,2019,1,Group,H,1,3,detailed_2005_2021
1528,2019-09-18,Olympiacos,Tottenham,2,2,round : 1,B,Olympiakos Piraeus,Tottenham Hotspur,2,2,False,2019,1,Group,D,0,0,detailed_2005_2021
1529,2019-09-18,Bayern München,FK Crvena zvezda,3,0,round : 1,B,Bayern Munich,Crvena Zvezda,3,0,False,2019,1,Group,H,1,3,detailed_2005_2021
1530,2019-09-18,GNK Dinamo Zagreb,Atalanta,4,0,round : 1,C,Dinamo Zagreb,Atalanta,4,0,False,2019,1,Group,H,1,4,detailed_2005_2021
1531,2019-09-18,Shakhtar Donetsk,Manchester City,0,3,round : 1,C,Shakhtar Donetsk,Manchester City,0,3,False,2019,1,Group,A,0,-3,detailed_2005_2021
1532,2019-09-18,Atlético Madrid,Juventus,2,2,round : 1,D,Atlético Madrid,Juventus,2,2,False,2019,1,Group,D,0,0,detailed_2005_2021
1533,2019-09-18,Bayer 04 Leverkusen,Lokomotiv Moscow,1,2,round : 1,D,Bayer Leverkusen,Lokomotiv Moskva,1,2,False,2019,1,Group,A,0,-1,detailed_2005_2021
1534,2019-09-17,Napoli,Liverpool,2,0,round : 1,E,SSC Napoli,Liverpool FC,2,0,False,2019,1,Group,H,1,2,detailed_2005_2021
1535,2019-09-17,Red Bull Salzburg,KRC Genk,6,2,round : 1,E,RB Salzburg,KRC Genk,6,2,False,2019,1,Group,H,1,4,detailed_2005_2021
1536,2019-09-17,Inter,Slavia Praha,1,1,round : 1,F,Inter Milan,Slavia Praha,1,1,False,2019,1,Group,D,0,0,detailed_2005_2021
1537,2019-09-17,Borussia Dortmund,Barcelona,0,0,round : 1,F,Borussia Dortmund,FC Barcelona,0,0,False,2019,1,Group,D,0,0,detailed_2005_2021
1538,2019-09-17,Olympique Lyonnais,Zenit St. Petersburg,1,1,round : 1,G,Olympique Lyon,Zenit St. Petersburg,1,1,False,2019,1,Group,D,0,0,detailed_2005_2021
1539,2019-09-17,SL Benfica,RB Leipzig,1,2,round : 1,G,SL Benfica,RB Leipzig,1,2,False,2019,1,Group,A,0,-1,detailed_2005_2021
1540,2019-09-17,Ajax,Lille OSC,3,0,round : 1,H,AFC Ajax,Lille OSC,3,0,False,2019,1,Group,H,1,3,detailed_2005_2021
1541,2019-09-17,Chelsea,Valencia,0,1,round : 1,H,Chelsea FC,Valencia CF,0,1,False,2019,1,Group,A,0,-1,detailed_2005_2021
1542,2019-10-01,Real Madrid,Club Brugge,2,2,round : 2,A,Real Madrid,Club Brugge KV,2,2,False,2019,2,Group,D,0,0,detailed_2005_2021
1543,2019-10-01,Galatasaray,Paris Saint-Germain,0,1,round : 2,A,Galatasaray,Paris Saint-Germain,0,1,False,2019,2,Group,A,0,-1,detailed_2005_2021
1544,2019-10-01,FK Crvena zvezda,Olympiacos,3,1,round : 2,B,Crvena Zvezda,Olympiakos Piraeus,3,1,False,2019,2,Group,H,1,2,detailed_2005_2021
1545,2019-10-01,Tottenham,Bayern München,2,7,round : 2,B,Tottenham Hotspur,Bayern Munich,2,7,False,2019,2,Group,A,0,-5,detailed_2005_2021
1546,2019-10-01,Atalanta,Shakhtar Donetsk,1,2,round : 2,C,Atalanta,Shakhtar Donetsk,1,2,False,2019,2,Group,A,0,-1,detailed_2005_2021
1547,2019-10-01,Manchester City,GNK Dinamo Zagreb,2,0,round : 2,C,Manchester City,Dinamo Zagreb,2,0,False,2019,2,Group,H,1,2,detailed_2005_2021
1548,2019-10-01,Juventus,Bayer 04 Leverkusen,3,0,round : 2,D,Juventus,Bayer Leverkusen,3,0,False,2019,2,Group,H,1,3,detailed_2005_2021
1549,2019-10-01,Lokomotiv Moscow,Atlético Madrid,0,2,round : 2,D,Lokomotiv Moskva,Atlético Madrid,0,2,False,2019,2,Group,A,0,-2,detailed_2005_2021
1550,2019-10-02,KRC Genk,Napoli,0,0,round : 2,E,KRC Genk,SSC Napoli,0,0,False,2019,2,Group,D,0,0,detailed_2005_2021
1551,2019-10-02,Liverpool,Red Bull Salzburg,4,3,round : 2,E,Liverpool FC,RB Salzburg,4,3,False,2019,2,Group,H,1,1,detailed_2005_2021
1552,2019-10-02,Slavia Praha,Borussia Dortmund,0,2,round : 2,F,Slavia Praha,Borussia Dortmund,0,2,False,2019,2,Group,A,0,-2,detailed_2005_2021
1553,2019-10-02,Barcelona,Inter,2,1,round : 2,F,FC Barcelona,Inter Milan,2,1,False,2019,2,Group,H,1,1,detailed_2005_2021
1554,2019-10-02,RB Leipzig,Olympique Lyonnais,0,2,round : 2,G,RB Leipzig,Olympique Lyon,0,2,False,2019,2,Group,A,0,-2,detailed_2005_2021
1555,2019-10-02,Zenit St. Petersburg,SL Benfica,3,1,round : 2,G,Zenit St. Petersburg,SL Benfica,3,1,False,2019,2,Group,H,1,2,detailed_2005_2021
1556,2019-10-02,Lille OSC,Chelsea,1,2,round : 2,H,Lille OSC,Chelsea FC,1,2,False,2019,2,Group,A,0,-1,detailed_2005_2021
1557,2019-10-02,Valencia,Ajax,0,3,round : 2,H,Valencia CF,AFC Ajax,0,3,False,2019,2,Group,A,0,-3,detailed_2005_2021
1558,2019-10-22,Club Brugge,Paris Saint-Germain,0,5,round : 3,A,Club Brugge KV,Paris Saint-Germain,0,5,False,2019,3,Group,A,0,-5,detailed_2005_2021
1559,2019-10-22,Galatasaray,Real Madrid,0,1,round : 3,A,Galatasaray,Real Madrid,0,1,False,2019,3,Group,A,0,-1,detailed_2005_2021
1560,2019-10-22,Olympiacos,Bayern München,2,3,round : 3,B,Olympiakos Piraeus,Bayern Munich,2,3,False,2019,3,Group,A,0,-1,detailed_2005_2021
1561,2019-10-22,Tottenham,FK Crvena zvezda,5,0,round : 3,B,Tottenham Hotspur,Crvena Zvezda,5,0,False,2019,3,Group,H,1,5,detailed_2005_2021
1562,2019-10-22,Shakhtar Donetsk,GNK Dinamo Zagreb,2,2,round : 3,C,Shakhtar Donetsk,Dinamo Zagreb,2,2,False,2019,3,Group,D,0,0,detailed_2005_2021
1563,2019-10-22,Manchester City,Atalanta,5,1,round : 3,C,Manchester City,Atalanta,5,1,False,2019,3,Group,H,1,4,detailed_2005_2021
1564,2019-10-22,Atlético Madrid,Bayer 04 Leverkusen,1,0,round : 3,D,Atlético Madrid,Bayer Leverkusen,1,0,False,2019,3,Group,H,1,1,detailed_2005_2021
1565,2019-10-22,Juventus,Lokomotiv Moscow,2,1,round : 3,D,Juventus,Lokomotiv Moskva,2,1,False,2019,3,Group,H,1,1,detailed_2005_2021
1566,2019-10-23,KRC Genk,Liverpool,1,4,round : 3,E,KRC Genk,Liverpool FC,1,4,False,2019,3,Group,A,0,-3,detailed_2005_2021
1567,2019-10-23,Red Bull Salzburg,Napoli,2,3,round : 3,E,RB Salzburg,SSC Napoli,2,3,False,2019,3,Group,A,0,-1,detailed_2005_2021
1568,2019-10-23,Inter,Borussia Dortmund,2,0,round : 3,F,Inter Milan,Borussia Dortmund,2,0,False,2019,3,Group,H,1,2,detailed_2005_2021
1569,2019-10-23,Slavia Praha,Barcelona,1,2,round : 3,F,Slavia Praha,FC Barcelona,1,2,False,2019,3,Group,A,0,-1,detailed_2005_2021
1570,2019-10-23,RB Leipzig,Zenit St. Petersburg,2,1,round : 3,G,RB Leipzig,Zenit St. Petersburg,2,1,False,2019,3,Group,H,1,1,detailed_2005_2021
1571,2019-10-23,SL Benfica,Olympique Lyonnais,2,1,round : 3,G,SL Benfica,Olympique Lyon,2,1,False,2019,3,Group,H,1,1,detailed_2005_2021
1572,2019-10-23,Ajax,Chelsea,0,1,round : 3,H,AFC Ajax,Chelsea FC,0,1,False,2019,3,Group,A,0,-1,detailed_2005_2021
1573,2019-10-23,Lille OSC,Valencia,1,1,round : 3,H,Lille OSC,Valencia CF,1,1,False,2019,3,Group,D,0,0,detailed_2005_2021
1574,2019-11-06,Paris Saint-Germain,Club Brugge,1,0,round : 4,A,Paris Saint-Germain,Club Brugge KV,1,0,False,2019,4,Group,H,1,1,detailed_2005_2021
1575,2019-11-06,Real Madrid,Galatasaray,6,0,round : 4,A,Real Madrid,Galatasaray,6,0,False,2019,4,Group,H,1,6,detailed_2005_2021
1576,2019-11-06,Bayern München,Olympiacos,2,0,round : 4,B,Bayern Munich,Olympiakos Piraeus,2,0,False,2019,4,Group,H,1,2,detailed_2005_2021
1577,2019-11-06,FK Crvena zvezda,Tottenham,0,4,round : 4,B,Crvena Zvezda,Tottenham Hotspur,0,4,False,2019,4,Group,A,0,-4,detailed_2005_2021
1578,2019-11-06,Atalanta,Manchester City,1,1,round : 4,C,Atalanta,Manchester City,1,1,False,2019,4,Group,D,0,0,detailed_2005_2021
1579,2019-11-06,GNK Dinamo Zagreb,Shakhtar Donetsk,3,3,round : 4,C,Dinamo Zagreb,Shakhtar Donetsk,3,3,False,2019,4,Group,D,0,0,detailed_2005_2021
1580,2019-11-06,Lokomotiv Moscow,Juventus,1,2,round : 4,D,Lokomotiv Moskva,Juventus,1,2,False,2019,4,Group,A,0,-1,detailed_2005_2021
1581,2019-11-06,Bayer 04 Leverkusen,Atlético Madrid,2,1,round : 4,D,Bayer Leverkusen,Atlético Madrid,2,1,False,2019,4,Group,H,1,1,detailed_2005_2021
1582,2019-11-05,Liverpool,KRC Genk,2,1,round : 4,E,Liverpool FC,KRC Genk,2,1,False,2019,4,Group,H,1,1,detailed_2005_2021
1583,2019-11-05,Napoli,Red Bull Salzburg,1,1,round : 4,E,SSC Napoli,RB Salzburg,1,1,False,2019,4,Group,D,0,0,detailed_2005_2021
1584,2019-11-05,Barcelona,Slavia Praha,0,0,round : 4,F,FC Barcelona,Slavia Praha,0,0,False,2019,4,Group,D,0,0,detailed_2005_2021
1585,2019-11-05,Borussia Dortmund,Inter,3,2,round : 4,F,Borussia Dortmund,Inter Milan,3,2,False,2019,4,Group,H,1,1,detailed_2005_2021
1586,2019-11-05,Zenit St. Petersburg,RB Leipzig,0,2,round : 4,G,Zenit St. Petersburg,RB Leipzig,0,2,False,2019,4,Group,A,0,-2,detailed_2005_2021
1587,2019-11-05,Olympique Lyonnais,SL Benfica,3,1,round : 4,G,Olympique Lyon,SL Benfica,3,1,False,2019,4,Group,H,1,2,detailed_2005_2021
1588,2019-11-05,Chelsea,Ajax,4,4,round : 4,H,Chelsea FC,AFC Ajax,4,4,False,2019,4,Group,D,0,0,detailed_2005_2021
1589,2019-11-05,Valencia,Lille OSC,4,1,round : 4,H,Valencia CF,Lille OSC,4,1,False,2019,4,Group,H,1,3,detailed_2005_2021
1590,2019-11-26,Galatasaray,Club Brugge,1,1,round : 5,A,Galatasaray,Club Brugge KV,1,1,False,2019,5,Group,D,0,0,detailed_2005_2021
1591,2019-11-26,Real Madrid,Paris Saint-Germain,2,2,round : 5,A,Real Madrid,Paris Saint-Germain,2,2,False,2019,5,Group,D,0,0,detailed_2005_2021
1592,2019-11-26,FK Crvena zvezda,Bayern München,0,6,round : 5,B,Crvena Zvezda,Bayern Munich,0,6,False,2019,5,Group,A,0,-6,detailed_2005_2021
1593,2019-11-26,Tottenham,Olympiacos,4,2,round : 5,B,Tottenham Hotspur,Olympiakos Piraeus,4,2,False,2019,5,Group,H,1,2,detailed_2005_2021
1594,2019-11-26,Atalanta,GNK Dinamo Zagreb,2,0,round : 5,C,Atalanta,Dinamo Zagreb,2,0,False,2019,5,Group,H,1,2,detailed_2005_2021
1595,2019-11-26,Manchester City,Shakhtar Donetsk,1,1,round : 5,C,Manchester City,Shakhtar Donetsk,1,1,False,2019,5,Group,D,0,0,detailed_2005_2021
1596,2019-11-26,Lokomotiv Moscow,Bayer 04 Leverkusen,0,2,round : 5,D,Lokomotiv Moskva,Bayer Leverkusen,0,2,False,2019,5,Group,A,0,-2,detailed_2005_2021
1597,2019-11-26,Juventus,Atlético Madrid,1,0,round : 5,D,Juventus,Atlético Madrid,1,0,False,2019,5,Group,H,1,1,detailed_2005_2021
1598,2019-11-27,KRC Genk,Red Bull Salzburg,1,4,round : 5,E,KRC Genk,RB Salzburg,1,4,False,2019,5,Group,A,0,-3,detailed_2005_2021
1599,2019-11-27,Liverpool,Napoli,1,1,round : 5,E,Liverpool FC,SSC Napoli,1,1,False,2019,5,Group,D,0,0,detailed_2005_2021
1600,2019-11-27,Barcelona,Borussia Dortmund,3,1,round : 5,F,FC Barcelona,Borussia Dortmund,3,1,False,2019,5,Group,H,1,2,detailed_2005_2021
1601,2019-11-27,Slavia Praha,Inter,1,3,round : 5,F,Slavia Praha,Inter Milan,1,3,False,2019,5,Group,A,0,-2,detailed_2005_2021
1602,2019-11-27,Zenit St. Petersburg,Olympique Lyonnais,2,0,round : 5,G,Zenit St. Petersburg,Olympique Lyon,2,0,False,2019,5,Group,H,1,2,detailed_2005_2021
1603,2019-11-27,RB Leipzig,SL Benfica,2,2,round : 5,G,RB Leipzig,SL Benfica,2,2,False,2019,5,Group,D,0,0,detailed_2005_2021
1604,2019-11-27,Valencia,Chelsea,2,2,round : 5,H,Valencia CF,Chelsea FC,2,2,False,2019,5,Group,D,0,0,detailed_2005_2021
1605,2019-11-27,Lille OSC,Ajax,0,2,round : 5,H,Lille OSC,AFC Ajax,0,2,False,2019,5,Group,A,0,-2,detailed_2005_2021
1606,2020-02-18,Atlético Madrid,Liverpool,1,0,round : 18,,Atlético Madrid,Liverpool FC,1,0,False,2019,18,Knockout,H,1,1,detailed_2005_2021
1607,2020-02-18,Borussia Dortmund,Paris Saint-Germain,2,1,round : 18,,Borussia Dortmund,Paris Saint-Germain,2,1,False,2019,18,Knockout,H,1,1,detailed_2005_2021
1608,2020-02-19,Atalanta,Valencia,4,1,round : 18,,Atalanta,Valencia CF,4,1,False,2019,18,Knockout,H,1,3,detailed_2005_2021
1609,2020-02-19,Tottenham,RB Leipzig,0,1,round : 18,,Tottenham Hotspur,RB Leipzig,0,1,False,2019,18,Knockout,A,0,-1,detailed_2005_2021
1610,2020-02-25,Chelsea,Bayern München,0,3,round : 18,,Chelsea FC,Bayern Munich,0,3,False,2019,18,Knockout,A,0,-3,detailed_2005_2021
1611,2020-02-25,Napoli,Barcelona,1,1,round : 18,,SSC Napoli,FC Barcelona,1,1,False,2019,18,Knockout,D,0,0,detailed_2005_2021
1612,2020-02-26,Olympique Lyonnais,Juventus,1,0,round : 18,,Olympique Lyon,Juventus,1,0,False,2019,18,Knockout,H,1,1,detailed_2005_2021
1613,2020-02-26,Real Madrid,Manchester City,1,2,round : 18,,Real Madrid,Manchester City,1,2,False,2019,18,Knockout,A,0,-1,detailed_2005_2021
1614,2020-03-10,RB Leipzig,Tottenham,3,0,round : 18,,RB Leipzig,Tottenham Hotspur,3,0,False,2019,18,Knockout,H,1,3,detailed_2005_2021
1615,2020-03-10,Valencia,Atalanta,3,4,round : 18,,Valencia CF,Atalanta,3,4,False,2019,18,Knockout,A,0,-1,detailed_2005_2021
1616,2020-03-11,Liverpool,Atlético Madrid,1(1),0(3),round : 18,,Liverpool FC,Atlético Madrid,1,0,True,2019,18,Knockout,H,1,1,detailed_2005_2021
1617,2020-03-11,Paris Saint-Germain,Borussia Dortmund,2,0,round : 18,,Paris Saint-Germain,Borussia Dortmund,2,0,False,2019,18,Knockout,H,1,2,detailed_2005_2021
1618,2020-08-07,Juventus,Olympique Lyonnais,2,1,round : 18,,Juventus,Olympique Lyon,2,1,False,2020,18,Knockout,H,1,1,detailed_2005_2021
1619,2020-08-07,Manchester City,Real Madrid,2,1,round : 18,,Manchester City,Real Madrid,2,1,False,2020,18,Knockout,H,1,1,detailed_2005_2021
1620,2020-08-08,Barcelona,Napoli,3,1,round : 18,,FC Barcelona,SSC Napoli,3,1,False,2020,18,Knockout,H,1,2,detailed_2005_2021
1621,2020-08-08,Bayern München,Chelsea,4,1,round : 18,,Bayern Munich,Chelsea FC,4,1,False,2020,18,Knockout,H,1,3,detailed_2005_2021
1622,2020-08-12,Atalanta,Paris Saint-Germain,1,2,round : quarterfinals,,Atalanta,Paris Saint-Germain,1,2,False,2020,quarterfinals,Knockout,A,0,-1,detailed_2005_2021
1623,2020-08-13,RB Leipzig,Atlético Madrid,2,1,round : quarterfinals,,RB Leipzig,Atlético Madrid,2,1,False,2020,quarterfinals,Knockout,H,1,1,detailed_2005_2021
1624,2020-08-14,Barcelona,Bayern München,2,8,round : quarterfinals,,FC Barcelona,Bayern Munich,2,8,False,2020,quarterfinals,Knockout,A,0,-6,detailed_2005_2021
1625,2020-08-15,Manchester City,Olympique Lyonnais,1,3,round : quarterfinals,,Manchester City,Olympique Lyon,1,3,False,2020,quarterfinals,Knockout,A,0,-2,detailed_2005_2021
1626,2020-08-18,RB Leipzig,Paris Saint-Germain,0,3,round : semifinals,,RB Leipzig,Paris Saint-Germain,0,3,False,2020,semifinals,Knockout,A,0,-3,detailed_2005_2021
1627,2020-08-19,Olympique Lyonnais,Bayern München,0,3,round : semifinals,,Olympique Lyon,Bayern Munich,0,3,False,2020,semifinals,Knockout,A,0,-3,detailed_2005_2021
1628,2020-08-23,Paris Saint-Germain,Bayern München,0,1,round : final,,Paris Saint-Germain,Bayern Munich,0,1,False,2020,final,Knockout,A,0,-1,detailed_2005_2021
1629,2020-10-21,Red Bull Salzburg,Lokomotiv Moscow,2,2,round : 1,A,RB Salzburg,Lokomotiv Moskva,2,2,False,2020,1,Group,D,0,0,detailed_2005_2021
1630,2020-10-21,Bayern München,Atlético Madrid,4,0,round : 1,A,Bayern Munich,Atlético Madrid,4,0,False,2020,1,Group,H,1,4,detailed_2005_2021
1631,2020-10-21,Real Madrid,Shakhtar Donetsk,2,3,round : 1,B,Real Madrid,Shakhtar Donetsk,2,3,False,2020,1,Group,A,0,-1,detailed_2005_2021
1632,2020-10-21,Inter,Borussia M'gladbach,2,2,round : 1,B,Inter Milan,Bor. Mönchengladbach,2,2,False,2020,1,Group,D,0,0,detailed_2005_2021
1633,2020-10-21,Manchester City,FC Porto,3,1,round : 1,C,Manchester City,FC Porto,3,1,False,2020,1,Group,H,1,2,detailed_2005_2021
1634,2020-10-21,Olympiacos,Olympique de Marseille,1,0,round : 1,C,Olympiakos Piraeus,Olympique Marseille,1,0,False,2020,1,Group,H,1,1,detailed_2005_2021
1635,2020-10-21,Ajax,Liverpool,0,1,round : 1,D,AFC Ajax,Liverpool FC,0,1,False,2020,1,Group,A,0,-1,detailed_2005_2021
1636,2020-10-21,FC Midtjylland,Atalanta,0,4,round : 1,D,FC Midtjylland,Atalanta,0,4,False,2020,1,Group,A,0,-4,detailed_2005_2021
1637,2020-10-20,Chelsea,Sevilla,0,0,round : 1,E,Chelsea FC,Sevilla FC,0,0,False,2020,1,Group,D,0,0,detailed_2005_2021
1638,2020-10-20,Stade Rennais,FC Krasnodar,1,1,round : 1,E,Stade Rennais,FK Krasnodar,1,1,False,2020,1,Group,D,0,0,detailed_2005_2021
1639,2020-10-20,Zenit St. Petersburg,Club Brugge,1,2,round : 1,F,Zenit St. Petersburg,Club Brugge KV,1,2,False,2020,1,Group,A,0,-1,detailed_2005_2021
1640,2020-10-20,Lazio,Borussia Dortmund,3,1,round : 1,F,Lazio Roma,Borussia Dortmund,3,1,False,2020,1,Group,H,1,2,detailed_2005_2021
1641,2020-10-20,Dynamo Kyiv,Juventus,0,2,round : 1,G,Dinamo Kiev,Juventus,0,2,False,2020,1,Group,A,0,-2,detailed_2005_2021
1642,2020-10-20,Barcelona,Ferencvárosi TC,5,1,round : 1,G,FC Barcelona,Ferencvárosi TC,5,1,False,2020,1,Group,H,1,4,detailed_2005_2021
1643,2020-10-20,Paris Saint-Germain,Manchester United,1,2,round : 1,H,Paris Saint-Germain,Manchester United,1,2,False,2020,1,Group,A,0,-1,detailed_2005_2021
1644,2020-10-20,RB Leipzig,Başakşehir FK,2,0,round : 1,H,RB Leipzig,İstanbul Başakşehir,2,0,False,2020,1,Group,H,1,2,detailed_2005_2021
1645,2020-10-27,Lokomotiv Moscow,Bayern München,1,2,round : 2,A,Lokomotiv Moskva,Bayern Munich,1,2,False,2020,2,Group,A,0,-1,detailed_2005_2021
1646,2020-10-27,Atlético Madrid,Red Bull Salzburg,3,2,round : 2,A,Atlético Madrid,RB Salzburg,3,2,False,2020,2,Group,H,1,1,detailed_2005_2021
1647,2020-10-27,Shakhtar Donetsk,Inter,0,0,round : 2,B,Shakhtar Donetsk,Inter Milan,0,0,False,2020,2,Group,D,0,0,detailed_2005_2021
1648,2020-10-27,Borussia M'gladbach,Real Madrid,2,2,round : 2,B,Bor. Mönchengladbach,Real Madrid,2,2,False,2020,2,Group,D,0,0,detailed_2005_2021
1649,2020-10-27,FC Porto,Olympiacos,2,0,round : 2,C,FC Porto,Olympiakos Piraeus,2,0,False,2020,2,Group,H,1,2,detailed_2005_2021
1650,2020-10-27,Olympique de Marseille,Manchester City,0,3,round : 2,C,Olympique Marseille,Manchester City,0,3,False,2020,2,Group,A,0,-3,detailed_2005_2021
1651,2020-10-27,Atalanta,Ajax,2,2,round : 2,D,Atalanta,AFC Ajax,2,2,False,2020,2,Group,D,0,0,detailed_2005_2021
1652,2020-10-27,Liverpool,FC Midtjylland,2,0,round : 2,D,Liverpool FC,FC Midtjylland,2,0,False,2020,2,Group,H,1,2,detailed_2005_2021
1653,2020-10-28,FC Krasnodar,Chelsea,0,4,round : 2,E,FK Krasnodar,Chelsea FC,0,4,False,2020,2,Group,A,0,-4,detailed_2005_2021
1654,2020-10-28,Sevilla,Stade Rennais,1,0,round : 2,E,Sevilla FC,Stade Rennais,1,0,False,2020,2,Group,H,1,1,detailed_2005_2021
1655,2020-10-28,Borussia Dortmund,Zenit St. Petersburg,2,0,round : 2,F,Borussia Dortmund,Zenit St. Petersburg,2,0,False,2020,2,Group,H,1,2,detailed_2005_2021
1656,2020-10-28,Club Brugge,Lazio,1,1,round : 2,F,Club Brugge KV,Lazio Roma,1,1,False,2020,2,Group,D,0,0,detailed_2005_2021
1657,2020-10-28,Ferencvárosi TC,Dynamo Kyiv,2,2,round : 2,G,Ferencvárosi TC,Dinamo Kiev,2,2,False,2020,2,Group,D,0,0,detailed_2005_2021
1658,2020-10-28,Juventus,Barcelona,0,2,round : 2,G,Juventus,FC Barcelona,0,2,False,2020,2,Group,A,0,-2,detailed_2005_2021
1659,2020-10-28,Başakşehir FK,Paris Saint-Germain,0,2,round : 2,H,İstanbul Başakşehir,Paris Saint-Germain,0,2,False,2020,2,Group,A,0,-2,detailed_2005_2021
1660,2020-10-28,Manchester United,RB Leipzig,5,0,round : 2,H,Manchester United,RB Leipzig,5,0,False,2020,2,Group,H,1,5,detailed_2005_2021
1661,2020-11-03,Lokomotiv Moscow,Atlético Madrid,1,1,round : 3,A,Lokomotiv Moskva,Atlético Madrid,1,1,False,2020,3,Group,D,0,0,detailed_2005_2021
1662,2020-11-03,Red Bull Salzburg,Bayern München,2,6,round : 3,A,RB Salzburg,Bayern Munich,2,6,False,2020,3,Group,A,0,-4,detailed_2005_2021
1663,2020-11-03,Shakhtar Donetsk,Borussia M'gladbach,0,6,round : 3,B,Shakhtar Donetsk,Bor. Mönchengladbach,0,6,False,2020,3,Group,A,0,-6,detailed_2005_2021
1664,2020-11-03,Real Madrid,Inter,3,2,round : 3,B,Real Madrid,Inter Milan,3,2,False,2020,3,Group,H,1,1,detailed_2005_2021
1665,2020-11-03,FC Porto,Olympique de Marseille,3,0,round : 3,C,FC Porto,Olympique Marseille,3,0,False,2020,3,Group,H,1,3,detailed_2005_2021
1666,2020-11-03,Manchester City,Olympiacos,3,0,round : 3,C,Manchester City,Olympiakos Piraeus,3,0,False,2020,3,Group,H,1,3,detailed_2005_2021
1667,2020-11-03,Atalanta,Liverpool,0,5,round : 3,D,Atalanta,Liverpool FC,0,5,False,2020,3,Group,A,0,-5,detailed_2005_2021
1668,2020-11-03,FC Midtjylland,Ajax,1,2,round : 3,D,FC Midtjylland,AFC Ajax,1,2,False,2020,3,Group,A,0,-1,detailed_2005_2021
1669,2020-11-04,Chelsea,Stade Rennais,3,0,round : 3,E,Chelsea FC,Stade Rennais,3,0,False,2020,3,Group,H,1,3,detailed_2005_2021
1670,2020-11-04,Sevilla,FC Krasnodar,3,2,round : 3,E,Sevilla FC,FK Krasnodar,3,2,False,2020,3,Group,H,1,1,detailed_2005_2021
1671,2020-11-04,Zenit St. Petersburg,Lazio,1,1,round : 3,F,Zenit St. Petersburg,Lazio Roma,1,1,False,2020,3,Group,D,0,0,detailed_2005_2021
1672,2020-11-04,Club Brugge,Borussia Dortmund,0,3,round : 3,F,Club Brugge KV,Borussia Dortmund,0,3,False,2020,3,Group,A,0,-3,detailed_2005_2021
1673,2020-11-04,Barcelona,Dynamo Kyiv,2,1,round : 3,G,FC Barcelona,Dinamo Kiev,2,1,False,2020,3,Group,H,1,1,detailed_2005_2021
1674,2020-11-04,Ferencvárosi TC,Juventus,1,4,round : 3,G,Ferencvárosi TC,Juventus,1,4,False,2020,3,Group,A,0,-3,detailed_2005_2021
1675,2020-11-04,Başakşehir FK,Manchester United,2,1,round : 3,H,İstanbul Başakşehir,Manchester United,2,1,False,2020,3,Group,H,1,1,detailed_2005_2021
1676,2020-11-04,RB Leipzig,Paris Saint-Germain,2,1,round : 3,H,RB Leipzig,Paris Saint-Germain,2,1,False,2020,3,Group,H,1,1,detailed_2005_2021
1677,2020-11-25,Atlético Madrid,Lokomotiv Moscow,0,0,round : 4,A,Atlético Madrid,Lokomotiv Moskva,0,0,False,2020,4,Group,D,0,0,detailed_2005_2021
1678,2020-11-25,Bayern München,Red Bull Salzburg,3,1,round : 4,A,Bayern Munich,RB Salzburg,3,1,False,2020,4,Group,H,1,2,detailed_2005_2021
1679,2020-11-25,Borussia M'gladbach,Shakhtar Donetsk,4,0,round : 4,B,Bor. Mönchengladbach,Shakhtar Donetsk,4,0,False,2020,4,Group,H,1,4,detailed_2005_2021
1680,2020-11-25,Inter,Real Madrid,0,2,round : 4,B,Inter Milan,Real Madrid,0,2,False,2020,4,Group,A,0,-2,detailed_2005_2021
1681,2020-11-25,Olympiacos,Manchester City,0,1,round : 4,C,Olympiakos Piraeus,Manchester City,0,1,False,2020,4,Group,A,0,-1,detailed_2005_2021
1682,2020-11-25,Olympique de Marseille,FC Porto,0,2,round : 4,C,Olympique Marseille,FC Porto,0,2,False,2020,4,Group,A,0,-2,detailed_2005_2021
1683,2020-11-25,Ajax,FC Midtjylland,3,1,round : 4,D,AFC Ajax,FC Midtjylland,3,1,False,2020,4,Group,H,1,2,detailed_2005_2021
1684,2020-11-25,Liverpool,Atalanta,0,2,round : 4,D,Liverpool FC,Atalanta,0,2,False,2020,4,Group,A,0,-2,detailed_2005_2021
1685,2020-11-24,FC Krasnodar,Sevilla,1,2,round : 4,E,FK Krasnodar,Sevilla FC,1,2,False,2020,4,Group,A,0,-1,detailed_2005_2021
1686,2020-11-24,Stade Rennais,Chelsea,1,2,round : 4,E,Stade Rennais,Chelsea FC,1,2,False,2020,4,Group,A,0,-1,detailed_2005_2021
1687,2020-11-24,Borussia Dortmund,Club Brugge,3,0,round : 4,F,Borussia Dortmund,Club Brugge KV,3,0,False,2020,4,Group,H,1,3,detailed_2005_2021
1688,2020-11-24,Lazio,Zenit St. Petersburg,3,1,round : 4,F,Lazio Roma,Zenit St. Petersburg,3,1,False,2020,4,Group,H,1,2,detailed_2005_2021
1689,2020-11-24,Dynamo Kyiv,Barcelona,0,4,round : 4,G,Dinamo Kiev,FC Barcelona,0,4,False,2020,4,Group,A,0,-4,detailed_2005_2021
1690,2020-11-24,Juventus,Ferencvárosi TC,2,1,round : 4,G,Juventus,Ferencvárosi TC,2,1,False,2020,4,Group,H,1,1,detailed_2005_2021
1691,2020-11-24,Manchester United,Başakşehir FK,4,1,round : 4,H,Manchester United,İstanbul Başakşehir,4,1,False,2020,4,Group,H,1,3,detailed_2005_2021
1692,2020-11-24,Paris Saint-Germain,RB Leipzig,1,0,round : 4,H,Paris Saint-Germain,RB Leipzig,1,0,False,2020,4,Group,H,1,1,detailed_2005_2021
1693,2020-12-01,Lokomotiv Moscow,Red Bull Salzburg,1,3,round : 5,A,Lokomotiv Moskva,RB Salzburg,1,3,False,2020,5,Group,A,0,-2,detailed_2005_2021
1694,2020-12-01,Atlético Madrid,Bayern München,1,1,round : 5,A,Atlético Madrid,Bayern Munich,1,1,False,2020,5,Group,D,0,0,detailed_2005_2021
1695,2020-12-01,Shakhtar Donetsk,Real Madrid,2,0,round : 5,B,Shakhtar Donetsk,Real Madrid,2,0,False,2020,5,Group,H,1,2,detailed_2005_2021
1696,2020-12-01,Borussia M'gladbach,Inter,2,3,round : 5,B,Bor. Mönchengladbach,Inter Milan,2,3,False,2020,5,Group,A,0,-1,detailed_2005_2021
1697,2020-12-01,FC Porto,Manchester City,0,0,round : 5,C,FC Porto,Manchester City,0,0,False,2020,5,Group,D,0,0,detailed_2005_2021
1698,2020-12-01,Olympique de Marseille,Olympiacos,2,1,round : 5,C,Olympique Marseille,Olympiakos Piraeus,2,1,False,2020,5,Group,H,1,1,detailed_2005_2021
1699,2020-12-01,Atalanta,FC Midtjylland,1,1,round : 5,D,Atalanta,FC Midtjylland,1,1,False,2020,5,Group,D,0,0,detailed_2005_2021
1700,2020-12-01,Liverpool,Ajax,1,0,round : 5,D,Liverpool FC,AFC Ajax,1,0,False,2020,5,Group,H,1,1,detailed_2005_2021
1701,2020-12-02,FC Krasnodar,Stade Rennais,1,0,round : 5,E,FK Krasnodar,Stade Rennais,1,0,False,2020,5,Group,H,1,1,detailed_2005_2021
1702,2020-12-02,Sevilla,Chelsea,0,4,round : 5,E,Sevilla FC,Chelsea FC,0,4,False,2020,5,Group,A,0,-4,detailed_2005_2021
1703,2020-12-02,Borussia Dortmund,Lazio,1,1,round : 5,F,Borussia Dortmund,Lazio Roma,1,1,False,2020,5,Group,D,0,0,detailed_2005_2021
1704,2020-12-02,Club Brugge,Zenit St. Petersburg,3,0,round : 5,F,Club Brugge KV,Zenit St. Petersburg,3,0,False,2020,5,Group,H,1,3,detailed_2005_2021
1705,2020-12-02,Ferencvárosi TC,Barcelona,0,3,round : 5,G,Ferencvárosi TC,FC Barcelona,0,3,False,2020,5,Group,A,0,-3,detailed_2005_2021
1706,2020-12-02,Juventus,Dynamo Kyiv,3,0,round : 5,G,Juventus,Dinamo Kiev,3,0,False,2020,5,Group,H,1,3,detailed_2005_2021
1707,2020-12-02,Başakşehir FK,RB Leipzig,3,4,round : 5,H,İstanbul Başakşehir,RB Leipzig,3,4,False,2020,5,Group,A,0,-1,detailed_2005_2021
1708,2020-12-02,Manchester United,Paris Saint-Germain,1,3,round : 5,H,Manchester United,Paris Saint-Germain,1,3,False,2020,5,Group,A,0,-2,detailed_2005_2021
1709,2021-02-16,Barcelona,Paris Saint-Germain,1,4,round : 18,,FC Barcelona,Paris Saint-Germain,1,4,False,2020,18,Knockout,A,0,-3,detailed_2005_2021
1710,2021-02-16,RB Leipzig,Liverpool,0,2,round : 18,,RB Leipzig,Liverpool FC,0,2,False,2020,18,Knockout,A,0,-2,detailed_2005_2021
1711,2021-02-17,FC Porto,Juventus,2,1,round : 18,,FC Porto,Juventus,2,1,False,2020,18,Knockout,H,1,1,detailed_2005_2021
1712,2021-02-17,Sevilla,Borussia Dortmund,2,3,round : 18,,Sevilla FC,Borussia Dortmund,2,3,False,2020,18,Knockout,A,0,-1,detailed_2005_2021
1713,2021-02-23,Atlético Madrid,Chelsea,0,1,round : 18,,Atlético Madrid,Chelsea FC,0,1,False,2020,18,Knockout,A,0,-1,detailed_2005_2021
1714,2021-02-23,Lazio,Bayern München,1,4,round : 18,,Lazio Roma,Bayern Munich,1,4,False,2020,18,Knockout,A,0,-3,detailed_2005_2021
1715,2021-02-24,Atalanta,Real Madrid,0,1,round : 18,,Atalanta,Real Madrid,0,1,False,2020,18,Knockout,A,0,-1,detailed_2005_2021
1716,2021-02-24,Borussia M'gladbach,Manchester City,0,2,round : 18,,Bor. Mönchengladbach,Manchester City,0,2,False,2020,18,Knockout,A,0,-2,detailed_2005_2021
1717,2021-03-09,Borussia Dortmund,Sevilla,2,2,round : 18,,Borussia Dortmund,Sevilla FC,2,2,False,2020,18,Knockout,D,0,0,detailed_2005_2021
1718,2021-03-09,Juventus,FC Porto,2(1),1(1),round : 18,,Juventus,FC Porto,2,1,True,2020,18,Knockout,H,1,1,detailed_2005_2021
1719,2021-03-10,Liverpool,RB Leipzig,2,0,round : 18,,Liverpool FC,RB Leipzig,2,0,False,2020,18,Knockout,H,1,2,detailed_2005_2021
1720,2021-03-10,Paris Saint-Germain,Barcelona,1,1,round : 18,,Paris Saint-Germain,FC Barcelona,1,1,False,2020,18,Knockout,D,0,0,detailed_2005_2021
1721,2021-03-16,Manchester City,Borussia M'gladbach,2,0,round : 18,,Manchester City,Bor. Mönchengladbach,2,0,False,2020,18,Knockout,H,1,2,detailed_2005_2021
1722,2021-03-16,Real Madrid,Atalanta,3,1,round : 18,,Real Madrid,Atalanta,3,1,False,2020,18,Knockout,H,1,2,detailed_2005_2021
1723,2021-03-17,Bayern München,Lazio,2,1,round : 18,,Bayern Munich,Lazio Roma,2,1,False,2020,18,Knockout,H,1,1,detailed_2005_2021
1724,2021-03-17,Chelsea,Atlético Madrid,2,0,round : 18,,Chelsea FC,Atlético Madrid,2,0,False,2020,18,Knockout,H,1,2,detailed_2005_2021
1725,2021-04-06,Manchester City,Borussia Dortmund,2,1,round : quarterfinals,,Manchester City,Borussia Dortmund,2,1,False,2020,quarterfinals,Knockout,H,1,1,detailed_2005_2021
1726,2021-04-06,Real Madrid,Liverpool,3,1,round : quarterfinals,,Real Madrid,Liverpool FC,3,1,False,2020,quarterfinals,Knockout,H,1,2,detailed_2005_2021
1727,2021-04-07,Bayern München,Paris Saint-Germain,2,3,round : quarterfinals,,Bayern Munich,Paris Saint-Germain,2,3,False,2020,quarterfinals,Knockout,A,0,-1,detailed_2005_2021
1728,2021-04-07,FC Porto,Chelsea,0,2,round : quarterfinals,,FC Porto,Chelsea FC,0,2,False,2020,quarterfinals,Knockout,A,0,-2,detailed_2005_2021
1729,2021-04-13,Chelsea,FC Porto,0,1,round : quarterfinals,,Chelsea FC,FC Porto,0,1,False,2020,quarterfinals,Knockout,A,0,-1,detailed_2005_2021
1730,2021-04-13,Paris Saint-Germain,Bayern München,0,1,round : quarterfinals,,Paris Saint-Germain,Bayern Munich,0,1,False,2020,quarterfinals,Knockout,A,0,-1,detailed_2005_2021
1731,2021-04-14,Borussia Dortmund,Manchester City,1,2,round : quarterfinals,,Borussia Dortmund,Manchester City,1,2,False,2020,quarterfinals,Knockout,A,0,-1,detailed_2005_2021
1732,2021-04-14,Liverpool,Real Madrid,0,0,round : quarterfinals,,Liverpool FC,Real Madrid,0,0,False,2020,quarterfinals,Knockout,D,0,0,detailed_2005_2021
1733,2021-04-27,Real Madrid,Chelsea,1,1,round : semifinals,,Real Madrid,Chelsea FC,1,1,False,2020,semifinals,Knockout,D,0,0,detailed_2005_2021
1734,2021-04-28,Paris Saint-Germain,Manchester City,1,2,round : semifinals,,Paris Saint-Germain,Manchester City,1,2,False,2020,semifinals,Knockout,A,0,-1,detailed_2005_2021
1735,2021-05-04,Manchester City,Paris Saint-Germain,2,0,round : semifinals,,Manchester City,Paris Saint-Germain,2,0,False,2020,semifinals,Knockout,H,1,2,detailed_2005_2021
1736,2021-05-05,Chelsea,Real Madrid,2,0,round : semifinals,,Chelsea FC,Real Madrid,2,0,False,2020,semifinals,Knockout,H,1,2,detailed_2005_2021
1737,2021-05-29,Manchester City,Chelsea,0,1,round : final,,Manchester City,Chelsea FC,0,1,False,2020,final,Knockout,A,0,-1,detailed_2005_2021
